household_id,month,household_size,region,income_group,ev_adoption_month,ev_cohort,post_adoption,months_since_adoption,avg_temperature_c,electricity_kwh
H001,2021-01-01,3,Seoul,Middle,2024-09-01,2024Q3,0,-44,0.77,237.4
H002,2021-01-01,1,Daegu,Low,2022-09-01,2022Q3,0,-20,0.77,226.33
H003,2021-01-01,3,Gyeonggi,Middle,,,0,,0.77,266.9
H004,2021-01-01,2,Seoul,High,2023-06-01,2023Q2,0,-29,0.77,257.49
H005,2021-01-01,2,Gyeonggi,High,2023-10-01,2023Q4,0,-33,0.77,284.75
H006,2021-01-01,2,Seoul,Middle,,,0,,0.77,259.1
H007,2021-01-01,5,Daegu,Low,,,0,,0.77,282.56
H008,2021-01-01,2,Gyeonggi,Middle,2022-05-01,2022Q2,0,-16,0.77,280.86
H009,2021-01-01,5,Gyeonggi,High,,,0,,0.77,350.37
H010,2021-01-01,2,Busan,Low,2024-11-01,2024Q4,0,-46,0.77,234.55
H011,2021-01-01,1,Gyeonggi,Middle,2024-12-01,2024Q4,0,-47,0.77,192.3
H012,2021-01-01,3,Busan,High,,,0,,0.77,338.96
H013,2021-01-01,2,Seoul,High,,,0,,0.77,252.41
H014,2021-01-01,3,Busan,Low,,,0,,0.77,254.92
H015,2021-01-01,4,Daegu,Low,,,0,,0.77,317.63
H016,2021-01-01,4,Daegu,High,2022-03-01,2022Q1,0,-14,0.77,374.7
H017,2021-01-01,3,Seoul,High,2024-07-01,2024Q3,0,-42,0.77,311.47
H018,2021-01-01,3,Daegu,Middle,,,0,,0.77,258.3
H019,2021-01-01,3,Seoul,Middle,,,0,,0.77,329.76
H020,2021-01-01,4,Busan,Low,,,0,,0.77,369.68
H021,2021-01-01,3,Busan,High,2024-05-01,2024Q2,0,-40,0.77,323.27
H022,2021-01-01,4,Gyeonggi,Low,,,0,,0.77,290.03
H023,2021-01-01,3,Seoul,Middle,2023-04-01,2023Q2,0,-27,0.77,241.38
H024,2021-01-01,1,Seoul,Low,,,0,,0.77,303.82
H025,2021-01-01,1,Gyeonggi,Low,2024-07-01,2024Q3,0,-42,0.77,159.77
H026,2021-01-01,5,Gyeonggi,Middle,2024-11-01,2024Q4,0,-46,0.77,333.38
H027,2021-01-01,2,Daegu,Low,,,0,,0.77,224.37
H028,2021-01-01,2,Gyeonggi,Low,,,0,,0.77,302.78
H029,2021-01-01,1,Seoul,High,2024-08-01,2024Q3,0,-43,0.77,256.45
H030,2021-01-01,2,Gyeonggi,Middle,,,0,,0.77,213.24
H031,2021-01-01,3,Gyeonggi,High,2023-06-01,2023Q2,0,-29,0.77,311.48
H032,2021-01-01,3,Daegu,High,2024-11-01,2024Q4,0,-46,0.77,293.75
H033,2021-01-01,1,Daegu,Middle,2024-08-01,2024Q3,0,-43,0.77,215.66
H034,2021-01-01,1,Gyeonggi,Low,2022-08-01,2022Q3,0,-19,0.77,176.66
H035,2021-01-01,4,Seoul,Low,,,0,,0.77,321.43
H036,2021-01-01,5,Gyeonggi,Low,,,0,,0.77,317.33
H037,2021-01-01,2,Daegu,High,2023-05-01,2023Q2,0,-28,0.77,267.28
H038,2021-01-01,3,Daegu,Low,2022-10-01,2022Q4,0,-21,0.77,254.76
H039,2021-01-01,4,Seoul,Middle,,,0,,0.77,351.93
H040,2021-01-01,4,Gyeonggi,Low,,,0,,0.77,287.45
H041,2021-01-01,4,Seoul,Middle,2024-04-01,2024Q2,0,-39,0.77,258.15
H042,2021-01-01,3,Seoul,Middle,2024-10-01,2024Q4,0,-45,0.77,246.89
H043,2021-01-01,3,Busan,Low,2024-11-01,2024Q4,0,-46,0.77,288.95
H044,2021-01-01,2,Busan,High,,,0,,0.77,230.36
H045,2021-01-01,1,Seoul,Low,,,0,,0.77,273.14
H046,2021-01-01,4,Gyeonggi,Middle,2024-12-01,2024Q4,0,-47,0.77,338.61
H047,2021-01-01,2,Seoul,Middle,2022-05-01,2022Q2,0,-16,0.77,175.05
H048,2021-01-01,1,Seoul,Middle,2023-10-01,2023Q4,0,-33,0.77,185.83
H049,2021-01-01,2,Busan,Low,,,0,,0.77,226.39
H050,2021-01-01,4,Seoul,Low,,,0,,0.77,255.87
H051,2021-01-01,2,Seoul,Middle,2023-09-01,2023Q3,0,-32,0.77,349.83
H052,2021-01-01,4,Seoul,Low,,,0,,0.77,318.24
H053,2021-01-01,3,Gyeonggi,Middle,2022-01-01,2022Q1,0,-12,0.77,313.08
H054,2021-01-01,2,Seoul,High,2022-11-01,2022Q4,0,-22,0.77,278.98
H055,2021-01-01,1,Daegu,High,2022-03-01,2022Q1,0,-14,0.77,235.21
H056,2021-01-01,4,Seoul,Low,,,0,,0.77,222.93
H057,2021-01-01,4,Daegu,High,2024-02-01,2024Q1,0,-37,0.77,341.82
H058,2021-01-01,2,Seoul,High,2023-06-01,2023Q2,0,-29,0.77,247.43
H059,2021-01-01,2,Gyeonggi,Low,2022-05-01,2022Q2,0,-16,0.77,253.14
H060,2021-01-01,2,Daegu,Middle,,,0,,0.77,230.63
H061,2021-01-01,2,Seoul,Low,,,0,,0.77,220.96
H062,2021-01-01,2,Seoul,Middle,2023-07-01,2023Q3,0,-30,0.77,249.46
H063,2021-01-01,3,Seoul,Middle,,,0,,0.77,247.89
H064,2021-01-01,1,Gyeonggi,Middle,2024-06-01,2024Q2,0,-41,0.77,165.79
H065,2021-01-01,3,Seoul,Middle,2023-12-01,2023Q4,0,-35,0.77,256.37
H066,2021-01-01,2,Gyeonggi,Low,,,0,,0.77,227.61
H067,2021-01-01,2,Gyeonggi,Middle,2023-04-01,2023Q2,0,-27,0.77,259.36
H068,2021-01-01,3,Busan,Middle,,,0,,0.77,342.97
H069,2021-01-01,2,Daegu,High,,,0,,0.77,345.38
H070,2021-01-01,2,Busan,Low,,,0,,0.77,209.28
H071,2021-01-01,2,Busan,Low,2023-10-01,2023Q4,0,-33,0.77,222.32
H072,2021-01-01,4,Seoul,Middle,,,0,,0.77,328.18
H073,2021-01-01,3,Daegu,Middle,2022-07-01,2022Q3,0,-18,0.77,302.69
H074,2021-01-01,2,Daegu,Low,2022-08-01,2022Q3,0,-19,0.77,260.07
H075,2021-01-01,1,Daegu,Middle,,,0,,0.77,246.09
H076,2021-01-01,4,Daegu,High,,,0,,0.77,372.72
H077,2021-01-01,4,Daegu,Middle,2024-08-01,2024Q3,0,-43,0.77,301.89
H078,2021-01-01,3,Busan,Middle,,,0,,0.77,216.25
H079,2021-01-01,2,Busan,Middle,2024-03-01,2024Q1,0,-38,0.77,233.25
H080,2021-01-01,4,Seoul,Middle,2023-07-01,2023Q3,0,-30,0.77,317.92
H081,2021-01-01,1,Daegu,Middle,2024-07-01,2024Q3,0,-42,0.77,202.08
H082,2021-01-01,3,Busan,Low,2023-09-01,2023Q3,0,-32,0.77,201.28
H083,2021-01-01,4,Gyeonggi,Middle,2024-11-01,2024Q4,0,-46,0.77,278.36
H084,2021-01-01,4,Gyeonggi,High,,,0,,0.77,346.43
H085,2021-01-01,5,Seoul,High,2023-03-01,2023Q1,0,-26,0.77,370.86
H086,2021-01-01,4,Gyeonggi,Low,2022-08-01,2022Q3,0,-19,0.77,300.09
H087,2021-01-01,2,Daegu,Low,,,0,,0.77,257.73
H088,2021-01-01,3,Seoul,High,2024-02-01,2024Q1,0,-37,0.77,267.66
H089,2021-01-01,4,Seoul,High,2022-04-01,2022Q2,0,-15,0.77,331.47
H090,2021-01-01,1,Seoul,Middle,2024-05-01,2024Q2,0,-40,0.77,243.65
H091,2021-01-01,4,Gyeonggi,Middle,,,0,,0.77,330.64
H092,2021-01-01,2,Busan,Low,2023-10-01,2023Q4,0,-33,0.77,258.9
H093,2021-01-01,3,Daegu,Middle,,,0,,0.77,241.13
H094,2021-01-01,3,Seoul,Middle,2024-10-01,2024Q4,0,-45,0.77,263.5
H095,2021-01-01,4,Seoul,Middle,,,0,,0.77,329.76
H096,2021-01-01,2,Daegu,High,2023-11-01,2023Q4,0,-34,0.77,227.02
H097,2021-01-01,4,Daegu,Middle,,,0,,0.77,299.63
H098,2021-01-01,2,Daegu,Middle,,,0,,0.77,217.68
H099,2021-01-01,3,Busan,High,,,0,,0.77,290.39
H100,2021-01-01,2,Daegu,Middle,,,0,,0.77,235.67
H101,2021-01-01,2,Daegu,High,,,0,,0.77,292.09
H102,2021-01-01,2,Busan,Middle,,,0,,0.77,180.11
H103,2021-01-01,2,Gyeonggi,Middle,,,0,,0.77,171.0
H104,2021-01-01,3,Daegu,Middle,2023-04-01,2023Q2,0,-27,0.77,265.07
H105,2021-01-01,3,Gyeonggi,Middle,,,0,,0.77,261.17
H106,2021-01-01,3,Busan,Middle,,,0,,0.77,236.35
H107,2021-01-01,2,Gyeonggi,Low,,,0,,0.77,242.62
H108,2021-01-01,4,Gyeonggi,Low,,,0,,0.77,281.92
H109,2021-01-01,2,Busan,High,2023-01-01,2023Q1,0,-24,0.77,259.52
H110,2021-01-01,4,Gyeonggi,Low,,,0,,0.77,263.67
H111,2021-01-01,3,Gyeonggi,Middle,2023-08-01,2023Q3,0,-31,0.77,288.04
H112,2021-01-01,3,Busan,Low,2023-02-01,2023Q1,0,-25,0.77,263.72
H113,2021-01-01,4,Daegu,Middle,2024-05-01,2024Q2,0,-40,0.77,308.73
H114,2021-01-01,1,Gyeonggi,Low,,,0,,0.77,184.66
H115,2021-01-01,3,Gyeonggi,High,2024-07-01,2024Q3,0,-42,0.77,257.22
H116,2021-01-01,2,Seoul,Middle,,,0,,0.77,285.0
H117,2021-01-01,5,Gyeonggi,Middle,2024-02-01,2024Q1,0,-37,0.77,330.09
H118,2021-01-01,2,Daegu,Middle,,,0,,0.77,255.77
H119,2021-01-01,2,Gyeonggi,Low,2022-05-01,2022Q2,0,-16,0.77,197.61
H120,2021-01-01,4,Gyeonggi,Middle,,,0,,0.77,361.6
H001,2021-02-01,3,Seoul,Middle,2024-09-01,2024Q3,0,-43,-0.28,245.67
H002,2021-02-01,1,Daegu,Low,2022-09-01,2022Q3,0,-19,-0.28,173.19
H003,2021-02-01,3,Gyeonggi,Middle,,,0,,-0.28,292.21
H004,2021-02-01,2,Seoul,High,2023-06-01,2023Q2,0,-28,-0.28,233.0
H005,2021-02-01,2,Gyeonggi,High,2023-10-01,2023Q4,0,-32,-0.28,283.81
H006,2021-02-01,2,Seoul,Middle,,,0,,-0.28,255.09
H007,2021-02-01,5,Daegu,Low,,,0,,-0.28,262.07
H008,2021-02-01,2,Gyeonggi,Middle,2022-05-01,2022Q2,0,-15,-0.28,247.08
H009,2021-02-01,5,Gyeonggi,High,,,0,,-0.28,345.8
H010,2021-02-01,2,Busan,Low,2024-11-01,2024Q4,0,-45,-0.28,219.41
H011,2021-02-01,1,Gyeonggi,Middle,2024-12-01,2024Q4,0,-46,-0.28,189.88
H012,2021-02-01,3,Busan,High,,,0,,-0.28,297.44
H013,2021-02-01,2,Seoul,High,,,0,,-0.28,247.38
H014,2021-02-01,3,Busan,Low,,,0,,-0.28,229.7
H015,2021-02-01,4,Daegu,Low,,,0,,-0.28,298.67
H016,2021-02-01,4,Daegu,High,2022-03-01,2022Q1,0,-13,-0.28,327.74
H017,2021-02-01,3,Seoul,High,2024-07-01,2024Q3,0,-41,-0.28,232.24
H018,2021-02-01,3,Daegu,Middle,,,0,,-0.28,267.61
H019,2021-02-01,3,Seoul,Middle,,,0,,-0.28,283.17
H020,2021-02-01,4,Busan,Low,,,0,,-0.28,338.71
H021,2021-02-01,3,Busan,High,2024-05-01,2024Q2,0,-39,-0.28,251.61
H022,2021-02-01,4,Gyeonggi,Low,,,0,,-0.28,225.22
H023,2021-02-01,3,Seoul,Middle,2023-04-01,2023Q2,0,-26,-0.28,286.06
H024,2021-02-01,1,Seoul,Low,,,0,,-0.28,164.98
H025,2021-02-01,1,Gyeonggi,Low,2024-07-01,2024Q3,0,-41,-0.28,162.52
H026,2021-02-01,5,Gyeonggi,Middle,2024-11-01,2024Q4,0,-45,-0.28,345.89
H027,2021-02-01,2,Daegu,Low,,,0,,-0.28,222.5
H028,2021-02-01,2,Gyeonggi,Low,,,0,,-0.28,213.25
H029,2021-02-01,1,Seoul,High,2024-08-01,2024Q3,0,-42,-0.28,240.13
H030,2021-02-01,2,Gyeonggi,Middle,,,0,,-0.28,232.08
H031,2021-02-01,3,Gyeonggi,High,2023-06-01,2023Q2,0,-28,-0.28,325.12
H032,2021-02-01,3,Daegu,High,2024-11-01,2024Q4,0,-45,-0.28,284.0
H033,2021-02-01,1,Daegu,Middle,2024-08-01,2024Q3,0,-42,-0.28,285.42
H034,2021-02-01,1,Gyeonggi,Low,2022-08-01,2022Q3,0,-18,-0.28,155.7
H035,2021-02-01,4,Seoul,Low,,,0,,-0.28,327.57
H036,2021-02-01,5,Gyeonggi,Low,,,0,,-0.28,291.46
H037,2021-02-01,2,Daegu,High,2023-05-01,2023Q2,0,-27,-0.28,283.7
H038,2021-02-01,3,Daegu,Low,2022-10-01,2022Q4,0,-20,-0.28,276.22
H039,2021-02-01,4,Seoul,Middle,,,0,,-0.28,341.63
H040,2021-02-01,4,Gyeonggi,Low,,,0,,-0.28,280.84
H041,2021-02-01,4,Seoul,Middle,2024-04-01,2024Q2,0,-38,-0.28,271.07
H042,2021-02-01,3,Seoul,Middle,2024-10-01,2024Q4,0,-44,-0.28,205.17
H043,2021-02-01,3,Busan,Low,2024-11-01,2024Q4,0,-45,-0.28,286.85
H044,2021-02-01,2,Busan,High,,,0,,-0.28,245.57
H045,2021-02-01,1,Seoul,Low,,,0,,-0.28,199.95
H046,2021-02-01,4,Gyeonggi,Middle,2024-12-01,2024Q4,0,-46,-0.28,338.47
H047,2021-02-01,2,Seoul,Middle,2022-05-01,2022Q2,0,-15,-0.28,210.27
H048,2021-02-01,1,Seoul,Middle,2023-10-01,2023Q4,0,-32,-0.28,218.51
H049,2021-02-01,2,Busan,Low,,,0,,-0.28,170.83
H050,2021-02-01,4,Seoul,Low,,,0,,-0.28,256.25
H051,2021-02-01,2,Seoul,Middle,2023-09-01,2023Q3,0,-31,-0.28,286.78
H052,2021-02-01,4,Seoul,Low,,,0,,-0.28,339.8
H053,2021-02-01,3,Gyeonggi,Middle,2022-01-01,2022Q1,0,-11,-0.28,308.96
H054,2021-02-01,2,Seoul,High,2022-11-01,2022Q4,0,-21,-0.28,208.98
H055,2021-02-01,1,Daegu,High,2022-03-01,2022Q1,0,-13,-0.28,230.14
H056,2021-02-01,4,Seoul,Low,,,0,,-0.28,289.01
H057,2021-02-01,4,Daegu,High,2024-02-01,2024Q1,0,-36,-0.28,354.23
H058,2021-02-01,2,Seoul,High,2023-06-01,2023Q2,0,-28,-0.28,248.88
H059,2021-02-01,2,Gyeonggi,Low,2022-05-01,2022Q2,0,-15,-0.28,220.91
H060,2021-02-01,2,Daegu,Middle,,,0,,-0.28,236.94
H061,2021-02-01,2,Seoul,Low,,,0,,-0.28,287.11
H062,2021-02-01,2,Seoul,Middle,2023-07-01,2023Q3,0,-29,-0.28,240.26
H063,2021-02-01,3,Seoul,Middle,,,0,,-0.28,282.67
H064,2021-02-01,1,Gyeonggi,Middle,2024-06-01,2024Q2,0,-40,-0.28,186.44
H065,2021-02-01,3,Seoul,Middle,2023-12-01,2023Q4,0,-34,-0.28,276.53
H066,2021-02-01,2,Gyeonggi,Low,,,0,,-0.28,272.94
H067,2021-02-01,2,Gyeonggi,Middle,2023-04-01,2023Q2,0,-26,-0.28,216.48
H068,2021-02-01,3,Busan,Middle,,,0,,-0.28,311.92
H069,2021-02-01,2,Daegu,High,,,0,,-0.28,273.81
H070,2021-02-01,2,Busan,Low,,,0,,-0.28,192.96
H071,2021-02-01,2,Busan,Low,2023-10-01,2023Q4,0,-32,-0.28,222.76
H072,2021-02-01,4,Seoul,Middle,,,0,,-0.28,347.26
H073,2021-02-01,3,Daegu,Middle,2022-07-01,2022Q3,0,-17,-0.28,273.89
H074,2021-02-01,2,Daegu,Low,2022-08-01,2022Q3,0,-18,-0.28,281.83
H075,2021-02-01,1,Daegu,Middle,,,0,,-0.28,221.2
H076,2021-02-01,4,Daegu,High,,,0,,-0.28,310.86
H077,2021-02-01,4,Daegu,Middle,2024-08-01,2024Q3,0,-42,-0.28,265.48
H078,2021-02-01,3,Busan,Middle,,,0,,-0.28,203.44
H079,2021-02-01,2,Busan,Middle,2024-03-01,2024Q1,0,-37,-0.28,239.68
H080,2021-02-01,4,Seoul,Middle,2023-07-01,2023Q3,0,-29,-0.28,292.33
H081,2021-02-01,1,Daegu,Middle,2024-07-01,2024Q3,0,-41,-0.28,250.68
H082,2021-02-01,3,Busan,Low,2023-09-01,2023Q3,0,-31,-0.28,191.64
H083,2021-02-01,4,Gyeonggi,Middle,2024-11-01,2024Q4,0,-45,-0.28,290.86
H084,2021-02-01,4,Gyeonggi,High,,,0,,-0.28,373.0
H085,2021-02-01,5,Seoul,High,2023-03-01,2023Q1,0,-25,-0.28,299.5
H086,2021-02-01,4,Gyeonggi,Low,2022-08-01,2022Q3,0,-18,-0.28,235.07
H087,2021-02-01,2,Daegu,Low,,,0,,-0.28,280.43
H088,2021-02-01,3,Seoul,High,2024-02-01,2024Q1,0,-36,-0.28,289.24
H089,2021-02-01,4,Seoul,High,2022-04-01,2022Q2,0,-14,-0.28,276.23
H090,2021-02-01,1,Seoul,Middle,2024-05-01,2024Q2,0,-39,-0.28,208.75
H091,2021-02-01,4,Gyeonggi,Middle,,,0,,-0.28,323.68
H092,2021-02-01,2,Busan,Low,2023-10-01,2023Q4,0,-32,-0.28,255.22
H093,2021-02-01,3,Daegu,Middle,,,0,,-0.28,245.85
H094,2021-02-01,3,Seoul,Middle,2024-10-01,2024Q4,0,-44,-0.28,245.78
H095,2021-02-01,4,Seoul,Middle,,,0,,-0.28,255.34
H096,2021-02-01,2,Daegu,High,2023-11-01,2023Q4,0,-33,-0.28,239.16
H097,2021-02-01,4,Daegu,Middle,,,0,,-0.28,243.55
H098,2021-02-01,2,Daegu,Middle,,,0,,-0.28,216.9
H099,2021-02-01,3,Busan,High,,,0,,-0.28,257.05
H100,2021-02-01,2,Daegu,Middle,,,0,,-0.28,190.5
H101,2021-02-01,2,Daegu,High,,,0,,-0.28,225.62
H102,2021-02-01,2,Busan,Middle,,,0,,-0.28,207.64
H103,2021-02-01,2,Gyeonggi,Middle,,,0,,-0.28,193.77
H104,2021-02-01,3,Daegu,Middle,2023-04-01,2023Q2,0,-26,-0.28,251.5
H105,2021-02-01,3,Gyeonggi,Middle,,,0,,-0.28,220.1
H106,2021-02-01,3,Busan,Middle,,,0,,-0.28,258.52
H107,2021-02-01,2,Gyeonggi,Low,,,0,,-0.28,236.02
H108,2021-02-01,4,Gyeonggi,Low,,,0,,-0.28,289.27
H109,2021-02-01,2,Busan,High,2023-01-01,2023Q1,0,-23,-0.28,247.27
H110,2021-02-01,4,Gyeonggi,Low,,,0,,-0.28,311.47
H111,2021-02-01,3,Gyeonggi,Middle,2023-08-01,2023Q3,0,-30,-0.28,277.19
H112,2021-02-01,3,Busan,Low,2023-02-01,2023Q1,0,-24,-0.28,250.43
H113,2021-02-01,4,Daegu,Middle,2024-05-01,2024Q2,0,-39,-0.28,201.53
H114,2021-02-01,1,Gyeonggi,Low,,,0,,-0.28,173.97
H115,2021-02-01,3,Gyeonggi,High,2024-07-01,2024Q3,0,-41,-0.28,202.0
H116,2021-02-01,2,Seoul,Middle,,,0,,-0.28,262.87
H117,2021-02-01,5,Gyeonggi,Middle,2024-02-01,2024Q1,0,-36,-0.28,335.38
H118,2021-02-01,2,Daegu,Middle,,,0,,-0.28,230.08
H119,2021-02-01,2,Gyeonggi,Low,2022-05-01,2022Q2,0,-15,-0.28,236.8
H120,2021-02-01,4,Gyeonggi,Middle,,,0,,-0.28,317.38
H001,2021-03-01,3,Seoul,Middle,2024-09-01,2024Q3,0,-42,3.41,212.62
H002,2021-03-01,1,Daegu,Low,2022-09-01,2022Q3,0,-18,3.41,186.29
H003,2021-03-01,3,Gyeonggi,Middle,,,0,,3.41,255.68
H004,2021-03-01,2,Seoul,High,2023-06-01,2023Q2,0,-27,3.41,230.5
H005,2021-03-01,2,Gyeonggi,High,2023-10-01,2023Q4,0,-31,3.41,234.44
H006,2021-03-01,2,Seoul,Middle,,,0,,3.41,276.38
H007,2021-03-01,5,Daegu,Low,,,0,,3.41,274.27
H008,2021-03-01,2,Gyeonggi,Middle,2022-05-01,2022Q2,0,-14,3.41,243.53
H009,2021-03-01,5,Gyeonggi,High,,,0,,3.41,242.65
H010,2021-03-01,2,Busan,Low,2024-11-01,2024Q4,0,-44,3.41,261.51
H011,2021-03-01,1,Gyeonggi,Middle,2024-12-01,2024Q4,0,-45,3.41,188.46
H012,2021-03-01,3,Busan,High,,,0,,3.41,254.79
H013,2021-03-01,2,Seoul,High,,,0,,3.41,264.6
H014,2021-03-01,3,Busan,Low,,,0,,3.41,264.91
H015,2021-03-01,4,Daegu,Low,,,0,,3.41,290.37
H016,2021-03-01,4,Daegu,High,2022-03-01,2022Q1,0,-12,3.41,286.05
H017,2021-03-01,3,Seoul,High,2024-07-01,2024Q3,0,-40,3.41,285.72
H018,2021-03-01,3,Daegu,Middle,,,0,,3.41,221.9
H019,2021-03-01,3,Seoul,Middle,,,0,,3.41,255.81
H020,2021-03-01,4,Busan,Low,,,0,,3.41,313.71
H021,2021-03-01,3,Busan,High,2024-05-01,2024Q2,0,-38,3.41,209.3
H022,2021-03-01,4,Gyeonggi,Low,,,0,,3.41,258.01
H023,2021-03-01,3,Seoul,Middle,2023-04-01,2023Q2,0,-25,3.41,249.85
H024,2021-03-01,1,Seoul,Low,,,0,,3.41,233.51
H025,2021-03-01,1,Gyeonggi,Low,2024-07-01,2024Q3,0,-40,3.41,166.86
H026,2021-03-01,5,Gyeonggi,Middle,2024-11-01,2024Q4,0,-44,3.41,263.41
H027,2021-03-01,2,Daegu,Low,,,0,,3.41,191.61
H028,2021-03-01,2,Gyeonggi,Low,,,0,,3.41,235.8
H029,2021-03-01,1,Seoul,High,2024-08-01,2024Q3,0,-41,3.41,225.41
H030,2021-03-01,2,Gyeonggi,Middle,,,0,,3.41,241.55
H031,2021-03-01,3,Gyeonggi,High,2023-06-01,2023Q2,0,-27,3.41,228.54
H032,2021-03-01,3,Daegu,High,2024-11-01,2024Q4,0,-44,3.41,243.22
H033,2021-03-01,1,Daegu,Middle,2024-08-01,2024Q3,0,-41,3.41,217.1
H034,2021-03-01,1,Gyeonggi,Low,2022-08-01,2022Q3,0,-17,3.41,213.52
H035,2021-03-01,4,Seoul,Low,,,0,,3.41,354.02
H036,2021-03-01,5,Gyeonggi,Low,,,0,,3.41,288.96
H037,2021-03-01,2,Daegu,High,2023-05-01,2023Q2,0,-26,3.41,263.6
H038,2021-03-01,3,Daegu,Low,2022-10-01,2022Q4,0,-19,3.41,278.84
H039,2021-03-01,4,Seoul,Middle,,,0,,3.41,333.56
H040,2021-03-01,4,Gyeonggi,Low,,,0,,3.41,298.13
H041,2021-03-01,4,Seoul,Middle,2024-04-01,2024Q2,0,-37,3.41,290.09
H042,2021-03-01,3,Seoul,Middle,2024-10-01,2024Q4,0,-43,3.41,216.2
H043,2021-03-01,3,Busan,Low,2024-11-01,2024Q4,0,-44,3.41,192.36
H044,2021-03-01,2,Busan,High,,,0,,3.41,238.22
H045,2021-03-01,1,Seoul,Low,,,0,,3.41,179.15
H046,2021-03-01,4,Gyeonggi,Middle,2024-12-01,2024Q4,0,-45,3.41,296.65
H047,2021-03-01,2,Seoul,Middle,2022-05-01,2022Q2,0,-14,3.41,159.62
H048,2021-03-01,1,Seoul,Middle,2023-10-01,2023Q4,0,-31,3.41,166.94
H049,2021-03-01,2,Busan,Low,,,0,,3.41,196.65
H050,2021-03-01,4,Seoul,Low,,,0,,3.41,230.13
H051,2021-03-01,2,Seoul,Middle,2023-09-01,2023Q3,0,-30,3.41,265.0
H052,2021-03-01,4,Seoul,Low,,,0,,3.41,318.44
H053,2021-03-01,3,Gyeonggi,Middle,2022-01-01,2022Q1,0,-10,3.41,265.4
H054,2021-03-01,2,Seoul,High,2022-11-01,2022Q4,0,-20,3.41,196.6
H055,2021-03-01,1,Daegu,High,2022-03-01,2022Q1,0,-12,3.41,227.23
H056,2021-03-01,4,Seoul,Low,,,0,,3.41,262.29
H057,2021-03-01,4,Daegu,High,2024-02-01,2024Q1,0,-35,3.41,304.46
H058,2021-03-01,2,Seoul,High,2023-06-01,2023Q2,0,-27,3.41,238.88
H059,2021-03-01,2,Gyeonggi,Low,2022-05-01,2022Q2,0,-14,3.41,223.98
H060,2021-03-01,2,Daegu,Middle,,,0,,3.41,136.11
H061,2021-03-01,2,Seoul,Low,,,0,,3.41,206.81
H062,2021-03-01,2,Seoul,Middle,2023-07-01,2023Q3,0,-28,3.41,203.71
H063,2021-03-01,3,Seoul,Middle,,,0,,3.41,253.33
H064,2021-03-01,1,Gyeonggi,Middle,2024-06-01,2024Q2,0,-39,3.41,193.23
H065,2021-03-01,3,Seoul,Middle,2023-12-01,2023Q4,0,-33,3.41,255.02
H066,2021-03-01,2,Gyeonggi,Low,,,0,,3.41,247.78
H067,2021-03-01,2,Gyeonggi,Middle,2023-04-01,2023Q2,0,-25,3.41,194.22
H068,2021-03-01,3,Busan,Middle,,,0,,3.41,248.91
H069,2021-03-01,2,Daegu,High,,,0,,3.41,241.93
H070,2021-03-01,2,Busan,Low,,,0,,3.41,189.47
H071,2021-03-01,2,Busan,Low,2023-10-01,2023Q4,0,-31,3.41,201.2
H072,2021-03-01,4,Seoul,Middle,,,0,,3.41,286.27
H073,2021-03-01,3,Daegu,Middle,2022-07-01,2022Q3,0,-16,3.41,230.28
H074,2021-03-01,2,Daegu,Low,2022-08-01,2022Q3,0,-17,3.41,262.39
H075,2021-03-01,1,Daegu,Middle,,,0,,3.41,242.04
H076,2021-03-01,4,Daegu,High,,,0,,3.41,327.38
H077,2021-03-01,4,Daegu,Middle,2024-08-01,2024Q3,0,-41,3.41,292.06
H078,2021-03-01,3,Busan,Middle,,,0,,3.41,202.86
H079,2021-03-01,2,Busan,Middle,2024-03-01,2024Q1,0,-36,3.41,217.03
H080,2021-03-01,4,Seoul,Middle,2023-07-01,2023Q3,0,-28,3.41,289.15
H081,2021-03-01,1,Daegu,Middle,2024-07-01,2024Q3,0,-40,3.41,181.47
H082,2021-03-01,3,Busan,Low,2023-09-01,2023Q3,0,-30,3.41,208.71
H083,2021-03-01,4,Gyeonggi,Middle,2024-11-01,2024Q4,0,-44,3.41,318.12
H084,2021-03-01,4,Gyeonggi,High,,,0,,3.41,371.07
H085,2021-03-01,5,Seoul,High,2023-03-01,2023Q1,0,-24,3.41,297.18
H086,2021-03-01,4,Gyeonggi,Low,2022-08-01,2022Q3,0,-17,3.41,260.59
H087,2021-03-01,2,Daegu,Low,,,0,,3.41,240.46
H088,2021-03-01,3,Seoul,High,2024-02-01,2024Q1,0,-35,3.41,260.51
H089,2021-03-01,4,Seoul,High,2022-04-01,2022Q2,0,-13,3.41,324.32
H090,2021-03-01,1,Seoul,Middle,2024-05-01,2024Q2,0,-38,3.41,186.04
H091,2021-03-01,4,Gyeonggi,Middle,,,0,,3.41,309.98
H092,2021-03-01,2,Busan,Low,2023-10-01,2023Q4,0,-31,3.41,236.82
H093,2021-03-01,3,Daegu,Middle,,,0,,3.41,248.56
H094,2021-03-01,3,Seoul,Middle,2024-10-01,2024Q4,0,-43,3.41,242.59
H095,2021-03-01,4,Seoul,Middle,,,0,,3.41,279.62
H096,2021-03-01,2,Daegu,High,2023-11-01,2023Q4,0,-32,3.41,249.33
H097,2021-03-01,4,Daegu,Middle,,,0,,3.41,248.62
H098,2021-03-01,2,Daegu,Middle,,,0,,3.41,231.11
H099,2021-03-01,3,Busan,High,,,0,,3.41,233.78
H100,2021-03-01,2,Daegu,Middle,,,0,,3.41,209.59
H101,2021-03-01,2,Daegu,High,,,0,,3.41,215.54
H102,2021-03-01,2,Busan,Middle,,,0,,3.41,231.38
H103,2021-03-01,2,Gyeonggi,Middle,,,0,,3.41,159.19
H104,2021-03-01,3,Daegu,Middle,2023-04-01,2023Q2,0,-25,3.41,271.18
H105,2021-03-01,3,Gyeonggi,Middle,,,0,,3.41,248.79
H106,2021-03-01,3,Busan,Middle,,,0,,3.41,235.03
H107,2021-03-01,2,Gyeonggi,Low,,,0,,3.41,216.03
H108,2021-03-01,4,Gyeonggi,Low,,,0,,3.41,290.9
H109,2021-03-01,2,Busan,High,2023-01-01,2023Q1,0,-22,3.41,192.51
H110,2021-03-01,4,Gyeonggi,Low,,,0,,3.41,228.18
H111,2021-03-01,3,Gyeonggi,Middle,2023-08-01,2023Q3,0,-29,3.41,249.13
H112,2021-03-01,3,Busan,Low,2023-02-01,2023Q1,0,-23,3.41,228.57
H113,2021-03-01,4,Daegu,Middle,2024-05-01,2024Q2,0,-38,3.41,242.95
H114,2021-03-01,1,Gyeonggi,Low,,,0,,3.41,146.82
H115,2021-03-01,3,Gyeonggi,High,2024-07-01,2024Q3,0,-40,3.41,238.57
H116,2021-03-01,2,Seoul,Middle,,,0,,3.41,243.48
H117,2021-03-01,5,Gyeonggi,Middle,2024-02-01,2024Q1,0,-35,3.41,282.04
H118,2021-03-01,2,Daegu,Middle,,,0,,3.41,235.44
H119,2021-03-01,2,Gyeonggi,Low,2022-05-01,2022Q2,0,-14,3.41,200.58
H120,2021-03-01,4,Gyeonggi,Middle,,,0,,3.41,351.91
H001,2021-04-01,3,Seoul,Middle,2024-09-01,2024Q3,0,-41,7.93,258.81
H002,2021-04-01,1,Daegu,Low,2022-09-01,2022Q3,0,-17,7.93,191.57
H003,2021-04-01,3,Gyeonggi,Middle,,,0,,7.93,216.6
H004,2021-04-01,2,Seoul,High,2023-06-01,2023Q2,0,-26,7.93,186.46
H005,2021-04-01,2,Gyeonggi,High,2023-10-01,2023Q4,0,-30,7.93,193.46
H006,2021-04-01,2,Seoul,Middle,,,0,,7.93,290.19
H007,2021-04-01,5,Daegu,Low,,,0,,7.93,249.59
H008,2021-04-01,2,Gyeonggi,Middle,2022-05-01,2022Q2,0,-13,7.93,240.59
H009,2021-04-01,5,Gyeonggi,High,,,0,,7.93,291.5
H010,2021-04-01,2,Busan,Low,2024-11-01,2024Q4,0,-43,7.93,203.58
H011,2021-04-01,1,Gyeonggi,Middle,2024-12-01,2024Q4,0,-44,7.93,174.57
H012,2021-04-01,3,Busan,High,,,0,,7.93,229.44
H013,2021-04-01,2,Seoul,High,,,0,,7.93,200.21
H014,2021-04-01,3,Busan,Low,,,0,,7.93,193.15
H015,2021-04-01,4,Daegu,Low,,,0,,7.93,276.0
H016,2021-04-01,4,Daegu,High,2022-03-01,2022Q1,0,-11,7.93,295.34
H017,2021-04-01,3,Seoul,High,2024-07-01,2024Q3,0,-39,7.93,250.44
H018,2021-04-01,3,Daegu,Middle,,,0,,7.93,233.27
H019,2021-04-01,3,Seoul,Middle,,,0,,7.93,261.2
H020,2021-04-01,4,Busan,Low,,,0,,7.93,302.31
H021,2021-04-01,3,Busan,High,2024-05-01,2024Q2,0,-37,7.93,242.49
H022,2021-04-01,4,Gyeonggi,Low,,,0,,7.93,241.08
H023,2021-04-01,3,Seoul,Middle,2023-04-01,2023Q2,0,-24,7.93,198.3
H024,2021-04-01,1,Seoul,Low,,,0,,7.93,191.32
H025,2021-04-01,1,Gyeonggi,Low,2024-07-01,2024Q3,0,-39,7.93,140.61
H026,2021-04-01,5,Gyeonggi,Middle,2024-11-01,2024Q4,0,-43,7.93,313.9
H027,2021-04-01,2,Daegu,Low,,,0,,7.93,210.88
H028,2021-04-01,2,Gyeonggi,Low,,,0,,7.93,221.36
H029,2021-04-01,1,Seoul,High,2024-08-01,2024Q3,0,-40,7.93,213.37
H030,2021-04-01,2,Gyeonggi,Middle,,,0,,7.93,200.03
H031,2021-04-01,3,Gyeonggi,High,2023-06-01,2023Q2,0,-26,7.93,299.15
H032,2021-04-01,3,Daegu,High,2024-11-01,2024Q4,0,-43,7.93,264.84
H033,2021-04-01,1,Daegu,Middle,2024-08-01,2024Q3,0,-40,7.93,196.68
H034,2021-04-01,1,Gyeonggi,Low,2022-08-01,2022Q3,0,-16,7.93,139.42
H035,2021-04-01,4,Seoul,Low,,,0,,7.93,274.24
H036,2021-04-01,5,Gyeonggi,Low,,,0,,7.93,273.67
H037,2021-04-01,2,Daegu,High,2023-05-01,2023Q2,0,-25,7.93,222.65
H038,2021-04-01,3,Daegu,Low,2022-10-01,2022Q4,0,-18,7.93,239.79
H039,2021-04-01,4,Seoul,Middle,,,0,,7.93,274.56
H040,2021-04-01,4,Gyeonggi,Low,,,0,,7.93,300.29
H041,2021-04-01,4,Seoul,Middle,2024-04-01,2024Q2,0,-36,7.93,261.58
H042,2021-04-01,3,Seoul,Middle,2024-10-01,2024Q4,0,-42,7.93,178.12
H043,2021-04-01,3,Busan,Low,2024-11-01,2024Q4,0,-43,7.93,206.96
H044,2021-04-01,2,Busan,High,,,0,,7.93,143.87
H045,2021-04-01,1,Seoul,Low,,,0,,7.93,160.71
H046,2021-04-01,4,Gyeonggi,Middle,2024-12-01,2024Q4,0,-44,7.93,275.42
H047,2021-04-01,2,Seoul,Middle,2022-05-01,2022Q2,0,-13,7.93,150.14
H048,2021-04-01,1,Seoul,Middle,2023-10-01,2023Q4,0,-30,7.93,159.84
H049,2021-04-01,2,Busan,Low,,,0,,7.93,172.88
H050,2021-04-01,4,Seoul,Low,,,0,,7.93,231.68
H051,2021-04-01,2,Seoul,Middle,2023-09-01,2023Q3,0,-29,7.93,290.69
H052,2021-04-01,4,Seoul,Low,,,0,,7.93,332.97
H053,2021-04-01,3,Gyeonggi,Middle,2022-01-01,2022Q1,0,-9,7.93,231.13
H054,2021-04-01,2,Seoul,High,2022-11-01,2022Q4,0,-19,7.93,235.82
H055,2021-04-01,1,Daegu,High,2022-03-01,2022Q1,0,-11,7.93,160.71
H056,2021-04-01,4,Seoul,Low,,,0,,7.93,189.07
H057,2021-04-01,4,Daegu,High,2024-02-01,2024Q1,0,-34,7.93,346.77
H058,2021-04-01,2,Seoul,High,2023-06-01,2023Q2,0,-26,7.93,146.78
H059,2021-04-01,2,Gyeonggi,Low,2022-05-01,2022Q2,0,-13,7.93,207.71
H060,2021-04-01,2,Daegu,Middle,,,0,,7.93,160.98
H061,2021-04-01,2,Seoul,Low,,,0,,7.93,212.9
H062,2021-04-01,2,Seoul,Middle,2023-07-01,2023Q3,0,-27,7.93,205.92
H063,2021-04-01,3,Seoul,Middle,,,0,,7.93,266.57
H064,2021-04-01,1,Gyeonggi,Middle,2024-06-01,2024Q2,0,-38,7.93,160.53
H065,2021-04-01,3,Seoul,Middle,2023-12-01,2023Q4,0,-32,7.93,233.25
H066,2021-04-01,2,Gyeonggi,Low,,,0,,7.93,238.83
H067,2021-04-01,2,Gyeonggi,Middle,2023-04-01,2023Q2,0,-24,7.93,201.03
H068,2021-04-01,3,Busan,Middle,,,0,,7.93,238.38
H069,2021-04-01,2,Daegu,High,,,0,,7.93,261.14
H070,2021-04-01,2,Busan,Low,,,0,,7.93,187.07
H071,2021-04-01,2,Busan,Low,2023-10-01,2023Q4,0,-30,7.93,216.55
H072,2021-04-01,4,Seoul,Middle,,,0,,7.93,250.8
H073,2021-04-01,3,Daegu,Middle,2022-07-01,2022Q3,0,-15,7.93,228.23
H074,2021-04-01,2,Daegu,Low,2022-08-01,2022Q3,0,-16,7.93,239.66
H075,2021-04-01,1,Daegu,Middle,,,0,,7.93,207.29
H076,2021-04-01,4,Daegu,High,,,0,,7.93,277.1
H077,2021-04-01,4,Daegu,Middle,2024-08-01,2024Q3,0,-40,7.93,265.85
H078,2021-04-01,3,Busan,Middle,,,0,,7.93,172.99
H079,2021-04-01,2,Busan,Middle,2024-03-01,2024Q1,0,-35,7.93,172.97
H080,2021-04-01,4,Seoul,Middle,2023-07-01,2023Q3,0,-27,7.93,276.37
H081,2021-04-01,1,Daegu,Middle,2024-07-01,2024Q3,0,-39,7.93,162.11
H082,2021-04-01,3,Busan,Low,2023-09-01,2023Q3,0,-29,7.93,197.01
H083,2021-04-01,4,Gyeonggi,Middle,2024-11-01,2024Q4,0,-43,7.93,273.36
H084,2021-04-01,4,Gyeonggi,High,,,0,,7.93,284.26
H085,2021-04-01,5,Seoul,High,2023-03-01,2023Q1,0,-23,7.93,294.4
H086,2021-04-01,4,Gyeonggi,Low,2022-08-01,2022Q3,0,-16,7.93,248.1
H087,2021-04-01,2,Daegu,Low,,,0,,7.93,240.03
H088,2021-04-01,3,Seoul,High,2024-02-01,2024Q1,0,-34,7.93,279.66
H089,2021-04-01,4,Seoul,High,2022-04-01,2022Q2,0,-12,7.93,291.94
H090,2021-04-01,1,Seoul,Middle,2024-05-01,2024Q2,0,-37,7.93,163.24
H091,2021-04-01,4,Gyeonggi,Middle,,,0,,7.93,291.37
H092,2021-04-01,2,Busan,Low,2023-10-01,2023Q4,0,-30,7.93,162.33
H093,2021-04-01,3,Daegu,Middle,,,0,,7.93,217.97
H094,2021-04-01,3,Seoul,Middle,2024-10-01,2024Q4,0,-42,7.93,239.08
H095,2021-04-01,4,Seoul,Middle,,,0,,7.93,250.1
H096,2021-04-01,2,Daegu,High,2023-11-01,2023Q4,0,-31,7.93,225.21
H097,2021-04-01,4,Daegu,Middle,,,0,,7.93,215.18
H098,2021-04-01,2,Daegu,Middle,,,0,,7.93,232.26
H099,2021-04-01,3,Busan,High,,,0,,7.93,242.3
H100,2021-04-01,2,Daegu,Middle,,,0,,7.93,176.64
H101,2021-04-01,2,Daegu,High,,,0,,7.93,230.46
H102,2021-04-01,2,Busan,Middle,,,0,,7.93,211.26
H103,2021-04-01,2,Gyeonggi,Middle,,,0,,7.93,153.14
H104,2021-04-01,3,Daegu,Middle,2023-04-01,2023Q2,0,-24,7.93,260.3
H105,2021-04-01,3,Gyeonggi,Middle,,,0,,7.93,242.39
H106,2021-04-01,3,Busan,Middle,,,0,,7.93,220.56
H107,2021-04-01,2,Gyeonggi,Low,,,0,,7.93,212.86
H108,2021-04-01,4,Gyeonggi,Low,,,0,,7.93,284.83
H109,2021-04-01,2,Busan,High,2023-01-01,2023Q1,0,-21,7.93,230.2
H110,2021-04-01,4,Gyeonggi,Low,,,0,,7.93,267.17
H111,2021-04-01,3,Gyeonggi,Middle,2023-08-01,2023Q3,0,-28,7.93,283.72
H112,2021-04-01,3,Busan,Low,2023-02-01,2023Q1,0,-22,7.93,213.49
H113,2021-04-01,4,Daegu,Middle,2024-05-01,2024Q2,0,-37,7.93,246.7
H114,2021-04-01,1,Gyeonggi,Low,,,0,,7.93,183.17
H115,2021-04-01,3,Gyeonggi,High,2024-07-01,2024Q3,0,-39,7.93,218.53
H116,2021-04-01,2,Seoul,Middle,,,0,,7.93,218.57
H117,2021-04-01,5,Gyeonggi,Middle,2024-02-01,2024Q1,0,-34,7.93,320.7
H118,2021-04-01,2,Daegu,Middle,,,0,,7.93,181.16
H119,2021-04-01,2,Gyeonggi,Low,2022-05-01,2022Q2,0,-13,7.93,239.83
H120,2021-04-01,4,Gyeonggi,Middle,,,0,,7.93,335.36
H001,2021-05-01,3,Seoul,Middle,2024-09-01,2024Q3,0,-40,13.26,244.16
H002,2021-05-01,1,Daegu,Low,2022-09-01,2022Q3,0,-16,13.26,227.63
H003,2021-05-01,3,Gyeonggi,Middle,,,0,,13.26,215.92
H004,2021-05-01,2,Seoul,High,2023-06-01,2023Q2,0,-25,13.26,182.82
H005,2021-05-01,2,Gyeonggi,High,2023-10-01,2023Q4,0,-29,13.26,216.16
H006,2021-05-01,2,Seoul,Middle,,,0,,13.26,216.56
H007,2021-05-01,5,Daegu,Low,,,0,,13.26,253.09
H008,2021-05-01,2,Gyeonggi,Middle,2022-05-01,2022Q2,0,-12,13.26,251.07
H009,2021-05-01,5,Gyeonggi,High,,,0,,13.26,305.16
H010,2021-05-01,2,Busan,Low,2024-11-01,2024Q4,0,-42,13.26,192.55
H011,2021-05-01,1,Gyeonggi,Middle,2024-12-01,2024Q4,0,-43,13.26,228.81
H012,2021-05-01,3,Busan,High,,,0,,13.26,242.63
H013,2021-05-01,2,Seoul,High,,,0,,13.26,195.28
H014,2021-05-01,3,Busan,Low,,,0,,13.26,237.31
H015,2021-05-01,4,Daegu,Low,,,0,,13.26,275.81
H016,2021-05-01,4,Daegu,High,2022-03-01,2022Q1,0,-10,13.26,323.54
H017,2021-05-01,3,Seoul,High,2024-07-01,2024Q3,0,-38,13.26,253.83
H018,2021-05-01,3,Daegu,Middle,,,0,,13.26,205.03
H019,2021-05-01,3,Seoul,Middle,,,0,,13.26,261.44
H020,2021-05-01,4,Busan,Low,,,0,,13.26,265.29
H021,2021-05-01,3,Busan,High,2024-05-01,2024Q2,0,-36,13.26,266.11
H022,2021-05-01,4,Gyeonggi,Low,,,0,,13.26,225.91
H023,2021-05-01,3,Seoul,Middle,2023-04-01,2023Q2,0,-23,13.26,250.13
H024,2021-05-01,1,Seoul,Low,,,0,,13.26,191.42
H025,2021-05-01,1,Gyeonggi,Low,2024-07-01,2024Q3,0,-38,13.26,177.06
H026,2021-05-01,5,Gyeonggi,Middle,2024-11-01,2024Q4,0,-42,13.26,327.46
H027,2021-05-01,2,Daegu,Low,,,0,,13.26,223.53
H028,2021-05-01,2,Gyeonggi,Low,,,0,,13.26,245.75
H029,2021-05-01,1,Seoul,High,2024-08-01,2024Q3,0,-39,13.26,197.5
H030,2021-05-01,2,Gyeonggi,Middle,,,0,,13.26,204.75
H031,2021-05-01,3,Gyeonggi,High,2023-06-01,2023Q2,0,-25,13.26,224.67
H032,2021-05-01,3,Daegu,High,2024-11-01,2024Q4,0,-42,13.26,251.17
H033,2021-05-01,1,Daegu,Middle,2024-08-01,2024Q3,0,-39,13.26,170.68
H034,2021-05-01,1,Gyeonggi,Low,2022-08-01,2022Q3,0,-15,13.26,179.13
H035,2021-05-01,4,Seoul,Low,,,0,,13.26,315.04
H036,2021-05-01,5,Gyeonggi,Low,,,0,,13.26,258.9
H037,2021-05-01,2,Daegu,High,2023-05-01,2023Q2,0,-24,13.26,205.95
H038,2021-05-01,3,Daegu,Low,2022-10-01,2022Q4,0,-17,13.26,222.4
H039,2021-05-01,4,Seoul,Middle,,,0,,13.26,285.4
H040,2021-05-01,4,Gyeonggi,Low,,,0,,13.26,277.8
H041,2021-05-01,4,Seoul,Middle,2024-04-01,2024Q2,0,-35,13.26,235.52
H042,2021-05-01,3,Seoul,Middle,2024-10-01,2024Q4,0,-41,13.26,229.31
H043,2021-05-01,3,Busan,Low,2024-11-01,2024Q4,0,-42,13.26,179.59
H044,2021-05-01,2,Busan,High,,,0,,13.26,155.94
H045,2021-05-01,1,Seoul,Low,,,0,,13.26,197.7
H046,2021-05-01,4,Gyeonggi,Middle,2024-12-01,2024Q4,0,-43,13.26,259.03
H047,2021-05-01,2,Seoul,Middle,2022-05-01,2022Q2,0,-12,13.26,153.1
H048,2021-05-01,1,Seoul,Middle,2023-10-01,2023Q4,0,-29,13.26,135.38
H049,2021-05-01,2,Busan,Low,,,0,,13.26,150.28
H050,2021-05-01,4,Seoul,Low,,,0,,13.26,238.1
H051,2021-05-01,2,Seoul,Middle,2023-09-01,2023Q3,0,-28,13.26,246.54
H052,2021-05-01,4,Seoul,Low,,,0,,13.26,329.14
H053,2021-05-01,3,Gyeonggi,Middle,2022-01-01,2022Q1,0,-8,13.26,271.07
H054,2021-05-01,2,Seoul,High,2022-11-01,2022Q4,0,-18,13.26,201.21
H055,2021-05-01,1,Daegu,High,2022-03-01,2022Q1,0,-10,13.26,219.56
H056,2021-05-01,4,Seoul,Low,,,0,,13.26,237.17
H057,2021-05-01,4,Daegu,High,2024-02-01,2024Q1,0,-33,13.26,321.78
H058,2021-05-01,2,Seoul,High,2023-06-01,2023Q2,0,-25,13.26,192.52
H059,2021-05-01,2,Gyeonggi,Low,2022-05-01,2022Q2,0,-12,13.26,220.11
H060,2021-05-01,2,Daegu,Middle,,,0,,13.26,235.26
H061,2021-05-01,2,Seoul,Low,,,0,,13.26,233.96
H062,2021-05-01,2,Seoul,Middle,2023-07-01,2023Q3,0,-26,13.26,254.49
H063,2021-05-01,3,Seoul,Middle,,,0,,13.26,249.83
H064,2021-05-01,1,Gyeonggi,Middle,2024-06-01,2024Q2,0,-37,13.26,202.11
H065,2021-05-01,3,Seoul,Middle,2023-12-01,2023Q4,0,-31,13.26,210.49
H066,2021-05-01,2,Gyeonggi,Low,,,0,,13.26,198.8
H067,2021-05-01,2,Gyeonggi,Middle,2023-04-01,2023Q2,0,-23,13.26,207.63
H068,2021-05-01,3,Busan,Middle,,,0,,13.26,219.79
H069,2021-05-01,2,Daegu,High,,,0,,13.26,250.08
H070,2021-05-01,2,Busan,Low,,,0,,13.26,207.39
H071,2021-05-01,2,Busan,Low,2023-10-01,2023Q4,0,-29,13.26,181.12
H072,2021-05-01,4,Seoul,Middle,,,0,,13.26,287.98
H073,2021-05-01,3,Daegu,Middle,2022-07-01,2022Q3,0,-14,13.26,208.33
H074,2021-05-01,2,Daegu,Low,2022-08-01,2022Q3,0,-15,13.26,221.81
H075,2021-05-01,1,Daegu,Middle,,,0,,13.26,237.62
H076,2021-05-01,4,Daegu,High,,,0,,13.26,288.3
H077,2021-05-01,4,Daegu,Middle,2024-08-01,2024Q3,0,-39,13.26,274.98
H078,2021-05-01,3,Busan,Middle,,,0,,13.26,232.35
H079,2021-05-01,2,Busan,Middle,2024-03-01,2024Q1,0,-34,13.26,225.04
H080,2021-05-01,4,Seoul,Middle,2023-07-01,2023Q3,0,-26,13.26,246.5
H081,2021-05-01,1,Daegu,Middle,2024-07-01,2024Q3,0,-38,13.26,221.77
H082,2021-05-01,3,Busan,Low,2023-09-01,2023Q3,0,-28,13.26,156.02
H083,2021-05-01,4,Gyeonggi,Middle,2024-11-01,2024Q4,0,-42,13.26,269.48
H084,2021-05-01,4,Gyeonggi,High,,,0,,13.26,317.01
H085,2021-05-01,5,Seoul,High,2023-03-01,2023Q1,0,-22,13.26,315.11
H086,2021-05-01,4,Gyeonggi,Low,2022-08-01,2022Q3,0,-15,13.26,218.73
H087,2021-05-01,2,Daegu,Low,,,0,,13.26,234.33
H088,2021-05-01,3,Seoul,High,2024-02-01,2024Q1,0,-33,13.26,266.17
H089,2021-05-01,4,Seoul,High,2022-04-01,2022Q2,0,-11,13.26,321.96
H090,2021-05-01,1,Seoul,Middle,2024-05-01,2024Q2,0,-36,13.26,176.93
H091,2021-05-01,4,Gyeonggi,Middle,,,0,,13.26,331.74
H092,2021-05-01,2,Busan,Low,2023-10-01,2023Q4,0,-29,13.26,170.55
H093,2021-05-01,3,Daegu,Middle,,,0,,13.26,265.16
H094,2021-05-01,3,Seoul,Middle,2024-10-01,2024Q4,0,-41,13.26,242.46
H095,2021-05-01,4,Seoul,Middle,,,0,,13.26,217.88
H096,2021-05-01,2,Daegu,High,2023-11-01,2023Q4,0,-30,13.26,248.54
H097,2021-05-01,4,Daegu,Middle,,,0,,13.26,238.95
H098,2021-05-01,2,Daegu,Middle,,,0,,13.26,217.12
H099,2021-05-01,3,Busan,High,,,0,,13.26,238.42
H100,2021-05-01,2,Daegu,Middle,,,0,,13.26,197.59
H101,2021-05-01,2,Daegu,High,,,0,,13.26,201.24
H102,2021-05-01,2,Busan,Middle,,,0,,13.26,259.94
H103,2021-05-01,2,Gyeonggi,Middle,,,0,,13.26,153.49
H104,2021-05-01,3,Daegu,Middle,2023-04-01,2023Q2,0,-23,13.26,226.33
H105,2021-05-01,3,Gyeonggi,Middle,,,0,,13.26,251.31
H106,2021-05-01,3,Busan,Middle,,,0,,13.26,235.37
H107,2021-05-01,2,Gyeonggi,Low,,,0,,13.26,228.75
H108,2021-05-01,4,Gyeonggi,Low,,,0,,13.26,310.33
H109,2021-05-01,2,Busan,High,2023-01-01,2023Q1,0,-20,13.26,225.2
H110,2021-05-01,4,Gyeonggi,Low,,,0,,13.26,222.41
H111,2021-05-01,3,Gyeonggi,Middle,2023-08-01,2023Q3,0,-27,13.26,265.98
H112,2021-05-01,3,Busan,Low,2023-02-01,2023Q1,0,-21,13.26,232.42
H113,2021-05-01,4,Daegu,Middle,2024-05-01,2024Q2,0,-36,13.26,230.04
H114,2021-05-01,1,Gyeonggi,Low,,,0,,13.26,133.58
H115,2021-05-01,3,Gyeonggi,High,2024-07-01,2024Q3,0,-38,13.26,258.13
H116,2021-05-01,2,Seoul,Middle,,,0,,13.26,261.22
H117,2021-05-01,5,Gyeonggi,Middle,2024-02-01,2024Q1,0,-33,13.26,267.75
H118,2021-05-01,2,Daegu,Middle,,,0,,13.26,239.28
H119,2021-05-01,2,Gyeonggi,Low,2022-05-01,2022Q2,0,-12,13.26,164.06
H120,2021-05-01,4,Gyeonggi,Middle,,,0,,13.26,304.64
H001,2021-06-01,3,Seoul,Middle,2024-09-01,2024Q3,0,-39,17.43,241.1
H002,2021-06-01,1,Daegu,Low,2022-09-01,2022Q3,0,-15,17.43,179.08
H003,2021-06-01,3,Gyeonggi,Middle,,,0,,17.43,237.4
H004,2021-06-01,2,Seoul,High,2023-06-01,2023Q2,0,-24,17.43,241.53
H005,2021-06-01,2,Gyeonggi,High,2023-10-01,2023Q4,0,-28,17.43,251.07
H006,2021-06-01,2,Seoul,Middle,,,0,,17.43,251.42
H007,2021-06-01,5,Daegu,Low,,,0,,17.43,316.94
H008,2021-06-01,2,Gyeonggi,Middle,2022-05-01,2022Q2,0,-11,17.43,251.91
H009,2021-06-01,5,Gyeonggi,High,,,0,,17.43,317.3
H010,2021-06-01,2,Busan,Low,2024-11-01,2024Q4,0,-41,17.43,238.48
H011,2021-06-01,1,Gyeonggi,Middle,2024-12-01,2024Q4,0,-42,17.43,244.78
H012,2021-06-01,3,Busan,High,,,0,,17.43,311.09
H013,2021-06-01,2,Seoul,High,,,0,,17.43,272.56
H014,2021-06-01,3,Busan,Low,,,0,,17.43,266.22
H015,2021-06-01,4,Daegu,Low,,,0,,17.43,319.65
H016,2021-06-01,4,Daegu,High,2022-03-01,2022Q1,0,-9,17.43,284.16
H017,2021-06-01,3,Seoul,High,2024-07-01,2024Q3,0,-37,17.43,303.31
H018,2021-06-01,3,Daegu,Middle,,,0,,17.43,248.43
H019,2021-06-01,3,Seoul,Middle,,,0,,17.43,291.72
H020,2021-06-01,4,Busan,Low,,,0,,17.43,282.52
H021,2021-06-01,3,Busan,High,2024-05-01,2024Q2,0,-35,17.43,256.78
H022,2021-06-01,4,Gyeonggi,Low,,,0,,17.43,260.9
H023,2021-06-01,3,Seoul,Middle,2023-04-01,2023Q2,0,-22,17.43,265.49
H024,2021-06-01,1,Seoul,Low,,,0,,17.43,154.84
H025,2021-06-01,1,Gyeonggi,Low,2024-07-01,2024Q3,0,-37,17.43,170.8
H026,2021-06-01,5,Gyeonggi,Middle,2024-11-01,2024Q4,0,-41,17.43,305.87
H027,2021-06-01,2,Daegu,Low,,,0,,17.43,195.37
H028,2021-06-01,2,Gyeonggi,Low,,,0,,17.43,250.18
H029,2021-06-01,1,Seoul,High,2024-08-01,2024Q3,0,-38,17.43,215.5
H030,2021-06-01,2,Gyeonggi,Middle,,,0,,17.43,208.7
H031,2021-06-01,3,Gyeonggi,High,2023-06-01,2023Q2,0,-24,17.43,263.62
H032,2021-06-01,3,Daegu,High,2024-11-01,2024Q4,0,-41,17.43,264.4
H033,2021-06-01,1,Daegu,Middle,2024-08-01,2024Q3,0,-38,17.43,200.09
H034,2021-06-01,1,Gyeonggi,Low,2022-08-01,2022Q3,0,-14,17.43,156.77
H035,2021-06-01,4,Seoul,Low,,,0,,17.43,295.67
H036,2021-06-01,5,Gyeonggi,Low,,,0,,17.43,300.45
H037,2021-06-01,2,Daegu,High,2023-05-01,2023Q2,0,-23,17.43,253.49
H038,2021-06-01,3,Daegu,Low,2022-10-01,2022Q4,0,-16,17.43,219.07
H039,2021-06-01,4,Seoul,Middle,,,0,,17.43,323.02
H040,2021-06-01,4,Gyeonggi,Low,,,0,,17.43,267.49
H041,2021-06-01,4,Seoul,Middle,2024-04-01,2024Q2,0,-34,17.43,342.19
H042,2021-06-01,3,Seoul,Middle,2024-10-01,2024Q4,0,-40,17.43,219.07
H043,2021-06-01,3,Busan,Low,2024-11-01,2024Q4,0,-41,17.43,214.64
H044,2021-06-01,2,Busan,High,,,0,,17.43,225.8
H045,2021-06-01,1,Seoul,Low,,,0,,17.43,172.33
H046,2021-06-01,4,Gyeonggi,Middle,2024-12-01,2024Q4,0,-42,17.43,323.7
H047,2021-06-01,2,Seoul,Middle,2022-05-01,2022Q2,0,-11,17.43,223.25
H048,2021-06-01,1,Seoul,Middle,2023-10-01,2023Q4,0,-28,17.43,173.57
H049,2021-06-01,2,Busan,Low,,,0,,17.43,201.72
H050,2021-06-01,4,Seoul,Low,,,0,,17.43,248.73
H051,2021-06-01,2,Seoul,Middle,2023-09-01,2023Q3,0,-27,17.43,269.86
H052,2021-06-01,4,Seoul,Low,,,0,,17.43,353.4
H053,2021-06-01,3,Gyeonggi,Middle,2022-01-01,2022Q1,0,-7,17.43,295.22
H054,2021-06-01,2,Seoul,High,2022-11-01,2022Q4,0,-17,17.43,199.26
H055,2021-06-01,1,Daegu,High,2022-03-01,2022Q1,0,-9,17.43,251.96
H056,2021-06-01,4,Seoul,Low,,,0,,17.43,251.74
H057,2021-06-01,4,Daegu,High,2024-02-01,2024Q1,0,-32,17.43,337.07
H058,2021-06-01,2,Seoul,High,2023-06-01,2023Q2,0,-24,17.43,199.94
H059,2021-06-01,2,Gyeonggi,Low,2022-05-01,2022Q2,0,-11,17.43,210.72
H060,2021-06-01,2,Daegu,Middle,,,0,,17.43,187.2
H061,2021-06-01,2,Seoul,Low,,,0,,17.43,242.81
H062,2021-06-01,2,Seoul,Middle,2023-07-01,2023Q3,0,-25,17.43,217.88
H063,2021-06-01,3,Seoul,Middle,,,0,,17.43,187.43
H064,2021-06-01,1,Gyeonggi,Middle,2024-06-01,2024Q2,0,-36,17.43,217.44
H065,2021-06-01,3,Seoul,Middle,2023-12-01,2023Q4,0,-30,17.43,254.73
H066,2021-06-01,2,Gyeonggi,Low,,,0,,17.43,264.89
H067,2021-06-01,2,Gyeonggi,Middle,2023-04-01,2023Q2,0,-22,17.43,219.03
H068,2021-06-01,3,Busan,Middle,,,0,,17.43,277.86
H069,2021-06-01,2,Daegu,High,,,0,,17.43,304.56
H070,2021-06-01,2,Busan,Low,,,0,,17.43,209.37
H071,2021-06-01,2,Busan,Low,2023-10-01,2023Q4,0,-28,17.43,217.47
H072,2021-06-01,4,Seoul,Middle,,,0,,17.43,365.81
H073,2021-06-01,3,Daegu,Middle,2022-07-01,2022Q3,0,-13,17.43,250.18
H074,2021-06-01,2,Daegu,Low,2022-08-01,2022Q3,0,-14,17.43,251.2
H075,2021-06-01,1,Daegu,Middle,,,0,,17.43,268.15
H076,2021-06-01,4,Daegu,High,,,0,,17.43,277.45
H077,2021-06-01,4,Daegu,Middle,2024-08-01,2024Q3,0,-38,17.43,256.51
H078,2021-06-01,3,Busan,Middle,,,0,,17.43,170.55
H079,2021-06-01,2,Busan,Middle,2024-03-01,2024Q1,0,-33,17.43,220.2
H080,2021-06-01,4,Seoul,Middle,2023-07-01,2023Q3,0,-25,17.43,296.04
H081,2021-06-01,1,Daegu,Middle,2024-07-01,2024Q3,0,-37,17.43,221.41
H082,2021-06-01,3,Busan,Low,2023-09-01,2023Q3,0,-27,17.43,151.78
H083,2021-06-01,4,Gyeonggi,Middle,2024-11-01,2024Q4,0,-41,17.43,307.52
H084,2021-06-01,4,Gyeonggi,High,,,0,,17.43,358.86
H085,2021-06-01,5,Seoul,High,2023-03-01,2023Q1,0,-21,17.43,300.5
H086,2021-06-01,4,Gyeonggi,Low,2022-08-01,2022Q3,0,-14,17.43,260.09
H087,2021-06-01,2,Daegu,Low,,,0,,17.43,253.18
H088,2021-06-01,3,Seoul,High,2024-02-01,2024Q1,0,-32,17.43,275.89
H089,2021-06-01,4,Seoul,High,2022-04-01,2022Q2,0,-10,17.43,331.37
H090,2021-06-01,1,Seoul,Middle,2024-05-01,2024Q2,0,-35,17.43,169.39
H091,2021-06-01,4,Gyeonggi,Middle,,,0,,17.43,316.95
H092,2021-06-01,2,Busan,Low,2023-10-01,2023Q4,0,-28,17.43,172.01
H093,2021-06-01,3,Daegu,Middle,,,0,,17.43,266.27
H094,2021-06-01,3,Seoul,Middle,2024-10-01,2024Q4,0,-40,17.43,260.21
H095,2021-06-01,4,Seoul,Middle,,,0,,17.43,262.59
H096,2021-06-01,2,Daegu,High,2023-11-01,2023Q4,0,-29,17.43,259.35
H097,2021-06-01,4,Daegu,Middle,,,0,,17.43,210.77
H098,2021-06-01,2,Daegu,Middle,,,0,,17.43,259.73
H099,2021-06-01,3,Busan,High,,,0,,17.43,258.36
H100,2021-06-01,2,Daegu,Middle,,,0,,17.43,219.93
H101,2021-06-01,2,Daegu,High,,,0,,17.43,276.1
H102,2021-06-01,2,Busan,Middle,,,0,,17.43,214.69
H103,2021-06-01,2,Gyeonggi,Middle,,,0,,17.43,222.78
H104,2021-06-01,3,Daegu,Middle,2023-04-01,2023Q2,0,-22,17.43,258.66
H105,2021-06-01,3,Gyeonggi,Middle,,,0,,17.43,237.99
H106,2021-06-01,3,Busan,Middle,,,0,,17.43,248.16
H107,2021-06-01,2,Gyeonggi,Low,,,0,,17.43,195.01
H108,2021-06-01,4,Gyeonggi,Low,,,0,,17.43,301.67
H109,2021-06-01,2,Busan,High,2023-01-01,2023Q1,0,-19,17.43,247.65
H110,2021-06-01,4,Gyeonggi,Low,,,0,,17.43,285.88
H111,2021-06-01,3,Gyeonggi,Middle,2023-08-01,2023Q3,0,-26,17.43,254.0
H112,2021-06-01,3,Busan,Low,2023-02-01,2023Q1,0,-20,17.43,218.07
H113,2021-06-01,4,Daegu,Middle,2024-05-01,2024Q2,0,-35,17.43,260.24
H114,2021-06-01,1,Gyeonggi,Low,,,0,,17.43,176.01
H115,2021-06-01,3,Gyeonggi,High,2024-07-01,2024Q3,0,-37,17.43,213.7
H116,2021-06-01,2,Seoul,Middle,,,0,,17.43,256.22
H117,2021-06-01,5,Gyeonggi,Middle,2024-02-01,2024Q1,0,-32,17.43,344.61
H118,2021-06-01,2,Daegu,Middle,,,0,,17.43,231.8
H119,2021-06-01,2,Gyeonggi,Low,2022-05-01,2022Q2,0,-11,17.43,191.23
H120,2021-06-01,4,Gyeonggi,Middle,,,0,,17.43,346.88
H001,2021-07-01,3,Seoul,Middle,2024-09-01,2024Q3,0,-38,20.8,231.12
H002,2021-07-01,1,Daegu,Low,2022-09-01,2022Q3,0,-14,20.8,224.57
H003,2021-07-01,3,Gyeonggi,Middle,,,0,,20.8,282.05
H004,2021-07-01,2,Seoul,High,2023-06-01,2023Q2,0,-23,20.8,255.02
H005,2021-07-01,2,Gyeonggi,High,2023-10-01,2023Q4,0,-27,20.8,248.16
H006,2021-07-01,2,Seoul,Middle,,,0,,20.8,258.31
H007,2021-07-01,5,Daegu,Low,,,0,,20.8,282.75
H008,2021-07-01,2,Gyeonggi,Middle,2022-05-01,2022Q2,0,-10,20.8,291.72
H009,2021-07-01,5,Gyeonggi,High,,,0,,20.8,302.21
H010,2021-07-01,2,Busan,Low,2024-11-01,2024Q4,0,-40,20.8,247.57
H011,2021-07-01,1,Gyeonggi,Middle,2024-12-01,2024Q4,0,-41,20.8,235.69
H012,2021-07-01,3,Busan,High,,,0,,20.8,272.95
H013,2021-07-01,2,Seoul,High,,,0,,20.8,252.45
H014,2021-07-01,3,Busan,Low,,,0,,20.8,286.27
H015,2021-07-01,4,Daegu,Low,,,0,,20.8,357.04
H016,2021-07-01,4,Daegu,High,2022-03-01,2022Q1,0,-8,20.8,316.49
H017,2021-07-01,3,Seoul,High,2024-07-01,2024Q3,0,-36,20.8,315.92
H018,2021-07-01,3,Daegu,Middle,,,0,,20.8,239.25
H019,2021-07-01,3,Seoul,Middle,,,0,,20.8,283.72
H020,2021-07-01,4,Busan,Low,,,0,,20.8,359.07
H021,2021-07-01,3,Busan,High,2024-05-01,2024Q2,0,-34,20.8,308.62
H022,2021-07-01,4,Gyeonggi,Low,,,0,,20.8,257.2
H023,2021-07-01,3,Seoul,Middle,2023-04-01,2023Q2,0,-21,20.8,276.18
H024,2021-07-01,1,Seoul,Low,,,0,,20.8,231.79
H025,2021-07-01,1,Gyeonggi,Low,2024-07-01,2024Q3,0,-36,20.8,195.51
H026,2021-07-01,5,Gyeonggi,Middle,2024-11-01,2024Q4,0,-40,20.8,398.85
H027,2021-07-01,2,Daegu,Low,,,0,,20.8,258.32
H028,2021-07-01,2,Gyeonggi,Low,,,0,,20.8,194.52
H029,2021-07-01,1,Seoul,High,2024-08-01,2024Q3,0,-37,20.8,242.01
H030,2021-07-01,2,Gyeonggi,Middle,,,0,,20.8,232.43
H031,2021-07-01,3,Gyeonggi,High,2023-06-01,2023Q2,0,-23,20.8,302.77
H032,2021-07-01,3,Daegu,High,2024-11-01,2024Q4,0,-40,20.8,283.56
H033,2021-07-01,1,Daegu,Middle,2024-08-01,2024Q3,0,-37,20.8,210.3
H034,2021-07-01,1,Gyeonggi,Low,2022-08-01,2022Q3,0,-13,20.8,182.52
H035,2021-07-01,4,Seoul,Low,,,0,,20.8,374.17
H036,2021-07-01,5,Gyeonggi,Low,,,0,,20.8,344.76
H037,2021-07-01,2,Daegu,High,2023-05-01,2023Q2,0,-22,20.8,253.26
H038,2021-07-01,3,Daegu,Low,2022-10-01,2022Q4,0,-15,20.8,286.17
H039,2021-07-01,4,Seoul,Middle,,,0,,20.8,353.1
H040,2021-07-01,4,Gyeonggi,Low,,,0,,20.8,343.28
H041,2021-07-01,4,Seoul,Middle,2024-04-01,2024Q2,0,-33,20.8,276.99
H042,2021-07-01,3,Seoul,Middle,2024-10-01,2024Q4,0,-39,20.8,285.97
H043,2021-07-01,3,Busan,Low,2024-11-01,2024Q4,0,-40,20.8,244.6
H044,2021-07-01,2,Busan,High,,,0,,20.8,274.45
H045,2021-07-01,1,Seoul,Low,,,0,,20.8,214.96
H046,2021-07-01,4,Gyeonggi,Middle,2024-12-01,2024Q4,0,-41,20.8,274.9
H047,2021-07-01,2,Seoul,Middle,2022-05-01,2022Q2,0,-10,20.8,206.46
H048,2021-07-01,1,Seoul,Middle,2023-10-01,2023Q4,0,-27,20.8,165.65
H049,2021-07-01,2,Busan,Low,,,0,,20.8,217.95
H050,2021-07-01,4,Seoul,Low,,,0,,20.8,285.35
H051,2021-07-01,2,Seoul,Middle,2023-09-01,2023Q3,0,-26,20.8,285.82
H052,2021-07-01,4,Seoul,Low,,,0,,20.8,308.95
H053,2021-07-01,3,Gyeonggi,Middle,2022-01-01,2022Q1,0,-6,20.8,272.58
H054,2021-07-01,2,Seoul,High,2022-11-01,2022Q4,0,-16,20.8,226.28
H055,2021-07-01,1,Daegu,High,2022-03-01,2022Q1,0,-8,20.8,234.5
H056,2021-07-01,4,Seoul,Low,,,0,,20.8,280.37
H057,2021-07-01,4,Daegu,High,2024-02-01,2024Q1,0,-31,20.8,368.0
H058,2021-07-01,2,Seoul,High,2023-06-01,2023Q2,0,-23,20.8,230.02
H059,2021-07-01,2,Gyeonggi,Low,2022-05-01,2022Q2,0,-10,20.8,265.31
H060,2021-07-01,2,Daegu,Middle,,,0,,20.8,199.05
H061,2021-07-01,2,Seoul,Low,,,0,,20.8,273.62
H062,2021-07-01,2,Seoul,Middle,2023-07-01,2023Q3,0,-24,20.8,246.86
H063,2021-07-01,3,Seoul,Middle,,,0,,20.8,272.33
H064,2021-07-01,1,Gyeonggi,Middle,2024-06-01,2024Q2,0,-35,20.8,236.13
H065,2021-07-01,3,Seoul,Middle,2023-12-01,2023Q4,0,-29,20.8,259.42
H066,2021-07-01,2,Gyeonggi,Low,,,0,,20.8,283.83
H067,2021-07-01,2,Gyeonggi,Middle,2023-04-01,2023Q2,0,-21,20.8,247.67
H068,2021-07-01,3,Busan,Middle,,,0,,20.8,356.81
H069,2021-07-01,2,Daegu,High,,,0,,20.8,296.08
H070,2021-07-01,2,Busan,Low,,,0,,20.8,256.11
H071,2021-07-01,2,Busan,Low,2023-10-01,2023Q4,0,-27,20.8,251.68
H072,2021-07-01,4,Seoul,Middle,,,0,,20.8,286.08
H073,2021-07-01,3,Daegu,Middle,2022-07-01,2022Q3,0,-12,20.8,312.48
H074,2021-07-01,2,Daegu,Low,2022-08-01,2022Q3,0,-13,20.8,247.28
H075,2021-07-01,1,Daegu,Middle,,,0,,20.8,198.56
H076,2021-07-01,4,Daegu,High,,,0,,20.8,342.85
H077,2021-07-01,4,Daegu,Middle,2024-08-01,2024Q3,0,-37,20.8,332.74
H078,2021-07-01,3,Busan,Middle,,,0,,20.8,231.76
H079,2021-07-01,2,Busan,Middle,2024-03-01,2024Q1,0,-32,20.8,226.72
H080,2021-07-01,4,Seoul,Middle,2023-07-01,2023Q3,0,-24,20.8,344.63
H081,2021-07-01,1,Daegu,Middle,2024-07-01,2024Q3,0,-36,20.8,246.3
H082,2021-07-01,3,Busan,Low,2023-09-01,2023Q3,0,-26,20.8,194.12
H083,2021-07-01,4,Gyeonggi,Middle,2024-11-01,2024Q4,0,-40,20.8,326.53
H084,2021-07-01,4,Gyeonggi,High,,,0,,20.8,325.88
H085,2021-07-01,5,Seoul,High,2023-03-01,2023Q1,0,-20,20.8,315.01
H086,2021-07-01,4,Gyeonggi,Low,2022-08-01,2022Q3,0,-13,20.8,259.68
H087,2021-07-01,2,Daegu,Low,,,0,,20.8,209.76
H088,2021-07-01,3,Seoul,High,2024-02-01,2024Q1,0,-31,20.8,264.41
H089,2021-07-01,4,Seoul,High,2022-04-01,2022Q2,0,-9,20.8,370.89
H090,2021-07-01,1,Seoul,Middle,2024-05-01,2024Q2,0,-34,20.8,194.7
H091,2021-07-01,4,Gyeonggi,Middle,,,0,,20.8,333.53
H092,2021-07-01,2,Busan,Low,2023-10-01,2023Q4,0,-27,20.8,198.84
H093,2021-07-01,3,Daegu,Middle,,,0,,20.8,297.48
H094,2021-07-01,3,Seoul,Middle,2024-10-01,2024Q4,0,-39,20.8,273.11
H095,2021-07-01,4,Seoul,Middle,,,0,,20.8,302.33
H096,2021-07-01,2,Daegu,High,2023-11-01,2023Q4,0,-28,20.8,275.29
H097,2021-07-01,4,Daegu,Middle,,,0,,20.8,245.62
H098,2021-07-01,2,Daegu,Middle,,,0,,20.8,241.35
H099,2021-07-01,3,Busan,High,,,0,,20.8,315.26
H100,2021-07-01,2,Daegu,Middle,,,0,,20.8,241.05
H101,2021-07-01,2,Daegu,High,,,0,,20.8,293.51
H102,2021-07-01,2,Busan,Middle,,,0,,20.8,182.53
H103,2021-07-01,2,Gyeonggi,Middle,,,0,,20.8,246.28
H104,2021-07-01,3,Daegu,Middle,2023-04-01,2023Q2,0,-21,20.8,269.42
H105,2021-07-01,3,Gyeonggi,Middle,,,0,,20.8,315.05
H106,2021-07-01,3,Busan,Middle,,,0,,20.8,248.14
H107,2021-07-01,2,Gyeonggi,Low,,,0,,20.8,251.21
H108,2021-07-01,4,Gyeonggi,Low,,,0,,20.8,328.85
H109,2021-07-01,2,Busan,High,2023-01-01,2023Q1,0,-18,20.8,250.75
H110,2021-07-01,4,Gyeonggi,Low,,,0,,20.8,307.55
H111,2021-07-01,3,Gyeonggi,Middle,2023-08-01,2023Q3,0,-25,20.8,269.31
H112,2021-07-01,3,Busan,Low,2023-02-01,2023Q1,0,-19,20.8,283.32
H113,2021-07-01,4,Daegu,Middle,2024-05-01,2024Q2,0,-34,20.8,295.99
H114,2021-07-01,1,Gyeonggi,Low,,,0,,20.8,214.92
H115,2021-07-01,3,Gyeonggi,High,2024-07-01,2024Q3,0,-36,20.8,250.08
H116,2021-07-01,2,Seoul,Middle,,,0,,20.8,281.41
H117,2021-07-01,5,Gyeonggi,Middle,2024-02-01,2024Q1,0,-31,20.8,346.98
H118,2021-07-01,2,Daegu,Middle,,,0,,20.8,210.83
H119,2021-07-01,2,Gyeonggi,Low,2022-05-01,2022Q2,0,-10,20.8,224.47
H120,2021-07-01,4,Gyeonggi,Middle,,,0,,20.8,377.81
H001,2021-08-01,3,Seoul,Middle,2024-09-01,2024Q3,0,-37,23.22,328.81
H002,2021-08-01,1,Daegu,Low,2022-09-01,2022Q3,0,-13,23.22,225.7
H003,2021-08-01,3,Gyeonggi,Middle,,,0,,23.22,301.57
H004,2021-08-01,2,Seoul,High,2023-06-01,2023Q2,0,-22,23.22,238.3
H005,2021-08-01,2,Gyeonggi,High,2023-10-01,2023Q4,0,-26,23.22,297.32
H006,2021-08-01,2,Seoul,Middle,,,0,,23.22,289.13
H007,2021-08-01,5,Daegu,Low,,,0,,23.22,359.7
H008,2021-08-01,2,Gyeonggi,Middle,2022-05-01,2022Q2,0,-9,23.22,335.05
H009,2021-08-01,5,Gyeonggi,High,,,0,,23.22,387.17
H010,2021-08-01,2,Busan,Low,2024-11-01,2024Q4,0,-39,23.22,272.28
H011,2021-08-01,1,Gyeonggi,Middle,2024-12-01,2024Q4,0,-40,23.22,216.09
H012,2021-08-01,3,Busan,High,,,0,,23.22,362.99
H013,2021-08-01,2,Seoul,High,,,0,,23.22,249.8
H014,2021-08-01,3,Busan,Low,,,0,,23.22,272.93
H015,2021-08-01,4,Daegu,Low,,,0,,23.22,353.66
H016,2021-08-01,4,Daegu,High,2022-03-01,2022Q1,0,-7,23.22,379.34
H017,2021-08-01,3,Seoul,High,2024-07-01,2024Q3,0,-35,23.22,362.1
H018,2021-08-01,3,Daegu,Middle,,,0,,23.22,284.92
H019,2021-08-01,3,Seoul,Middle,,,0,,23.22,291.55
H020,2021-08-01,4,Busan,Low,,,0,,23.22,330.27
H021,2021-08-01,3,Busan,High,2024-05-01,2024Q2,0,-33,23.22,312.87
H022,2021-08-01,4,Gyeonggi,Low,,,0,,23.22,284.19
H023,2021-08-01,3,Seoul,Middle,2023-04-01,2023Q2,0,-20,23.22,320.93
H024,2021-08-01,1,Seoul,Low,,,0,,23.22,226.55
H025,2021-08-01,1,Gyeonggi,Low,2024-07-01,2024Q3,0,-35,23.22,172.8
H026,2021-08-01,5,Gyeonggi,Middle,2024-11-01,2024Q4,0,-39,23.22,372.22
H027,2021-08-01,2,Daegu,Low,,,0,,23.22,232.34
H028,2021-08-01,2,Gyeonggi,Low,,,0,,23.22,323.25
H029,2021-08-01,1,Seoul,High,2024-08-01,2024Q3,0,-36,23.22,271.57
H030,2021-08-01,2,Gyeonggi,Middle,,,0,,23.22,232.53
H031,2021-08-01,3,Gyeonggi,High,2023-06-01,2023Q2,0,-22,23.22,349.68
H032,2021-08-01,3,Daegu,High,2024-11-01,2024Q4,0,-39,23.22,356.21
H033,2021-08-01,1,Daegu,Middle,2024-08-01,2024Q3,0,-36,23.22,193.93
H034,2021-08-01,1,Gyeonggi,Low,2022-08-01,2022Q3,0,-12,23.22,246.34
H035,2021-08-01,4,Seoul,Low,,,0,,23.22,369.17
H036,2021-08-01,5,Gyeonggi,Low,,,0,,23.22,350.75
H037,2021-08-01,2,Daegu,High,2023-05-01,2023Q2,0,-21,23.22,293.7
H038,2021-08-01,3,Daegu,Low,2022-10-01,2022Q4,0,-14,23.22,297.77
H039,2021-08-01,4,Seoul,Middle,,,0,,23.22,336.38
H040,2021-08-01,4,Gyeonggi,Low,,,0,,23.22,362.83
H041,2021-08-01,4,Seoul,Middle,2024-04-01,2024Q2,0,-32,23.22,286.04
H042,2021-08-01,3,Seoul,Middle,2024-10-01,2024Q4,0,-38,23.22,330.36
H043,2021-08-01,3,Busan,Low,2024-11-01,2024Q4,0,-39,23.22,311.96
H044,2021-08-01,2,Busan,High,,,0,,23.22,234.37
H045,2021-08-01,1,Seoul,Low,,,0,,23.22,235.56
H046,2021-08-01,4,Gyeonggi,Middle,2024-12-01,2024Q4,0,-40,23.22,379.61
H047,2021-08-01,2,Seoul,Middle,2022-05-01,2022Q2,0,-9,23.22,209.93
H048,2021-08-01,1,Seoul,Middle,2023-10-01,2023Q4,0,-26,23.22,220.68
H049,2021-08-01,2,Busan,Low,,,0,,23.22,229.61
H050,2021-08-01,4,Seoul,Low,,,0,,23.22,330.88
H051,2021-08-01,2,Seoul,Middle,2023-09-01,2023Q3,0,-25,23.22,296.98
H052,2021-08-01,4,Seoul,Low,,,0,,23.22,360.5
H053,2021-08-01,3,Gyeonggi,Middle,2022-01-01,2022Q1,0,-5,23.22,328.43
H054,2021-08-01,2,Seoul,High,2022-11-01,2022Q4,0,-15,23.22,257.67
H055,2021-08-01,1,Daegu,High,2022-03-01,2022Q1,0,-7,23.22,235.76
H056,2021-08-01,4,Seoul,Low,,,0,,23.22,233.35
H057,2021-08-01,4,Daegu,High,2024-02-01,2024Q1,0,-30,23.22,330.65
H058,2021-08-01,2,Seoul,High,2023-06-01,2023Q2,0,-22,23.22,229.14
H059,2021-08-01,2,Gyeonggi,Low,2022-05-01,2022Q2,0,-9,23.22,209.55
H060,2021-08-01,2,Daegu,Middle,,,0,,23.22,230.55
H061,2021-08-01,2,Seoul,Low,,,0,,23.22,280.49
H062,2021-08-01,2,Seoul,Middle,2023-07-01,2023Q3,0,-23,23.22,268.47
H063,2021-08-01,3,Seoul,Middle,,,0,,23.22,262.93
H064,2021-08-01,1,Gyeonggi,Middle,2024-06-01,2024Q2,0,-34,23.22,212.48
H065,2021-08-01,3,Seoul,Middle,2023-12-01,2023Q4,0,-28,23.22,268.0
H066,2021-08-01,2,Gyeonggi,Low,,,0,,23.22,247.4
H067,2021-08-01,2,Gyeonggi,Middle,2023-04-01,2023Q2,0,-20,23.22,234.34
H068,2021-08-01,3,Busan,Middle,,,0,,23.22,332.18
H069,2021-08-01,2,Daegu,High,,,0,,23.22,285.78
H070,2021-08-01,2,Busan,Low,,,0,,23.22,242.17
H071,2021-08-01,2,Busan,Low,2023-10-01,2023Q4,0,-26,23.22,237.43
H072,2021-08-01,4,Seoul,Middle,,,0,,23.22,388.64
H073,2021-08-01,3,Daegu,Middle,2022-07-01,2022Q3,0,-11,23.22,252.81
H074,2021-08-01,2,Daegu,Low,2022-08-01,2022Q3,0,-12,23.22,293.48
H075,2021-08-01,1,Daegu,Middle,,,0,,23.22,260.22
H076,2021-08-01,4,Daegu,High,,,0,,23.22,319.97
H077,2021-08-01,4,Daegu,Middle,2024-08-01,2024Q3,0,-36,23.22,330.76
H078,2021-08-01,3,Busan,Middle,,,0,,23.22,250.35
H079,2021-08-01,2,Busan,Middle,2024-03-01,2024Q1,0,-31,23.22,223.44
H080,2021-08-01,4,Seoul,Middle,2023-07-01,2023Q3,0,-23,23.22,332.96
H081,2021-08-01,1,Daegu,Middle,2024-07-01,2024Q3,0,-35,23.22,254.66
H082,2021-08-01,3,Busan,Low,2023-09-01,2023Q3,0,-25,23.22,257.4
H083,2021-08-01,4,Gyeonggi,Middle,2024-11-01,2024Q4,0,-39,23.22,310.44
H084,2021-08-01,4,Gyeonggi,High,,,0,,23.22,407.12
H085,2021-08-01,5,Seoul,High,2023-03-01,2023Q1,0,-19,23.22,339.81
H086,2021-08-01,4,Gyeonggi,Low,2022-08-01,2022Q3,0,-12,23.22,253.59
H087,2021-08-01,2,Daegu,Low,,,0,,23.22,291.22
H088,2021-08-01,3,Seoul,High,2024-02-01,2024Q1,0,-30,23.22,306.82
H089,2021-08-01,4,Seoul,High,2022-04-01,2022Q2,0,-8,23.22,336.49
H090,2021-08-01,1,Seoul,Middle,2024-05-01,2024Q2,0,-33,23.22,259.55
H091,2021-08-01,4,Gyeonggi,Middle,,,0,,23.22,351.52
H092,2021-08-01,2,Busan,Low,2023-10-01,2023Q4,0,-26,23.22,267.22
H093,2021-08-01,3,Daegu,Middle,,,0,,23.22,290.83
H094,2021-08-01,3,Seoul,Middle,2024-10-01,2024Q4,0,-38,23.22,307.19
H095,2021-08-01,4,Seoul,Middle,,,0,,23.22,322.97
H096,2021-08-01,2,Daegu,High,2023-11-01,2023Q4,0,-27,23.22,305.29
H097,2021-08-01,4,Daegu,Middle,,,0,,23.22,265.06
H098,2021-08-01,2,Daegu,Middle,,,0,,23.22,302.91
H099,2021-08-01,3,Busan,High,,,0,,23.22,311.8
H100,2021-08-01,2,Daegu,Middle,,,0,,23.22,306.59
H101,2021-08-01,2,Daegu,High,,,0,,23.22,302.52
H102,2021-08-01,2,Busan,Middle,,,0,,23.22,292.57
H103,2021-08-01,2,Gyeonggi,Middle,,,0,,23.22,217.39
H104,2021-08-01,3,Daegu,Middle,2023-04-01,2023Q2,0,-20,23.22,287.63
H105,2021-08-01,3,Gyeonggi,Middle,,,0,,23.22,281.33
H106,2021-08-01,3,Busan,Middle,,,0,,23.22,248.42
H107,2021-08-01,2,Gyeonggi,Low,,,0,,23.22,238.55
H108,2021-08-01,4,Gyeonggi,Low,,,0,,23.22,326.5
H109,2021-08-01,2,Busan,High,2023-01-01,2023Q1,0,-17,23.22,286.0
H110,2021-08-01,4,Gyeonggi,Low,,,0,,23.22,307.56
H111,2021-08-01,3,Gyeonggi,Middle,2023-08-01,2023Q3,0,-24,23.22,327.71
H112,2021-08-01,3,Busan,Low,2023-02-01,2023Q1,0,-18,23.22,258.88
H113,2021-08-01,4,Daegu,Middle,2024-05-01,2024Q2,0,-33,23.22,309.4
H114,2021-08-01,1,Gyeonggi,Low,,,0,,23.22,215.66
H115,2021-08-01,3,Gyeonggi,High,2024-07-01,2024Q3,0,-35,23.22,278.91
H116,2021-08-01,2,Seoul,Middle,,,0,,23.22,308.74
H117,2021-08-01,5,Gyeonggi,Middle,2024-02-01,2024Q1,0,-30,23.22,306.27
H118,2021-08-01,2,Daegu,Middle,,,0,,23.22,277.33
H119,2021-08-01,2,Gyeonggi,Low,2022-05-01,2022Q2,0,-9,23.22,238.51
H120,2021-08-01,4,Gyeonggi,Middle,,,0,,23.22,349.08
H001,2021-09-01,3,Seoul,Middle,2024-09-01,2024Q3,0,-36,20.75,276.55
H002,2021-09-01,1,Daegu,Low,2022-09-01,2022Q3,0,-12,20.75,184.79
H003,2021-09-01,3,Gyeonggi,Middle,,,0,,20.75,303.77
H004,2021-09-01,2,Seoul,High,2023-06-01,2023Q2,0,-21,20.75,249.17
H005,2021-09-01,2,Gyeonggi,High,2023-10-01,2023Q4,0,-25,20.75,234.4
H006,2021-09-01,2,Seoul,Middle,,,0,,20.75,250.93
H007,2021-09-01,5,Daegu,Low,,,0,,20.75,339.61
H008,2021-09-01,2,Gyeonggi,Middle,2022-05-01,2022Q2,0,-8,20.75,277.35
H009,2021-09-01,5,Gyeonggi,High,,,0,,20.75,339.4
H010,2021-09-01,2,Busan,Low,2024-11-01,2024Q4,0,-38,20.75,247.47
H011,2021-09-01,1,Gyeonggi,Middle,2024-12-01,2024Q4,0,-39,20.75,231.51
H012,2021-09-01,3,Busan,High,,,0,,20.75,279.49
H013,2021-09-01,2,Seoul,High,,,0,,20.75,269.08
H014,2021-09-01,3,Busan,Low,,,0,,20.75,259.14
H015,2021-09-01,4,Daegu,Low,,,0,,20.75,395.93
H016,2021-09-01,4,Daegu,High,2022-03-01,2022Q1,0,-6,20.75,352.65
H017,2021-09-01,3,Seoul,High,2024-07-01,2024Q3,0,-34,20.75,302.0
H018,2021-09-01,3,Daegu,Middle,,,0,,20.75,297.81
H019,2021-09-01,3,Seoul,Middle,,,0,,20.75,317.44
H020,2021-09-01,4,Busan,Low,,,0,,20.75,332.02
H021,2021-09-01,3,Busan,High,2024-05-01,2024Q2,0,-32,20.75,276.78
H022,2021-09-01,4,Gyeonggi,Low,,,0,,20.75,319.0
H023,2021-09-01,3,Seoul,Middle,2023-04-01,2023Q2,0,-19,20.75,261.04
H024,2021-09-01,1,Seoul,Low,,,0,,20.75,230.57
H025,2021-09-01,1,Gyeonggi,Low,2024-07-01,2024Q3,0,-34,20.75,223.51
H026,2021-09-01,5,Gyeonggi,Middle,2024-11-01,2024Q4,0,-38,20.75,342.78
H027,2021-09-01,2,Daegu,Low,,,0,,20.75,248.95
H028,2021-09-01,2,Gyeonggi,Low,,,0,,20.75,285.6
H029,2021-09-01,1,Seoul,High,2024-08-01,2024Q3,0,-35,20.75,270.54
H030,2021-09-01,2,Gyeonggi,Middle,,,0,,20.75,229.12
H031,2021-09-01,3,Gyeonggi,High,2023-06-01,2023Q2,0,-21,20.75,317.2
H032,2021-09-01,3,Daegu,High,2024-11-01,2024Q4,0,-38,20.75,265.73
H033,2021-09-01,1,Daegu,Middle,2024-08-01,2024Q3,0,-35,20.75,213.21
H034,2021-09-01,1,Gyeonggi,Low,2022-08-01,2022Q3,0,-11,20.75,198.18
H035,2021-09-01,4,Seoul,Low,,,0,,20.75,375.81
H036,2021-09-01,5,Gyeonggi,Low,,,0,,20.75,373.92
H037,2021-09-01,2,Daegu,High,2023-05-01,2023Q2,0,-20,20.75,337.06
H038,2021-09-01,3,Daegu,Low,2022-10-01,2022Q4,0,-13,20.75,273.68
H039,2021-09-01,4,Seoul,Middle,,,0,,20.75,321.88
H040,2021-09-01,4,Gyeonggi,Low,,,0,,20.75,294.77
H041,2021-09-01,4,Seoul,Middle,2024-04-01,2024Q2,0,-31,20.75,346.08
H042,2021-09-01,3,Seoul,Middle,2024-10-01,2024Q4,0,-37,20.75,235.51
H043,2021-09-01,3,Busan,Low,2024-11-01,2024Q4,0,-38,20.75,256.76
H044,2021-09-01,2,Busan,High,,,0,,20.75,238.32
H045,2021-09-01,1,Seoul,Low,,,0,,20.75,266.76
H046,2021-09-01,4,Gyeonggi,Middle,2024-12-01,2024Q4,0,-39,20.75,310.28
H047,2021-09-01,2,Seoul,Middle,2022-05-01,2022Q2,0,-8,20.75,237.23
H048,2021-09-01,1,Seoul,Middle,2023-10-01,2023Q4,0,-25,20.75,245.16
H049,2021-09-01,2,Busan,Low,,,0,,20.75,224.34
H050,2021-09-01,4,Seoul,Low,,,0,,20.75,303.1
H051,2021-09-01,2,Seoul,Middle,2023-09-01,2023Q3,0,-24,20.75,263.7
H052,2021-09-01,4,Seoul,Low,,,0,,20.75,347.69
H053,2021-09-01,3,Gyeonggi,Middle,2022-01-01,2022Q1,0,-4,20.75,299.37
H054,2021-09-01,2,Seoul,High,2022-11-01,2022Q4,0,-14,20.75,189.82
H055,2021-09-01,1,Daegu,High,2022-03-01,2022Q1,0,-6,20.75,255.6
H056,2021-09-01,4,Seoul,Low,,,0,,20.75,263.14
H057,2021-09-01,4,Daegu,High,2024-02-01,2024Q1,0,-29,20.75,315.52
H058,2021-09-01,2,Seoul,High,2023-06-01,2023Q2,0,-21,20.75,212.63
H059,2021-09-01,2,Gyeonggi,Low,2022-05-01,2022Q2,0,-8,20.75,221.93
H060,2021-09-01,2,Daegu,Middle,,,0,,20.75,224.36
H061,2021-09-01,2,Seoul,Low,,,0,,20.75,255.0
H062,2021-09-01,2,Seoul,Middle,2023-07-01,2023Q3,0,-22,20.75,233.25
H063,2021-09-01,3,Seoul,Middle,,,0,,20.75,247.65
H064,2021-09-01,1,Gyeonggi,Middle,2024-06-01,2024Q2,0,-33,20.75,233.34
H065,2021-09-01,3,Seoul,Middle,2023-12-01,2023Q4,0,-27,20.75,269.5
H066,2021-09-01,2,Gyeonggi,Low,,,0,,20.75,267.22
H067,2021-09-01,2,Gyeonggi,Middle,2023-04-01,2023Q2,0,-19,20.75,247.56
H068,2021-09-01,3,Busan,Middle,,,0,,20.75,315.08
H069,2021-09-01,2,Daegu,High,,,0,,20.75,304.86
H070,2021-09-01,2,Busan,Low,,,0,,20.75,251.5
H071,2021-09-01,2,Busan,Low,2023-10-01,2023Q4,0,-25,20.75,243.8
H072,2021-09-01,4,Seoul,Middle,,,0,,20.75,340.77
H073,2021-09-01,3,Daegu,Middle,2022-07-01,2022Q3,0,-10,20.75,314.94
H074,2021-09-01,2,Daegu,Low,2022-08-01,2022Q3,0,-11,20.75,242.86
H075,2021-09-01,1,Daegu,Middle,,,0,,20.75,279.43
H076,2021-09-01,4,Daegu,High,,,0,,20.75,370.33
H077,2021-09-01,4,Daegu,Middle,2024-08-01,2024Q3,0,-35,20.75,288.92
H078,2021-09-01,3,Busan,Middle,,,0,,20.75,234.92
H079,2021-09-01,2,Busan,Middle,2024-03-01,2024Q1,0,-30,20.75,229.59
H080,2021-09-01,4,Seoul,Middle,2023-07-01,2023Q3,0,-22,20.75,322.38
H081,2021-09-01,1,Daegu,Middle,2024-07-01,2024Q3,0,-34,20.75,246.87
H082,2021-09-01,3,Busan,Low,2023-09-01,2023Q3,0,-24,20.75,198.98
H083,2021-09-01,4,Gyeonggi,Middle,2024-11-01,2024Q4,0,-38,20.75,345.65
H084,2021-09-01,4,Gyeonggi,High,,,0,,20.75,340.34
H085,2021-09-01,5,Seoul,High,2023-03-01,2023Q1,0,-18,20.75,330.28
H086,2021-09-01,4,Gyeonggi,Low,2022-08-01,2022Q3,0,-11,20.75,314.65
H087,2021-09-01,2,Daegu,Low,,,0,,20.75,314.62
H088,2021-09-01,3,Seoul,High,2024-02-01,2024Q1,0,-29,20.75,285.54
H089,2021-09-01,4,Seoul,High,2022-04-01,2022Q2,0,-7,20.75,365.51
H090,2021-09-01,1,Seoul,Middle,2024-05-01,2024Q2,0,-32,20.75,231.51
H091,2021-09-01,4,Gyeonggi,Middle,,,0,,20.75,313.93
H092,2021-09-01,2,Busan,Low,2023-10-01,2023Q4,0,-25,20.75,208.96
H093,2021-09-01,3,Daegu,Middle,,,0,,20.75,252.97
H094,2021-09-01,3,Seoul,Middle,2024-10-01,2024Q4,0,-37,20.75,266.18
H095,2021-09-01,4,Seoul,Middle,,,0,,20.75,285.73
H096,2021-09-01,2,Daegu,High,2023-11-01,2023Q4,0,-26,20.75,283.67
H097,2021-09-01,4,Daegu,Middle,,,0,,20.75,309.56
H098,2021-09-01,2,Daegu,Middle,,,0,,20.75,280.05
H099,2021-09-01,3,Busan,High,,,0,,20.75,364.02
H100,2021-09-01,2,Daegu,Middle,,,0,,20.75,241.76
H101,2021-09-01,2,Daegu,High,,,0,,20.75,299.04
H102,2021-09-01,2,Busan,Middle,,,0,,20.75,273.56
H103,2021-09-01,2,Gyeonggi,Middle,,,0,,20.75,260.98
H104,2021-09-01,3,Daegu,Middle,2023-04-01,2023Q2,0,-19,20.75,277.36
H105,2021-09-01,3,Gyeonggi,Middle,,,0,,20.75,288.37
H106,2021-09-01,3,Busan,Middle,,,0,,20.75,304.68
H107,2021-09-01,2,Gyeonggi,Low,,,0,,20.75,238.41
H108,2021-09-01,4,Gyeonggi,Low,,,0,,20.75,316.38
H109,2021-09-01,2,Busan,High,2023-01-01,2023Q1,0,-16,20.75,289.05
H110,2021-09-01,4,Gyeonggi,Low,,,0,,20.75,281.35
H111,2021-09-01,3,Gyeonggi,Middle,2023-08-01,2023Q3,0,-23,20.75,268.97
H112,2021-09-01,3,Busan,Low,2023-02-01,2023Q1,0,-17,20.75,301.54
H113,2021-09-01,4,Daegu,Middle,2024-05-01,2024Q2,0,-32,20.75,276.62
H114,2021-09-01,1,Gyeonggi,Low,,,0,,20.75,249.82
H115,2021-09-01,3,Gyeonggi,High,2024-07-01,2024Q3,0,-34,20.75,260.44
H116,2021-09-01,2,Seoul,Middle,,,0,,20.75,286.67
H117,2021-09-01,5,Gyeonggi,Middle,2024-02-01,2024Q1,0,-29,20.75,364.09
H118,2021-09-01,2,Daegu,Middle,,,0,,20.75,259.86
H119,2021-09-01,2,Gyeonggi,Low,2022-05-01,2022Q2,0,-8,20.75,221.32
H120,2021-09-01,4,Gyeonggi,Middle,,,0,,20.75,343.19
H001,2021-10-01,3,Seoul,Middle,2024-09-01,2024Q3,0,-35,19.38,258.3
H002,2021-10-01,1,Daegu,Low,2022-09-01,2022Q3,0,-11,19.38,219.06
H003,2021-10-01,3,Gyeonggi,Middle,,,0,,19.38,215.81
H004,2021-10-01,2,Seoul,High,2023-06-01,2023Q2,0,-20,19.38,228.62
H005,2021-10-01,2,Gyeonggi,High,2023-10-01,2023Q4,0,-24,19.38,257.54
H006,2021-10-01,2,Seoul,Middle,,,0,,19.38,241.9
H007,2021-10-01,5,Daegu,Low,,,0,,19.38,284.75
H008,2021-10-01,2,Gyeonggi,Middle,2022-05-01,2022Q2,0,-7,19.38,257.53
H009,2021-10-01,5,Gyeonggi,High,,,0,,19.38,334.95
H010,2021-10-01,2,Busan,Low,2024-11-01,2024Q4,0,-37,19.38,279.12
H011,2021-10-01,1,Gyeonggi,Middle,2024-12-01,2024Q4,0,-38,19.38,188.13
H012,2021-10-01,3,Busan,High,,,0,,19.38,300.76
H013,2021-10-01,2,Seoul,High,,,0,,19.38,280.72
H014,2021-10-01,3,Busan,Low,,,0,,19.38,267.66
H015,2021-10-01,4,Daegu,Low,,,0,,19.38,309.89
H016,2021-10-01,4,Daegu,High,2022-03-01,2022Q1,0,-5,19.38,334.05
H017,2021-10-01,3,Seoul,High,2024-07-01,2024Q3,0,-33,19.38,300.36
H018,2021-10-01,3,Daegu,Middle,,,0,,19.38,258.76
H019,2021-10-01,3,Seoul,Middle,,,0,,19.38,255.81
H020,2021-10-01,4,Busan,Low,,,0,,19.38,295.87
H021,2021-10-01,3,Busan,High,2024-05-01,2024Q2,0,-31,19.38,238.07
H022,2021-10-01,4,Gyeonggi,Low,,,0,,19.38,299.76
H023,2021-10-01,3,Seoul,Middle,2023-04-01,2023Q2,0,-18,19.38,282.95
H024,2021-10-01,1,Seoul,Low,,,0,,19.38,189.74
H025,2021-10-01,1,Gyeonggi,Low,2024-07-01,2024Q3,0,-33,19.38,202.75
H026,2021-10-01,5,Gyeonggi,Middle,2024-11-01,2024Q4,0,-37,19.38,395.96
H027,2021-10-01,2,Daegu,Low,,,0,,19.38,221.11
H028,2021-10-01,2,Gyeonggi,Low,,,0,,19.38,289.81
H029,2021-10-01,1,Seoul,High,2024-08-01,2024Q3,0,-34,19.38,249.96
H030,2021-10-01,2,Gyeonggi,Middle,,,0,,19.38,236.7
H031,2021-10-01,3,Gyeonggi,High,2023-06-01,2023Q2,0,-20,19.38,273.41
H032,2021-10-01,3,Daegu,High,2024-11-01,2024Q4,0,-37,19.38,262.18
H033,2021-10-01,1,Daegu,Middle,2024-08-01,2024Q3,0,-34,19.38,208.73
H034,2021-10-01,1,Gyeonggi,Low,2022-08-01,2022Q3,0,-10,19.38,145.26
H035,2021-10-01,4,Seoul,Low,,,0,,19.38,346.46
H036,2021-10-01,5,Gyeonggi,Low,,,0,,19.38,314.99
H037,2021-10-01,2,Daegu,High,2023-05-01,2023Q2,0,-19,19.38,272.66
H038,2021-10-01,3,Daegu,Low,2022-10-01,2022Q4,0,-12,19.38,252.08
H039,2021-10-01,4,Seoul,Middle,,,0,,19.38,401.14
H040,2021-10-01,4,Gyeonggi,Low,,,0,,19.38,265.37
H041,2021-10-01,4,Seoul,Middle,2024-04-01,2024Q2,0,-30,19.38,272.21
H042,2021-10-01,3,Seoul,Middle,2024-10-01,2024Q4,0,-36,19.38,276.46
H043,2021-10-01,3,Busan,Low,2024-11-01,2024Q4,0,-37,19.38,308.07
H044,2021-10-01,2,Busan,High,,,0,,19.38,215.2
H045,2021-10-01,1,Seoul,Low,,,0,,19.38,255.76
H046,2021-10-01,4,Gyeonggi,Middle,2024-12-01,2024Q4,0,-38,19.38,299.7
H047,2021-10-01,2,Seoul,Middle,2022-05-01,2022Q2,0,-7,19.38,228.93
H048,2021-10-01,1,Seoul,Middle,2023-10-01,2023Q4,0,-24,19.38,202.56
H049,2021-10-01,2,Busan,Low,,,0,,19.38,268.96
H050,2021-10-01,4,Seoul,Low,,,0,,19.38,321.8
H051,2021-10-01,2,Seoul,Middle,2023-09-01,2023Q3,0,-23,19.38,272.19
H052,2021-10-01,4,Seoul,Low,,,0,,19.38,407.37
H053,2021-10-01,3,Gyeonggi,Middle,2022-01-01,2022Q1,0,-3,19.38,264.65
H054,2021-10-01,2,Seoul,High,2022-11-01,2022Q4,0,-13,19.38,231.3
H055,2021-10-01,1,Daegu,High,2022-03-01,2022Q1,0,-5,19.38,276.12
H056,2021-10-01,4,Seoul,Low,,,0,,19.38,224.09
H057,2021-10-01,4,Daegu,High,2024-02-01,2024Q1,0,-28,19.38,327.87
H058,2021-10-01,2,Seoul,High,2023-06-01,2023Q2,0,-20,19.38,236.76
H059,2021-10-01,2,Gyeonggi,Low,2022-05-01,2022Q2,0,-7,19.38,237.87
H060,2021-10-01,2,Daegu,Middle,,,0,,19.38,233.46
H061,2021-10-01,2,Seoul,Low,,,0,,19.38,231.56
H062,2021-10-01,2,Seoul,Middle,2023-07-01,2023Q3,0,-21,19.38,248.07
H063,2021-10-01,3,Seoul,Middle,,,0,,19.38,274.24
H064,2021-10-01,1,Gyeonggi,Middle,2024-06-01,2024Q2,0,-32,19.38,249.18
H065,2021-10-01,3,Seoul,Middle,2023-12-01,2023Q4,0,-26,19.38,275.89
H066,2021-10-01,2,Gyeonggi,Low,,,0,,19.38,226.81
H067,2021-10-01,2,Gyeonggi,Middle,2023-04-01,2023Q2,0,-18,19.38,240.85
H068,2021-10-01,3,Busan,Middle,,,0,,19.38,276.32
H069,2021-10-01,2,Daegu,High,,,0,,19.38,327.32
H070,2021-10-01,2,Busan,Low,,,0,,19.38,177.72
H071,2021-10-01,2,Busan,Low,2023-10-01,2023Q4,0,-24,19.38,241.87
H072,2021-10-01,4,Seoul,Middle,,,0,,19.38,280.97
H073,2021-10-01,3,Daegu,Middle,2022-07-01,2022Q3,0,-9,19.38,302.64
H074,2021-10-01,2,Daegu,Low,2022-08-01,2022Q3,0,-10,19.38,283.52
H075,2021-10-01,1,Daegu,Middle,,,0,,19.38,249.67
H076,2021-10-01,4,Daegu,High,,,0,,19.38,326.77
H077,2021-10-01,4,Daegu,Middle,2024-08-01,2024Q3,0,-34,19.38,291.28
H078,2021-10-01,3,Busan,Middle,,,0,,19.38,239.01
H079,2021-10-01,2,Busan,Middle,2024-03-01,2024Q1,0,-29,19.38,224.08
H080,2021-10-01,4,Seoul,Middle,2023-07-01,2023Q3,0,-21,19.38,316.45
H081,2021-10-01,1,Daegu,Middle,2024-07-01,2024Q3,0,-33,19.38,222.9
H082,2021-10-01,3,Busan,Low,2023-09-01,2023Q3,0,-23,19.38,142.59
H083,2021-10-01,4,Gyeonggi,Middle,2024-11-01,2024Q4,0,-37,19.38,288.93
H084,2021-10-01,4,Gyeonggi,High,,,0,,19.38,384.42
H085,2021-10-01,5,Seoul,High,2023-03-01,2023Q1,0,-17,19.38,355.57
H086,2021-10-01,4,Gyeonggi,Low,2022-08-01,2022Q3,0,-10,19.38,279.69
H087,2021-10-01,2,Daegu,Low,,,0,,19.38,251.82
H088,2021-10-01,3,Seoul,High,2024-02-01,2024Q1,0,-28,19.38,276.9
H089,2021-10-01,4,Seoul,High,2022-04-01,2022Q2,0,-6,19.38,348.97
H090,2021-10-01,1,Seoul,Middle,2024-05-01,2024Q2,0,-31,19.38,227.23
H091,2021-10-01,4,Gyeonggi,Middle,,,0,,19.38,315.51
H092,2021-10-01,2,Busan,Low,2023-10-01,2023Q4,0,-24,19.38,234.86
H093,2021-10-01,3,Daegu,Middle,,,0,,19.38,298.58
H094,2021-10-01,3,Seoul,Middle,2024-10-01,2024Q4,0,-36,19.38,242.44
H095,2021-10-01,4,Seoul,Middle,,,0,,19.38,278.35
H096,2021-10-01,2,Daegu,High,2023-11-01,2023Q4,0,-25,19.38,281.23
H097,2021-10-01,4,Daegu,Middle,,,0,,19.38,283.35
H098,2021-10-01,2,Daegu,Middle,,,0,,19.38,246.92
H099,2021-10-01,3,Busan,High,,,0,,19.38,274.76
H100,2021-10-01,2,Daegu,Middle,,,0,,19.38,223.57
H101,2021-10-01,2,Daegu,High,,,0,,19.38,276.45
H102,2021-10-01,2,Busan,Middle,,,0,,19.38,261.01
H103,2021-10-01,2,Gyeonggi,Middle,,,0,,19.38,211.46
H104,2021-10-01,3,Daegu,Middle,2023-04-01,2023Q2,0,-18,19.38,240.81
H105,2021-10-01,3,Gyeonggi,Middle,,,0,,19.38,229.03
H106,2021-10-01,3,Busan,Middle,,,0,,19.38,267.97
H107,2021-10-01,2,Gyeonggi,Low,,,0,,19.38,213.51
H108,2021-10-01,4,Gyeonggi,Low,,,0,,19.38,310.72
H109,2021-10-01,2,Busan,High,2023-01-01,2023Q1,0,-15,19.38,255.39
H110,2021-10-01,4,Gyeonggi,Low,,,0,,19.38,264.43
H111,2021-10-01,3,Gyeonggi,Middle,2023-08-01,2023Q3,0,-22,19.38,277.72
H112,2021-10-01,3,Busan,Low,2023-02-01,2023Q1,0,-16,19.38,284.89
H113,2021-10-01,4,Daegu,Middle,2024-05-01,2024Q2,0,-31,19.38,276.17
H114,2021-10-01,1,Gyeonggi,Low,,,0,,19.38,188.21
H115,2021-10-01,3,Gyeonggi,High,2024-07-01,2024Q3,0,-33,19.38,224.38
H116,2021-10-01,2,Seoul,Middle,,,0,,19.38,291.04
H117,2021-10-01,5,Gyeonggi,Middle,2024-02-01,2024Q1,0,-28,19.38,359.34
H118,2021-10-01,2,Daegu,Middle,,,0,,19.38,266.49
H119,2021-10-01,2,Gyeonggi,Low,2022-05-01,2022Q2,0,-7,19.38,257.98
H120,2021-10-01,4,Gyeonggi,Middle,,,0,,19.38,359.01
H001,2021-11-01,3,Seoul,Middle,2024-09-01,2024Q3,0,-34,11.18,281.78
H002,2021-11-01,1,Daegu,Low,2022-09-01,2022Q3,0,-10,11.18,238.12
H003,2021-11-01,3,Gyeonggi,Middle,,,0,,11.18,295.87
H004,2021-11-01,2,Seoul,High,2023-06-01,2023Q2,0,-19,11.18,238.76
H005,2021-11-01,2,Gyeonggi,High,2023-10-01,2023Q4,0,-23,11.18,268.92
H006,2021-11-01,2,Seoul,Middle,,,0,,11.18,271.56
H007,2021-11-01,5,Daegu,Low,,,0,,11.18,347.68
H008,2021-11-01,2,Gyeonggi,Middle,2022-05-01,2022Q2,0,-6,11.18,311.43
H009,2021-11-01,5,Gyeonggi,High,,,0,,11.18,357.34
H010,2021-11-01,2,Busan,Low,2024-11-01,2024Q4,0,-36,11.18,261.52
H011,2021-11-01,1,Gyeonggi,Middle,2024-12-01,2024Q4,0,-37,11.18,205.66
H012,2021-11-01,3,Busan,High,,,0,,11.18,289.54
H013,2021-11-01,2,Seoul,High,,,0,,11.18,263.64
H014,2021-11-01,3,Busan,Low,,,0,,11.18,293.2
H015,2021-11-01,4,Daegu,Low,,,0,,11.18,330.21
H016,2021-11-01,4,Daegu,High,2022-03-01,2022Q1,0,-4,11.18,366.91
H017,2021-11-01,3,Seoul,High,2024-07-01,2024Q3,0,-32,11.18,272.58
H018,2021-11-01,3,Daegu,Middle,,,0,,11.18,234.68
H019,2021-11-01,3,Seoul,Middle,,,0,,11.18,343.74
H020,2021-11-01,4,Busan,Low,,,0,,11.18,320.79
H021,2021-11-01,3,Busan,High,2024-05-01,2024Q2,0,-30,11.18,261.91
H022,2021-11-01,4,Gyeonggi,Low,,,0,,11.18,298.52
H023,2021-11-01,3,Seoul,Middle,2023-04-01,2023Q2,0,-17,11.18,277.97
H024,2021-11-01,1,Seoul,Low,,,0,,11.18,288.07
H025,2021-11-01,1,Gyeonggi,Low,2024-07-01,2024Q3,0,-32,11.18,222.01
H026,2021-11-01,5,Gyeonggi,Middle,2024-11-01,2024Q4,0,-36,11.18,354.09
H027,2021-11-01,2,Daegu,Low,,,0,,11.18,241.01
H028,2021-11-01,2,Gyeonggi,Low,,,0,,11.18,272.78
H029,2021-11-01,1,Seoul,High,2024-08-01,2024Q3,0,-33,11.18,247.37
H030,2021-11-01,2,Gyeonggi,Middle,,,0,,11.18,216.43
H031,2021-11-01,3,Gyeonggi,High,2023-06-01,2023Q2,0,-19,11.18,330.78
H032,2021-11-01,3,Daegu,High,2024-11-01,2024Q4,0,-36,11.18,290.69
H033,2021-11-01,1,Daegu,Middle,2024-08-01,2024Q3,0,-33,11.18,160.66
H034,2021-11-01,1,Gyeonggi,Low,2022-08-01,2022Q3,0,-9,11.18,194.16
H035,2021-11-01,4,Seoul,Low,,,0,,11.18,322.41
H036,2021-11-01,5,Gyeonggi,Low,,,0,,11.18,354.82
H037,2021-11-01,2,Daegu,High,2023-05-01,2023Q2,0,-18,11.18,269.15
H038,2021-11-01,3,Daegu,Low,2022-10-01,2022Q4,0,-11,11.18,306.41
H039,2021-11-01,4,Seoul,Middle,,,0,,11.18,299.56
H040,2021-11-01,4,Gyeonggi,Low,,,0,,11.18,287.9
H041,2021-11-01,4,Seoul,Middle,2024-04-01,2024Q2,0,-29,11.18,328.78
H042,2021-11-01,3,Seoul,Middle,2024-10-01,2024Q4,0,-35,11.18,252.38
H043,2021-11-01,3,Busan,Low,2024-11-01,2024Q4,0,-36,11.18,234.64
H044,2021-11-01,2,Busan,High,,,0,,11.18,234.95
H045,2021-11-01,1,Seoul,Low,,,0,,11.18,202.2
H046,2021-11-01,4,Gyeonggi,Middle,2024-12-01,2024Q4,0,-37,11.18,343.22
H047,2021-11-01,2,Seoul,Middle,2022-05-01,2022Q2,0,-6,11.18,233.3
H048,2021-11-01,1,Seoul,Middle,2023-10-01,2023Q4,0,-23,11.18,171.24
H049,2021-11-01,2,Busan,Low,,,0,,11.18,217.04
H050,2021-11-01,4,Seoul,Low,,,0,,11.18,287.95
H051,2021-11-01,2,Seoul,Middle,2023-09-01,2023Q3,0,-22,11.18,298.28
H052,2021-11-01,4,Seoul,Low,,,0,,11.18,365.48
H053,2021-11-01,3,Gyeonggi,Middle,2022-01-01,2022Q1,0,-2,11.18,303.08
H054,2021-11-01,2,Seoul,High,2022-11-01,2022Q4,0,-12,11.18,233.49
H055,2021-11-01,1,Daegu,High,2022-03-01,2022Q1,0,-4,11.18,214.62
H056,2021-11-01,4,Seoul,Low,,,0,,11.18,206.5
H057,2021-11-01,4,Daegu,High,2024-02-01,2024Q1,0,-27,11.18,342.93
H058,2021-11-01,2,Seoul,High,2023-06-01,2023Q2,0,-19,11.18,242.55
H059,2021-11-01,2,Gyeonggi,Low,2022-05-01,2022Q2,0,-6,11.18,257.71
H060,2021-11-01,2,Daegu,Middle,,,0,,11.18,223.67
H061,2021-11-01,2,Seoul,Low,,,0,,11.18,313.8
H062,2021-11-01,2,Seoul,Middle,2023-07-01,2023Q3,0,-20,11.18,250.08
H063,2021-11-01,3,Seoul,Middle,,,0,,11.18,255.92
H064,2021-11-01,1,Gyeonggi,Middle,2024-06-01,2024Q2,0,-31,11.18,230.8
H065,2021-11-01,3,Seoul,Middle,2023-12-01,2023Q4,0,-25,11.18,253.29
H066,2021-11-01,2,Gyeonggi,Low,,,0,,11.18,270.47
H067,2021-11-01,2,Gyeonggi,Middle,2023-04-01,2023Q2,0,-17,11.18,199.21
H068,2021-11-01,3,Busan,Middle,,,0,,11.18,316.01
H069,2021-11-01,2,Daegu,High,,,0,,11.18,305.84
H070,2021-11-01,2,Busan,Low,,,0,,11.18,231.56
H071,2021-11-01,2,Busan,Low,2023-10-01,2023Q4,0,-23,11.18,240.72
H072,2021-11-01,4,Seoul,Middle,,,0,,11.18,284.54
H073,2021-11-01,3,Daegu,Middle,2022-07-01,2022Q3,0,-8,11.18,259.12
H074,2021-11-01,2,Daegu,Low,2022-08-01,2022Q3,0,-9,11.18,311.18
H075,2021-11-01,1,Daegu,Middle,,,0,,11.18,264.85
H076,2021-11-01,4,Daegu,High,,,0,,11.18,308.89
H077,2021-11-01,4,Daegu,Middle,2024-08-01,2024Q3,0,-33,11.18,318.05
H078,2021-11-01,3,Busan,Middle,,,0,,11.18,241.15
H079,2021-11-01,2,Busan,Middle,2024-03-01,2024Q1,0,-28,11.18,280.75
H080,2021-11-01,4,Seoul,Middle,2023-07-01,2023Q3,0,-20,11.18,334.12
H081,2021-11-01,1,Daegu,Middle,2024-07-01,2024Q3,0,-32,11.18,239.93
H082,2021-11-01,3,Busan,Low,2023-09-01,2023Q3,0,-22,11.18,199.94
H083,2021-11-01,4,Gyeonggi,Middle,2024-11-01,2024Q4,0,-36,11.18,352.64
H084,2021-11-01,4,Gyeonggi,High,,,0,,11.18,354.14
H085,2021-11-01,5,Seoul,High,2023-03-01,2023Q1,0,-16,11.18,308.39
H086,2021-11-01,4,Gyeonggi,Low,2022-08-01,2022Q3,0,-9,11.18,256.47
H087,2021-11-01,2,Daegu,Low,,,0,,11.18,242.72
H088,2021-11-01,3,Seoul,High,2024-02-01,2024Q1,0,-27,11.18,284.78
H089,2021-11-01,4,Seoul,High,2022-04-01,2022Q2,0,-5,11.18,360.78
H090,2021-11-01,1,Seoul,Middle,2024-05-01,2024Q2,0,-30,11.18,243.82
H091,2021-11-01,4,Gyeonggi,Middle,,,0,,11.18,375.21
H092,2021-11-01,2,Busan,Low,2023-10-01,2023Q4,0,-23,11.18,231.23
H093,2021-11-01,3,Daegu,Middle,,,0,,11.18,297.52
H094,2021-11-01,3,Seoul,Middle,2024-10-01,2024Q4,0,-35,11.18,328.16
H095,2021-11-01,4,Seoul,Middle,,,0,,11.18,313.26
H096,2021-11-01,2,Daegu,High,2023-11-01,2023Q4,0,-24,11.18,317.15
H097,2021-11-01,4,Daegu,Middle,,,0,,11.18,238.32
H098,2021-11-01,2,Daegu,Middle,,,0,,11.18,247.78
H099,2021-11-01,3,Busan,High,,,0,,11.18,277.99
H100,2021-11-01,2,Daegu,Middle,,,0,,11.18,179.03
H101,2021-11-01,2,Daegu,High,,,0,,11.18,277.55
H102,2021-11-01,2,Busan,Middle,,,0,,11.18,292.71
H103,2021-11-01,2,Gyeonggi,Middle,,,0,,11.18,207.65
H104,2021-11-01,3,Daegu,Middle,2023-04-01,2023Q2,0,-17,11.18,286.82
H105,2021-11-01,3,Gyeonggi,Middle,,,0,,11.18,243.26
H106,2021-11-01,3,Busan,Middle,,,0,,11.18,249.45
H107,2021-11-01,2,Gyeonggi,Low,,,0,,11.18,258.24
H108,2021-11-01,4,Gyeonggi,Low,,,0,,11.18,285.16
H109,2021-11-01,2,Busan,High,2023-01-01,2023Q1,0,-14,11.18,300.8
H110,2021-11-01,4,Gyeonggi,Low,,,0,,11.18,241.41
H111,2021-11-01,3,Gyeonggi,Middle,2023-08-01,2023Q3,0,-21,11.18,293.38
H112,2021-11-01,3,Busan,Low,2023-02-01,2023Q1,0,-15,11.18,241.44
H113,2021-11-01,4,Daegu,Middle,2024-05-01,2024Q2,0,-30,11.18,313.55
H114,2021-11-01,1,Gyeonggi,Low,,,0,,11.18,222.16
H115,2021-11-01,3,Gyeonggi,High,2024-07-01,2024Q3,0,-32,11.18,218.3
H116,2021-11-01,2,Seoul,Middle,,,0,,11.18,229.18
H117,2021-11-01,5,Gyeonggi,Middle,2024-02-01,2024Q1,0,-27,11.18,316.61
H118,2021-11-01,2,Daegu,Middle,,,0,,11.18,248.43
H119,2021-11-01,2,Gyeonggi,Low,2022-05-01,2022Q2,0,-6,11.18,234.03
H120,2021-11-01,4,Gyeonggi,Middle,,,0,,11.18,356.87
H001,2021-12-01,3,Seoul,Middle,2024-09-01,2024Q3,0,-33,7.94,260.2
H002,2021-12-01,1,Daegu,Low,2022-09-01,2022Q3,0,-9,7.94,192.44
H003,2021-12-01,3,Gyeonggi,Middle,,,0,,7.94,294.74
H004,2021-12-01,2,Seoul,High,2023-06-01,2023Q2,0,-18,7.94,252.05
H005,2021-12-01,2,Gyeonggi,High,2023-10-01,2023Q4,0,-22,7.94,278.09
H006,2021-12-01,2,Seoul,Middle,,,0,,7.94,257.5
H007,2021-12-01,5,Daegu,Low,,,0,,7.94,323.14
H008,2021-12-01,2,Gyeonggi,Middle,2022-05-01,2022Q2,0,-5,7.94,333.1
H009,2021-12-01,5,Gyeonggi,High,,,0,,7.94,313.0
H010,2021-12-01,2,Busan,Low,2024-11-01,2024Q4,0,-35,7.94,232.72
H011,2021-12-01,1,Gyeonggi,Middle,2024-12-01,2024Q4,0,-36,7.94,255.79
H012,2021-12-01,3,Busan,High,,,0,,7.94,363.7
H013,2021-12-01,2,Seoul,High,,,0,,7.94,271.04
H014,2021-12-01,3,Busan,Low,,,0,,7.94,248.03
H015,2021-12-01,4,Daegu,Low,,,0,,7.94,282.81
H016,2021-12-01,4,Daegu,High,2022-03-01,2022Q1,0,-3,7.94,369.82
H017,2021-12-01,3,Seoul,High,2024-07-01,2024Q3,0,-31,7.94,288.75
H018,2021-12-01,3,Daegu,Middle,,,0,,7.94,332.1
H019,2021-12-01,3,Seoul,Middle,,,0,,7.94,383.19
H020,2021-12-01,4,Busan,Low,,,0,,7.94,337.17
H021,2021-12-01,3,Busan,High,2024-05-01,2024Q2,0,-29,7.94,315.21
H022,2021-12-01,4,Gyeonggi,Low,,,0,,7.94,284.65
H023,2021-12-01,3,Seoul,Middle,2023-04-01,2023Q2,0,-16,7.94,309.31
H024,2021-12-01,1,Seoul,Low,,,0,,7.94,227.29
H025,2021-12-01,1,Gyeonggi,Low,2024-07-01,2024Q3,0,-31,7.94,203.65
H026,2021-12-01,5,Gyeonggi,Middle,2024-11-01,2024Q4,0,-35,7.94,388.54
H027,2021-12-01,2,Daegu,Low,,,0,,7.94,269.79
H028,2021-12-01,2,Gyeonggi,Low,,,0,,7.94,328.47
H029,2021-12-01,1,Seoul,High,2024-08-01,2024Q3,0,-32,7.94,220.67
H030,2021-12-01,2,Gyeonggi,Middle,,,0,,7.94,247.75
H031,2021-12-01,3,Gyeonggi,High,2023-06-01,2023Q2,0,-18,7.94,296.95
H032,2021-12-01,3,Daegu,High,2024-11-01,2024Q4,0,-35,7.94,314.42
H033,2021-12-01,1,Daegu,Middle,2024-08-01,2024Q3,0,-32,7.94,225.06
H034,2021-12-01,1,Gyeonggi,Low,2022-08-01,2022Q3,0,-8,7.94,234.0
H035,2021-12-01,4,Seoul,Low,,,0,,7.94,324.37
H036,2021-12-01,5,Gyeonggi,Low,,,0,,7.94,339.14
H037,2021-12-01,2,Daegu,High,2023-05-01,2023Q2,0,-17,7.94,335.46
H038,2021-12-01,3,Daegu,Low,2022-10-01,2022Q4,0,-10,7.94,320.16
H039,2021-12-01,4,Seoul,Middle,,,0,,7.94,302.79
H040,2021-12-01,4,Gyeonggi,Low,,,0,,7.94,332.59
H041,2021-12-01,4,Seoul,Middle,2024-04-01,2024Q2,0,-28,7.94,333.13
H042,2021-12-01,3,Seoul,Middle,2024-10-01,2024Q4,0,-34,7.94,266.39
H043,2021-12-01,3,Busan,Low,2024-11-01,2024Q4,0,-35,7.94,243.71
H044,2021-12-01,2,Busan,High,,,0,,7.94,273.6
H045,2021-12-01,1,Seoul,Low,,,0,,7.94,232.98
H046,2021-12-01,4,Gyeonggi,Middle,2024-12-01,2024Q4,0,-36,7.94,353.67
H047,2021-12-01,2,Seoul,Middle,2022-05-01,2022Q2,0,-5,7.94,212.79
H048,2021-12-01,1,Seoul,Middle,2023-10-01,2023Q4,0,-22,7.94,275.39
H049,2021-12-01,2,Busan,Low,,,0,,7.94,212.21
H050,2021-12-01,4,Seoul,Low,,,0,,7.94,285.82
H051,2021-12-01,2,Seoul,Middle,2023-09-01,2023Q3,0,-21,7.94,318.79
H052,2021-12-01,4,Seoul,Low,,,0,,7.94,373.17
H053,2021-12-01,3,Gyeonggi,Middle,2022-01-01,2022Q1,0,-1,7.94,277.24
H054,2021-12-01,2,Seoul,High,2022-11-01,2022Q4,0,-11,7.94,288.66
H055,2021-12-01,1,Daegu,High,2022-03-01,2022Q1,0,-3,7.94,216.43
H056,2021-12-01,4,Seoul,Low,,,0,,7.94,260.58
H057,2021-12-01,4,Daegu,High,2024-02-01,2024Q1,0,-26,7.94,354.59
H058,2021-12-01,2,Seoul,High,2023-06-01,2023Q2,0,-18,7.94,235.34
H059,2021-12-01,2,Gyeonggi,Low,2022-05-01,2022Q2,0,-5,7.94,272.91
H060,2021-12-01,2,Daegu,Middle,,,0,,7.94,186.53
H061,2021-12-01,2,Seoul,Low,,,0,,7.94,250.62
H062,2021-12-01,2,Seoul,Middle,2023-07-01,2023Q3,0,-19,7.94,240.38
H063,2021-12-01,3,Seoul,Middle,,,0,,7.94,298.64
H064,2021-12-01,1,Gyeonggi,Middle,2024-06-01,2024Q2,0,-30,7.94,269.0
H065,2021-12-01,3,Seoul,Middle,2023-12-01,2023Q4,0,-24,7.94,305.32
H066,2021-12-01,2,Gyeonggi,Low,,,0,,7.94,309.07
H067,2021-12-01,2,Gyeonggi,Middle,2023-04-01,2023Q2,0,-16,7.94,205.48
H068,2021-12-01,3,Busan,Middle,,,0,,7.94,313.83
H069,2021-12-01,2,Daegu,High,,,0,,7.94,281.17
H070,2021-12-01,2,Busan,Low,,,0,,7.94,227.63
H071,2021-12-01,2,Busan,Low,2023-10-01,2023Q4,0,-22,7.94,253.0
H072,2021-12-01,4,Seoul,Middle,,,0,,7.94,327.51
H073,2021-12-01,3,Daegu,Middle,2022-07-01,2022Q3,0,-7,7.94,323.83
H074,2021-12-01,2,Daegu,Low,2022-08-01,2022Q3,0,-8,7.94,236.23
H075,2021-12-01,1,Daegu,Middle,,,0,,7.94,243.05
H076,2021-12-01,4,Daegu,High,,,0,,7.94,297.81
H077,2021-12-01,4,Daegu,Middle,2024-08-01,2024Q3,0,-32,7.94,278.73
H078,2021-12-01,3,Busan,Middle,,,0,,7.94,265.63
H079,2021-12-01,2,Busan,Middle,2024-03-01,2024Q1,0,-27,7.94,248.35
H080,2021-12-01,4,Seoul,Middle,2023-07-01,2023Q3,0,-19,7.94,354.96
H081,2021-12-01,1,Daegu,Middle,2024-07-01,2024Q3,0,-31,7.94,268.63
H082,2021-12-01,3,Busan,Low,2023-09-01,2023Q3,0,-21,7.94,222.48
H083,2021-12-01,4,Gyeonggi,Middle,2024-11-01,2024Q4,0,-35,7.94,296.68
H084,2021-12-01,4,Gyeonggi,High,,,0,,7.94,390.5
H085,2021-12-01,5,Seoul,High,2023-03-01,2023Q1,0,-15,7.94,322.81
H086,2021-12-01,4,Gyeonggi,Low,2022-08-01,2022Q3,0,-8,7.94,267.1
H087,2021-12-01,2,Daegu,Low,,,0,,7.94,245.93
H088,2021-12-01,3,Seoul,High,2024-02-01,2024Q1,0,-26,7.94,306.57
H089,2021-12-01,4,Seoul,High,2022-04-01,2022Q2,0,-4,7.94,382.91
H090,2021-12-01,1,Seoul,Middle,2024-05-01,2024Q2,0,-29,7.94,233.29
H091,2021-12-01,4,Gyeonggi,Middle,,,0,,7.94,387.1
H092,2021-12-01,2,Busan,Low,2023-10-01,2023Q4,0,-22,7.94,239.88
H093,2021-12-01,3,Daegu,Middle,,,0,,7.94,277.45
H094,2021-12-01,3,Seoul,Middle,2024-10-01,2024Q4,0,-34,7.94,349.37
H095,2021-12-01,4,Seoul,Middle,,,0,,7.94,345.24
H096,2021-12-01,2,Daegu,High,2023-11-01,2023Q4,0,-23,7.94,293.53
H097,2021-12-01,4,Daegu,Middle,,,0,,7.94,264.73
H098,2021-12-01,2,Daegu,Middle,,,0,,7.94,237.09
H099,2021-12-01,3,Busan,High,,,0,,7.94,315.78
H100,2021-12-01,2,Daegu,Middle,,,0,,7.94,247.27
H101,2021-12-01,2,Daegu,High,,,0,,7.94,297.11
H102,2021-12-01,2,Busan,Middle,,,0,,7.94,277.17
H103,2021-12-01,2,Gyeonggi,Middle,,,0,,7.94,241.09
H104,2021-12-01,3,Daegu,Middle,2023-04-01,2023Q2,0,-16,7.94,319.67
H105,2021-12-01,3,Gyeonggi,Middle,,,0,,7.94,281.42
H106,2021-12-01,3,Busan,Middle,,,0,,7.94,254.02
H107,2021-12-01,2,Gyeonggi,Low,,,0,,7.94,243.02
H108,2021-12-01,4,Gyeonggi,Low,,,0,,7.94,337.98
H109,2021-12-01,2,Busan,High,2023-01-01,2023Q1,0,-13,7.94,257.02
H110,2021-12-01,4,Gyeonggi,Low,,,0,,7.94,314.82
H111,2021-12-01,3,Gyeonggi,Middle,2023-08-01,2023Q3,0,-20,7.94,312.91
H112,2021-12-01,3,Busan,Low,2023-02-01,2023Q1,0,-14,7.94,262.31
H113,2021-12-01,4,Daegu,Middle,2024-05-01,2024Q2,0,-29,7.94,269.18
H114,2021-12-01,1,Gyeonggi,Low,,,0,,7.94,171.37
H115,2021-12-01,3,Gyeonggi,High,2024-07-01,2024Q3,0,-31,7.94,251.47
H116,2021-12-01,2,Seoul,Middle,,,0,,7.94,258.42
H117,2021-12-01,5,Gyeonggi,Middle,2024-02-01,2024Q1,0,-26,7.94,351.4
H118,2021-12-01,2,Daegu,Middle,,,0,,7.94,259.99
H119,2021-12-01,2,Gyeonggi,Low,2022-05-01,2022Q2,0,-5,7.94,226.6
H120,2021-12-01,4,Gyeonggi,Middle,,,0,,7.94,387.21
H001,2022-01-01,3,Seoul,Middle,2024-09-01,2024Q3,0,-32,2.79,294.93
H002,2022-01-01,1,Daegu,Low,2022-09-01,2022Q3,0,-8,2.79,249.85
H003,2022-01-01,3,Gyeonggi,Middle,,,0,,2.79,314.37
H004,2022-01-01,2,Seoul,High,2023-06-01,2023Q2,0,-17,2.79,223.05
H005,2022-01-01,2,Gyeonggi,High,2023-10-01,2023Q4,0,-21,2.79,298.34
H006,2022-01-01,2,Seoul,Middle,,,0,,2.79,230.29
H007,2022-01-01,5,Daegu,Low,,,0,,2.79,309.04
H008,2022-01-01,2,Gyeonggi,Middle,2022-05-01,2022Q2,0,-4,2.79,322.52
H009,2022-01-01,5,Gyeonggi,High,,,0,,2.79,369.35
H010,2022-01-01,2,Busan,Low,2024-11-01,2024Q4,0,-34,2.79,278.89
H011,2022-01-01,1,Gyeonggi,Middle,2024-12-01,2024Q4,0,-35,2.79,245.57
H012,2022-01-01,3,Busan,High,,,0,,2.79,360.8
H013,2022-01-01,2,Seoul,High,,,0,,2.79,239.8
H014,2022-01-01,3,Busan,Low,,,0,,2.79,271.81
H015,2022-01-01,4,Daegu,Low,,,0,,2.79,332.78
H016,2022-01-01,4,Daegu,High,2022-03-01,2022Q1,0,-2,2.79,413.22
H017,2022-01-01,3,Seoul,High,2024-07-01,2024Q3,0,-30,2.79,344.18
H018,2022-01-01,3,Daegu,Middle,,,0,,2.79,305.62
H019,2022-01-01,3,Seoul,Middle,,,0,,2.79,309.52
H020,2022-01-01,4,Busan,Low,,,0,,2.79,386.54
H021,2022-01-01,3,Busan,High,2024-05-01,2024Q2,0,-28,2.79,315.69
H022,2022-01-01,4,Gyeonggi,Low,,,0,,2.79,264.14
H023,2022-01-01,3,Seoul,Middle,2023-04-01,2023Q2,0,-15,2.79,339.0
H024,2022-01-01,1,Seoul,Low,,,0,,2.79,193.92
H025,2022-01-01,1,Gyeonggi,Low,2024-07-01,2024Q3,0,-30,2.79,182.09
H026,2022-01-01,5,Gyeonggi,Middle,2024-11-01,2024Q4,0,-34,2.79,351.08
H027,2022-01-01,2,Daegu,Low,,,0,,2.79,232.03
H028,2022-01-01,2,Gyeonggi,Low,,,0,,2.79,290.79
H029,2022-01-01,1,Seoul,High,2024-08-01,2024Q3,0,-31,2.79,267.4
H030,2022-01-01,2,Gyeonggi,Middle,,,0,,2.79,264.61
H031,2022-01-01,3,Gyeonggi,High,2023-06-01,2023Q2,0,-17,2.79,364.91
H032,2022-01-01,3,Daegu,High,2024-11-01,2024Q4,0,-34,2.79,255.81
H033,2022-01-01,1,Daegu,Middle,2024-08-01,2024Q3,0,-31,2.79,270.5
H034,2022-01-01,1,Gyeonggi,Low,2022-08-01,2022Q3,0,-7,2.79,200.56
H035,2022-01-01,4,Seoul,Low,,,0,,2.79,388.33
H036,2022-01-01,5,Gyeonggi,Low,,,0,,2.79,387.94
H037,2022-01-01,2,Daegu,High,2023-05-01,2023Q2,0,-16,2.79,336.38
H038,2022-01-01,3,Daegu,Low,2022-10-01,2022Q4,0,-9,2.79,277.07
H039,2022-01-01,4,Seoul,Middle,,,0,,2.79,320.77
H040,2022-01-01,4,Gyeonggi,Low,,,0,,2.79,332.51
H041,2022-01-01,4,Seoul,Middle,2024-04-01,2024Q2,0,-27,2.79,312.82
H042,2022-01-01,3,Seoul,Middle,2024-10-01,2024Q4,0,-33,2.79,236.73
H043,2022-01-01,3,Busan,Low,2024-11-01,2024Q4,0,-34,2.79,288.63
H044,2022-01-01,2,Busan,High,,,0,,2.79,236.37
H045,2022-01-01,1,Seoul,Low,,,0,,2.79,265.97
H046,2022-01-01,4,Gyeonggi,Middle,2024-12-01,2024Q4,0,-35,2.79,364.37
H047,2022-01-01,2,Seoul,Middle,2022-05-01,2022Q2,0,-4,2.79,210.64
H048,2022-01-01,1,Seoul,Middle,2023-10-01,2023Q4,0,-21,2.79,221.12
H049,2022-01-01,2,Busan,Low,,,0,,2.79,229.13
H050,2022-01-01,4,Seoul,Low,,,0,,2.79,287.56
H051,2022-01-01,2,Seoul,Middle,2023-09-01,2023Q3,0,-20,2.79,381.6
H052,2022-01-01,4,Seoul,Low,,,0,,2.79,333.95
H053,2022-01-01,3,Gyeonggi,Middle,2022-01-01,2022Q1,1,0,2.79,384.47
H054,2022-01-01,2,Seoul,High,2022-11-01,2022Q4,0,-10,2.79,282.13
H055,2022-01-01,1,Daegu,High,2022-03-01,2022Q1,0,-2,2.79,243.01
H056,2022-01-01,4,Seoul,Low,,,0,,2.79,246.14
H057,2022-01-01,4,Daegu,High,2024-02-01,2024Q1,0,-25,2.79,330.87
H058,2022-01-01,2,Seoul,High,2023-06-01,2023Q2,0,-17,2.79,281.74
H059,2022-01-01,2,Gyeonggi,Low,2022-05-01,2022Q2,0,-4,2.79,263.61
H060,2022-01-01,2,Daegu,Middle,,,0,,2.79,254.95
H061,2022-01-01,2,Seoul,Low,,,0,,2.79,232.75
H062,2022-01-01,2,Seoul,Middle,2023-07-01,2023Q3,0,-18,2.79,274.93
H063,2022-01-01,3,Seoul,Middle,,,0,,2.79,285.29
H064,2022-01-01,1,Gyeonggi,Middle,2024-06-01,2024Q2,0,-29,2.79,224.48
H065,2022-01-01,3,Seoul,Middle,2023-12-01,2023Q4,0,-23,2.79,254.47
H066,2022-01-01,2,Gyeonggi,Low,,,0,,2.79,275.03
H067,2022-01-01,2,Gyeonggi,Middle,2023-04-01,2023Q2,0,-15,2.79,238.78
H068,2022-01-01,3,Busan,Middle,,,0,,2.79,312.63
H069,2022-01-01,2,Daegu,High,,,0,,2.79,316.69
H070,2022-01-01,2,Busan,Low,,,0,,2.79,229.32
H071,2022-01-01,2,Busan,Low,2023-10-01,2023Q4,0,-21,2.79,269.11
H072,2022-01-01,4,Seoul,Middle,,,0,,2.79,324.46
H073,2022-01-01,3,Daegu,Middle,2022-07-01,2022Q3,0,-6,2.79,304.31
H074,2022-01-01,2,Daegu,Low,2022-08-01,2022Q3,0,-7,2.79,294.56
H075,2022-01-01,1,Daegu,Middle,,,0,,2.79,288.11
H076,2022-01-01,4,Daegu,High,,,0,,2.79,311.01
H077,2022-01-01,4,Daegu,Middle,2024-08-01,2024Q3,0,-31,2.79,310.58
H078,2022-01-01,3,Busan,Middle,,,0,,2.79,264.42
H079,2022-01-01,2,Busan,Middle,2024-03-01,2024Q1,0,-26,2.79,248.46
H080,2022-01-01,4,Seoul,Middle,2023-07-01,2023Q3,0,-18,2.79,345.42
H081,2022-01-01,1,Daegu,Middle,2024-07-01,2024Q3,0,-30,2.79,258.88
H082,2022-01-01,3,Busan,Low,2023-09-01,2023Q3,0,-20,2.79,210.97
H083,2022-01-01,4,Gyeonggi,Middle,2024-11-01,2024Q4,0,-34,2.79,341.89
H084,2022-01-01,4,Gyeonggi,High,,,0,,2.79,361.33
H085,2022-01-01,5,Seoul,High,2023-03-01,2023Q1,0,-14,2.79,363.17
H086,2022-01-01,4,Gyeonggi,Low,2022-08-01,2022Q3,0,-7,2.79,341.18
H087,2022-01-01,2,Daegu,Low,,,0,,2.79,300.54
H088,2022-01-01,3,Seoul,High,2024-02-01,2024Q1,0,-25,2.79,359.4
H089,2022-01-01,4,Seoul,High,2022-04-01,2022Q2,0,-3,2.79,316.1
H090,2022-01-01,1,Seoul,Middle,2024-05-01,2024Q2,0,-28,2.79,219.67
H091,2022-01-01,4,Gyeonggi,Middle,,,0,,2.79,352.12
H092,2022-01-01,2,Busan,Low,2023-10-01,2023Q4,0,-21,2.79,228.88
H093,2022-01-01,3,Daegu,Middle,,,0,,2.79,297.43
H094,2022-01-01,3,Seoul,Middle,2024-10-01,2024Q4,0,-33,2.79,276.03
H095,2022-01-01,4,Seoul,Middle,,,0,,2.79,328.89
H096,2022-01-01,2,Daegu,High,2023-11-01,2023Q4,0,-22,2.79,313.24
H097,2022-01-01,4,Daegu,Middle,,,0,,2.79,295.43
H098,2022-01-01,2,Daegu,Middle,,,0,,2.79,252.22
H099,2022-01-01,3,Busan,High,,,0,,2.79,320.09
H100,2022-01-01,2,Daegu,Middle,,,0,,2.79,270.4
H101,2022-01-01,2,Daegu,High,,,0,,2.79,295.2
H102,2022-01-01,2,Busan,Middle,,,0,,2.79,270.94
H103,2022-01-01,2,Gyeonggi,Middle,,,0,,2.79,265.03
H104,2022-01-01,3,Daegu,Middle,2023-04-01,2023Q2,0,-15,2.79,279.9
H105,2022-01-01,3,Gyeonggi,Middle,,,0,,2.79,265.89
H106,2022-01-01,3,Busan,Middle,,,0,,2.79,288.2
H107,2022-01-01,2,Gyeonggi,Low,,,0,,2.79,275.06
H108,2022-01-01,4,Gyeonggi,Low,,,0,,2.79,345.25
H109,2022-01-01,2,Busan,High,2023-01-01,2023Q1,0,-12,2.79,276.73
H110,2022-01-01,4,Gyeonggi,Low,,,0,,2.79,266.84
H111,2022-01-01,3,Gyeonggi,Middle,2023-08-01,2023Q3,0,-19,2.79,266.88
H112,2022-01-01,3,Busan,Low,2023-02-01,2023Q1,0,-13,2.79,253.78
H113,2022-01-01,4,Daegu,Middle,2024-05-01,2024Q2,0,-28,2.79,307.76
H114,2022-01-01,1,Gyeonggi,Low,,,0,,2.79,233.82
H115,2022-01-01,3,Gyeonggi,High,2024-07-01,2024Q3,0,-30,2.79,235.67
H116,2022-01-01,2,Seoul,Middle,,,0,,2.79,311.07
H117,2022-01-01,5,Gyeonggi,Middle,2024-02-01,2024Q1,0,-25,2.79,349.47
H118,2022-01-01,2,Daegu,Middle,,,0,,2.79,246.4
H119,2022-01-01,2,Gyeonggi,Low,2022-05-01,2022Q2,0,-4,2.79,302.08
H120,2022-01-01,4,Gyeonggi,Middle,,,0,,2.79,373.41
H001,2022-02-01,3,Seoul,Middle,2024-09-01,2024Q3,0,-31,2.16,344.66
H002,2022-02-01,1,Daegu,Low,2022-09-01,2022Q3,0,-7,2.16,211.76
H003,2022-02-01,3,Gyeonggi,Middle,,,0,,2.16,269.22
H004,2022-02-01,2,Seoul,High,2023-06-01,2023Q2,0,-16,2.16,286.51
H005,2022-02-01,2,Gyeonggi,High,2023-10-01,2023Q4,0,-20,2.16,239.24
H006,2022-02-01,2,Seoul,Middle,,,0,,2.16,264.73
H007,2022-02-01,5,Daegu,Low,,,0,,2.16,318.46
H008,2022-02-01,2,Gyeonggi,Middle,2022-05-01,2022Q2,0,-3,2.16,310.77
H009,2022-02-01,5,Gyeonggi,High,,,0,,2.16,351.74
H010,2022-02-01,2,Busan,Low,2024-11-01,2024Q4,0,-33,2.16,230.27
H011,2022-02-01,1,Gyeonggi,Middle,2024-12-01,2024Q4,0,-34,2.16,253.78
H012,2022-02-01,3,Busan,High,,,0,,2.16,336.43
H013,2022-02-01,2,Seoul,High,,,0,,2.16,240.8
H014,2022-02-01,3,Busan,Low,,,0,,2.16,251.88
H015,2022-02-01,4,Daegu,Low,,,0,,2.16,308.28
H016,2022-02-01,4,Daegu,High,2022-03-01,2022Q1,0,-1,2.16,326.04
H017,2022-02-01,3,Seoul,High,2024-07-01,2024Q3,0,-29,2.16,334.35
H018,2022-02-01,3,Daegu,Middle,,,0,,2.16,262.17
H019,2022-02-01,3,Seoul,Middle,,,0,,2.16,310.38
H020,2022-02-01,4,Busan,Low,,,0,,2.16,296.89
H021,2022-02-01,3,Busan,High,2024-05-01,2024Q2,0,-27,2.16,284.15
H022,2022-02-01,4,Gyeonggi,Low,,,0,,2.16,313.17
H023,2022-02-01,3,Seoul,Middle,2023-04-01,2023Q2,0,-14,2.16,289.92
H024,2022-02-01,1,Seoul,Low,,,0,,2.16,178.6
H025,2022-02-01,1,Gyeonggi,Low,2024-07-01,2024Q3,0,-29,2.16,168.44
H026,2022-02-01,5,Gyeonggi,Middle,2024-11-01,2024Q4,0,-33,2.16,361.2
H027,2022-02-01,2,Daegu,Low,,,0,,2.16,232.86
H028,2022-02-01,2,Gyeonggi,Low,,,0,,2.16,254.11
H029,2022-02-01,1,Seoul,High,2024-08-01,2024Q3,0,-30,2.16,229.36
H030,2022-02-01,2,Gyeonggi,Middle,,,0,,2.16,219.19
H031,2022-02-01,3,Gyeonggi,High,2023-06-01,2023Q2,0,-16,2.16,310.99
H032,2022-02-01,3,Daegu,High,2024-11-01,2024Q4,0,-33,2.16,275.15
H033,2022-02-01,1,Daegu,Middle,2024-08-01,2024Q3,0,-30,2.16,254.33
H034,2022-02-01,1,Gyeonggi,Low,2022-08-01,2022Q3,0,-6,2.16,208.0
H035,2022-02-01,4,Seoul,Low,,,0,,2.16,319.32
H036,2022-02-01,5,Gyeonggi,Low,,,0,,2.16,348.11
H037,2022-02-01,2,Daegu,High,2023-05-01,2023Q2,0,-15,2.16,302.7
H038,2022-02-01,3,Daegu,Low,2022-10-01,2022Q4,0,-8,2.16,253.24
H039,2022-02-01,4,Seoul,Middle,,,0,,2.16,297.07
H040,2022-02-01,4,Gyeonggi,Low,,,0,,2.16,302.4
H041,2022-02-01,4,Seoul,Middle,2024-04-01,2024Q2,0,-26,2.16,270.96
H042,2022-02-01,3,Seoul,Middle,2024-10-01,2024Q4,0,-32,2.16,307.68
H043,2022-02-01,3,Busan,Low,2024-11-01,2024Q4,0,-33,2.16,226.92
H044,2022-02-01,2,Busan,High,,,0,,2.16,239.9
H045,2022-02-01,1,Seoul,Low,,,0,,2.16,255.98
H046,2022-02-01,4,Gyeonggi,Middle,2024-12-01,2024Q4,0,-34,2.16,351.37
H047,2022-02-01,2,Seoul,Middle,2022-05-01,2022Q2,0,-3,2.16,194.32
H048,2022-02-01,1,Seoul,Middle,2023-10-01,2023Q4,0,-20,2.16,190.71
H049,2022-02-01,2,Busan,Low,,,0,,2.16,219.84
H050,2022-02-01,4,Seoul,Low,,,0,,2.16,282.02
H051,2022-02-01,2,Seoul,Middle,2023-09-01,2023Q3,0,-19,2.16,332.4
H052,2022-02-01,4,Seoul,Low,,,0,,2.16,341.96
H053,2022-02-01,3,Gyeonggi,Middle,2022-01-01,2022Q1,1,1,2.16,341.69
H054,2022-02-01,2,Seoul,High,2022-11-01,2022Q4,0,-9,2.16,271.24
H055,2022-02-01,1,Daegu,High,2022-03-01,2022Q1,0,-1,2.16,266.36
H056,2022-02-01,4,Seoul,Low,,,0,,2.16,245.04
H057,2022-02-01,4,Daegu,High,2024-02-01,2024Q1,0,-24,2.16,370.55
H058,2022-02-01,2,Seoul,High,2023-06-01,2023Q2,0,-16,2.16,243.61
H059,2022-02-01,2,Gyeonggi,Low,2022-05-01,2022Q2,0,-3,2.16,206.81
H060,2022-02-01,2,Daegu,Middle,,,0,,2.16,230.97
H061,2022-02-01,2,Seoul,Low,,,0,,2.16,230.74
H062,2022-02-01,2,Seoul,Middle,2023-07-01,2023Q3,0,-17,2.16,236.88
H063,2022-02-01,3,Seoul,Middle,,,0,,2.16,245.16
H064,2022-02-01,1,Gyeonggi,Middle,2024-06-01,2024Q2,0,-28,2.16,229.83
H065,2022-02-01,3,Seoul,Middle,2023-12-01,2023Q4,0,-22,2.16,281.24
H066,2022-02-01,2,Gyeonggi,Low,,,0,,2.16,233.97
H067,2022-02-01,2,Gyeonggi,Middle,2023-04-01,2023Q2,0,-14,2.16,226.85
H068,2022-02-01,3,Busan,Middle,,,0,,2.16,299.9
H069,2022-02-01,2,Daegu,High,,,0,,2.16,315.56
H070,2022-02-01,2,Busan,Low,,,0,,2.16,228.42
H071,2022-02-01,2,Busan,Low,2023-10-01,2023Q4,0,-20,2.16,184.23
H072,2022-02-01,4,Seoul,Middle,,,0,,2.16,346.18
H073,2022-02-01,3,Daegu,Middle,2022-07-01,2022Q3,0,-5,2.16,323.4
H074,2022-02-01,2,Daegu,Low,2022-08-01,2022Q3,0,-6,2.16,311.78
H075,2022-02-01,1,Daegu,Middle,,,0,,2.16,266.22
H076,2022-02-01,4,Daegu,High,,,0,,2.16,339.53
H077,2022-02-01,4,Daegu,Middle,2024-08-01,2024Q3,0,-30,2.16,292.42
H078,2022-02-01,3,Busan,Middle,,,0,,2.16,236.07
H079,2022-02-01,2,Busan,Middle,2024-03-01,2024Q1,0,-25,2.16,206.89
H080,2022-02-01,4,Seoul,Middle,2023-07-01,2023Q3,0,-17,2.16,310.58
H081,2022-02-01,1,Daegu,Middle,2024-07-01,2024Q3,0,-29,2.16,195.93
H082,2022-02-01,3,Busan,Low,2023-09-01,2023Q3,0,-19,2.16,224.94
H083,2022-02-01,4,Gyeonggi,Middle,2024-11-01,2024Q4,0,-33,2.16,301.5
H084,2022-02-01,4,Gyeonggi,High,,,0,,2.16,375.17
H085,2022-02-01,5,Seoul,High,2023-03-01,2023Q1,0,-13,2.16,333.84
H086,2022-02-01,4,Gyeonggi,Low,2022-08-01,2022Q3,0,-6,2.16,274.91
H087,2022-02-01,2,Daegu,Low,,,0,,2.16,283.84
H088,2022-02-01,3,Seoul,High,2024-02-01,2024Q1,0,-24,2.16,265.54
H089,2022-02-01,4,Seoul,High,2022-04-01,2022Q2,0,-2,2.16,336.24
H090,2022-02-01,1,Seoul,Middle,2024-05-01,2024Q2,0,-27,2.16,209.18
H091,2022-02-01,4,Gyeonggi,Middle,,,0,,2.16,365.62
H092,2022-02-01,2,Busan,Low,2023-10-01,2023Q4,0,-20,2.16,225.93
H093,2022-02-01,3,Daegu,Middle,,,0,,2.16,284.22
H094,2022-02-01,3,Seoul,Middle,2024-10-01,2024Q4,0,-32,2.16,286.73
H095,2022-02-01,4,Seoul,Middle,,,0,,2.16,235.28
H096,2022-02-01,2,Daegu,High,2023-11-01,2023Q4,0,-21,2.16,256.63
H097,2022-02-01,4,Daegu,Middle,,,0,,2.16,277.54
H098,2022-02-01,2,Daegu,Middle,,,0,,2.16,290.06
H099,2022-02-01,3,Busan,High,,,0,,2.16,309.94
H100,2022-02-01,2,Daegu,Middle,,,0,,2.16,274.92
H101,2022-02-01,2,Daegu,High,,,0,,2.16,270.64
H102,2022-02-01,2,Busan,Middle,,,0,,2.16,261.89
H103,2022-02-01,2,Gyeonggi,Middle,,,0,,2.16,208.68
H104,2022-02-01,3,Daegu,Middle,2023-04-01,2023Q2,0,-14,2.16,271.85
H105,2022-02-01,3,Gyeonggi,Middle,,,0,,2.16,244.01
H106,2022-02-01,3,Busan,Middle,,,0,,2.16,248.4
H107,2022-02-01,2,Gyeonggi,Low,,,0,,2.16,247.0
H108,2022-02-01,4,Gyeonggi,Low,,,0,,2.16,298.4
H109,2022-02-01,2,Busan,High,2023-01-01,2023Q1,0,-11,2.16,273.44
H110,2022-02-01,4,Gyeonggi,Low,,,0,,2.16,243.99
H111,2022-02-01,3,Gyeonggi,Middle,2023-08-01,2023Q3,0,-18,2.16,296.1
H112,2022-02-01,3,Busan,Low,2023-02-01,2023Q1,0,-12,2.16,257.68
H113,2022-02-01,4,Daegu,Middle,2024-05-01,2024Q2,0,-27,2.16,288.7
H114,2022-02-01,1,Gyeonggi,Low,,,0,,2.16,192.94
H115,2022-02-01,3,Gyeonggi,High,2024-07-01,2024Q3,0,-29,2.16,256.3
H116,2022-02-01,2,Seoul,Middle,,,0,,2.16,311.08
H117,2022-02-01,5,Gyeonggi,Middle,2024-02-01,2024Q1,0,-24,2.16,337.11
H118,2022-02-01,2,Daegu,Middle,,,0,,2.16,308.34
H119,2022-02-01,2,Gyeonggi,Low,2022-05-01,2022Q2,0,-3,2.16,205.0
H120,2022-02-01,4,Gyeonggi,Middle,,,0,,2.16,350.39
H001,2022-03-01,3,Seoul,Middle,2024-09-01,2024Q3,0,-30,1.03,245.42
H002,2022-03-01,1,Daegu,Low,2022-09-01,2022Q3,0,-6,1.03,188.01
H003,2022-03-01,3,Gyeonggi,Middle,,,0,,1.03,248.47
H004,2022-03-01,2,Seoul,High,2023-06-01,2023Q2,0,-15,1.03,250.83
H005,2022-03-01,2,Gyeonggi,High,2023-10-01,2023Q4,0,-19,1.03,224.44
H006,2022-03-01,2,Seoul,Middle,,,0,,1.03,258.86
H007,2022-03-01,5,Daegu,Low,,,0,,1.03,264.04
H008,2022-03-01,2,Gyeonggi,Middle,2022-05-01,2022Q2,0,-2,1.03,259.02
H009,2022-03-01,5,Gyeonggi,High,,,0,,1.03,354.95
H010,2022-03-01,2,Busan,Low,2024-11-01,2024Q4,0,-32,1.03,244.55
H011,2022-03-01,1,Gyeonggi,Middle,2024-12-01,2024Q4,0,-33,1.03,218.25
H012,2022-03-01,3,Busan,High,,,0,,1.03,312.53
H013,2022-03-01,2,Seoul,High,,,0,,1.03,261.12
H014,2022-03-01,3,Busan,Low,,,0,,1.03,264.73
H015,2022-03-01,4,Daegu,Low,,,0,,1.03,335.85
H016,2022-03-01,4,Daegu,High,2022-03-01,2022Q1,1,0,1.03,381.96
H017,2022-03-01,3,Seoul,High,2024-07-01,2024Q3,0,-28,1.03,288.36
H018,2022-03-01,3,Daegu,Middle,,,0,,1.03,266.51
H019,2022-03-01,3,Seoul,Middle,,,0,,1.03,316.3
H020,2022-03-01,4,Busan,Low,,,0,,1.03,316.46
H021,2022-03-01,3,Busan,High,2024-05-01,2024Q2,0,-26,1.03,306.24
H022,2022-03-01,4,Gyeonggi,Low,,,0,,1.03,246.78
H023,2022-03-01,3,Seoul,Middle,2023-04-01,2023Q2,0,-13,1.03,220.84
H024,2022-03-01,1,Seoul,Low,,,0,,1.03,229.22
H025,2022-03-01,1,Gyeonggi,Low,2024-07-01,2024Q3,0,-28,1.03,173.44
H026,2022-03-01,5,Gyeonggi,Middle,2024-11-01,2024Q4,0,-32,1.03,314.05
H027,2022-03-01,2,Daegu,Low,,,0,,1.03,226.94
H028,2022-03-01,2,Gyeonggi,Low,,,0,,1.03,238.28
H029,2022-03-01,1,Seoul,High,2024-08-01,2024Q3,0,-29,1.03,255.43
H030,2022-03-01,2,Gyeonggi,Middle,,,0,,1.03,253.77
H031,2022-03-01,3,Gyeonggi,High,2023-06-01,2023Q2,0,-15,1.03,297.45
H032,2022-03-01,3,Daegu,High,2024-11-01,2024Q4,0,-32,1.03,278.52
H033,2022-03-01,1,Daegu,Middle,2024-08-01,2024Q3,0,-29,1.03,209.01
H034,2022-03-01,1,Gyeonggi,Low,2022-08-01,2022Q3,0,-5,1.03,215.5
H035,2022-03-01,4,Seoul,Low,,,0,,1.03,267.03
H036,2022-03-01,5,Gyeonggi,Low,,,0,,1.03,284.69
H037,2022-03-01,2,Daegu,High,2023-05-01,2023Q2,0,-14,1.03,250.7
H038,2022-03-01,3,Daegu,Low,2022-10-01,2022Q4,0,-7,1.03,242.24
H039,2022-03-01,4,Seoul,Middle,,,0,,1.03,296.39
H040,2022-03-01,4,Gyeonggi,Low,,,0,,1.03,310.04
H041,2022-03-01,4,Seoul,Middle,2024-04-01,2024Q2,0,-25,1.03,261.14
H042,2022-03-01,3,Seoul,Middle,2024-10-01,2024Q4,0,-31,1.03,254.77
H043,2022-03-01,3,Busan,Low,2024-11-01,2024Q4,0,-32,1.03,244.48
H044,2022-03-01,2,Busan,High,,,0,,1.03,230.42
H045,2022-03-01,1,Seoul,Low,,,0,,1.03,181.98
H046,2022-03-01,4,Gyeonggi,Middle,2024-12-01,2024Q4,0,-33,1.03,307.09
H047,2022-03-01,2,Seoul,Middle,2022-05-01,2022Q2,0,-2,1.03,217.36
H048,2022-03-01,1,Seoul,Middle,2023-10-01,2023Q4,0,-19,1.03,203.81
H049,2022-03-01,2,Busan,Low,,,0,,1.03,228.57
H050,2022-03-01,4,Seoul,Low,,,0,,1.03,267.13
H051,2022-03-01,2,Seoul,Middle,2023-09-01,2023Q3,0,-18,1.03,236.9
H052,2022-03-01,4,Seoul,Low,,,0,,1.03,315.74
H053,2022-03-01,3,Gyeonggi,Middle,2022-01-01,2022Q1,1,2,1.03,353.44
H054,2022-03-01,2,Seoul,High,2022-11-01,2022Q4,0,-8,1.03,260.09
H055,2022-03-01,1,Daegu,High,2022-03-01,2022Q1,1,0,1.03,322.02
H056,2022-03-01,4,Seoul,Low,,,0,,1.03,241.94
H057,2022-03-01,4,Daegu,High,2024-02-01,2024Q1,0,-23,1.03,312.73
H058,2022-03-01,2,Seoul,High,2023-06-01,2023Q2,0,-15,1.03,226.73
H059,2022-03-01,2,Gyeonggi,Low,2022-05-01,2022Q2,0,-2,1.03,210.75
H060,2022-03-01,2,Daegu,Middle,,,0,,1.03,208.34
H061,2022-03-01,2,Seoul,Low,,,0,,1.03,209.87
H062,2022-03-01,2,Seoul,Middle,2023-07-01,2023Q3,0,-16,1.03,244.5
H063,2022-03-01,3,Seoul,Middle,,,0,,1.03,248.25
H064,2022-03-01,1,Gyeonggi,Middle,2024-06-01,2024Q2,0,-27,1.03,222.41
H065,2022-03-01,3,Seoul,Middle,2023-12-01,2023Q4,0,-21,1.03,222.95
H066,2022-03-01,2,Gyeonggi,Low,,,0,,1.03,219.86
H067,2022-03-01,2,Gyeonggi,Middle,2023-04-01,2023Q2,0,-13,1.03,317.7
H068,2022-03-01,3,Busan,Middle,,,0,,1.03,260.11
H069,2022-03-01,2,Daegu,High,,,0,,1.03,292.59
H070,2022-03-01,2,Busan,Low,,,0,,1.03,218.46
H071,2022-03-01,2,Busan,Low,2023-10-01,2023Q4,0,-19,1.03,194.88
H072,2022-03-01,4,Seoul,Middle,,,0,,1.03,338.03
H073,2022-03-01,3,Daegu,Middle,2022-07-01,2022Q3,0,-4,1.03,260.56
H074,2022-03-01,2,Daegu,Low,2022-08-01,2022Q3,0,-5,1.03,258.62
H075,2022-03-01,1,Daegu,Middle,,,0,,1.03,278.07
H076,2022-03-01,4,Daegu,High,,,0,,1.03,285.68
H077,2022-03-01,4,Daegu,Middle,2024-08-01,2024Q3,0,-29,1.03,277.68
H078,2022-03-01,3,Busan,Middle,,,0,,1.03,204.52
H079,2022-03-01,2,Busan,Middle,2024-03-01,2024Q1,0,-24,1.03,182.35
H080,2022-03-01,4,Seoul,Middle,2023-07-01,2023Q3,0,-16,1.03,295.54
H081,2022-03-01,1,Daegu,Middle,2024-07-01,2024Q3,0,-28,1.03,222.87
H082,2022-03-01,3,Busan,Low,2023-09-01,2023Q3,0,-18,1.03,196.56
H083,2022-03-01,4,Gyeonggi,Middle,2024-11-01,2024Q4,0,-32,1.03,307.01
H084,2022-03-01,4,Gyeonggi,High,,,0,,1.03,358.8
H085,2022-03-01,5,Seoul,High,2023-03-01,2023Q1,0,-12,1.03,318.86
H086,2022-03-01,4,Gyeonggi,Low,2022-08-01,2022Q3,0,-5,1.03,261.41
H087,2022-03-01,2,Daegu,Low,,,0,,1.03,274.15
H088,2022-03-01,3,Seoul,High,2024-02-01,2024Q1,0,-23,1.03,258.25
H089,2022-03-01,4,Seoul,High,2022-04-01,2022Q2,0,-1,1.03,357.37
H090,2022-03-01,1,Seoul,Middle,2024-05-01,2024Q2,0,-26,1.03,198.72
H091,2022-03-01,4,Gyeonggi,Middle,,,0,,1.03,347.39
H092,2022-03-01,2,Busan,Low,2023-10-01,2023Q4,0,-19,1.03,252.84
H093,2022-03-01,3,Daegu,Middle,,,0,,1.03,204.66
H094,2022-03-01,3,Seoul,Middle,2024-10-01,2024Q4,0,-31,1.03,250.77
H095,2022-03-01,4,Seoul,Middle,,,0,,1.03,263.16
H096,2022-03-01,2,Daegu,High,2023-11-01,2023Q4,0,-20,1.03,301.1
H097,2022-03-01,4,Daegu,Middle,,,0,,1.03,246.26
H098,2022-03-01,2,Daegu,Middle,,,0,,1.03,312.53
H099,2022-03-01,3,Busan,High,,,0,,1.03,240.8
H100,2022-03-01,2,Daegu,Middle,,,0,,1.03,233.12
H101,2022-03-01,2,Daegu,High,,,0,,1.03,247.96
H102,2022-03-01,2,Busan,Middle,,,0,,1.03,252.86
H103,2022-03-01,2,Gyeonggi,Middle,,,0,,1.03,188.38
H104,2022-03-01,3,Daegu,Middle,2023-04-01,2023Q2,0,-13,1.03,252.75
H105,2022-03-01,3,Gyeonggi,Middle,,,0,,1.03,201.46
H106,2022-03-01,3,Busan,Middle,,,0,,1.03,245.3
H107,2022-03-01,2,Gyeonggi,Low,,,0,,1.03,196.89
H108,2022-03-01,4,Gyeonggi,Low,,,0,,1.03,263.87
H109,2022-03-01,2,Busan,High,2023-01-01,2023Q1,0,-10,1.03,256.15
H110,2022-03-01,4,Gyeonggi,Low,,,0,,1.03,265.99
H111,2022-03-01,3,Gyeonggi,Middle,2023-08-01,2023Q3,0,-17,1.03,291.75
H112,2022-03-01,3,Busan,Low,2023-02-01,2023Q1,0,-11,1.03,202.21
H113,2022-03-01,4,Daegu,Middle,2024-05-01,2024Q2,0,-26,1.03,269.36
H114,2022-03-01,1,Gyeonggi,Low,,,0,,1.03,193.07
H115,2022-03-01,3,Gyeonggi,High,2024-07-01,2024Q3,0,-28,1.03,242.51
H116,2022-03-01,2,Seoul,Middle,,,0,,1.03,249.48
H117,2022-03-01,5,Gyeonggi,Middle,2024-02-01,2024Q1,0,-23,1.03,320.19
H118,2022-03-01,2,Daegu,Middle,,,0,,1.03,263.15
H119,2022-03-01,2,Gyeonggi,Low,2022-05-01,2022Q2,0,-2,1.03,211.05
H120,2022-03-01,4,Gyeonggi,Middle,,,0,,1.03,357.93
H001,2022-04-01,3,Seoul,Middle,2024-09-01,2024Q3,0,-29,6.62,296.97
H002,2022-04-01,1,Daegu,Low,2022-09-01,2022Q3,0,-5,6.62,198.89
H003,2022-04-01,3,Gyeonggi,Middle,,,0,,6.62,247.07
H004,2022-04-01,2,Seoul,High,2023-06-01,2023Q2,0,-14,6.62,184.65
H005,2022-04-01,2,Gyeonggi,High,2023-10-01,2023Q4,0,-18,6.62,208.92
H006,2022-04-01,2,Seoul,Middle,,,0,,6.62,244.65
H007,2022-04-01,5,Daegu,Low,,,0,,6.62,284.44
H008,2022-04-01,2,Gyeonggi,Middle,2022-05-01,2022Q2,0,-1,6.62,266.78
H009,2022-04-01,5,Gyeonggi,High,,,0,,6.62,298.12
H010,2022-04-01,2,Busan,Low,2024-11-01,2024Q4,0,-31,6.62,221.12
H011,2022-04-01,1,Gyeonggi,Middle,2024-12-01,2024Q4,0,-32,6.62,188.02
H012,2022-04-01,3,Busan,High,,,0,,6.62,295.77
H013,2022-04-01,2,Seoul,High,,,0,,6.62,233.33
H014,2022-04-01,3,Busan,Low,,,0,,6.62,285.68
H015,2022-04-01,4,Daegu,Low,,,0,,6.62,276.93
H016,2022-04-01,4,Daegu,High,2022-03-01,2022Q1,1,1,6.62,426.71
H017,2022-04-01,3,Seoul,High,2024-07-01,2024Q3,0,-27,6.62,256.03
H018,2022-04-01,3,Daegu,Middle,,,0,,6.62,231.32
H019,2022-04-01,3,Seoul,Middle,,,0,,6.62,269.39
H020,2022-04-01,4,Busan,Low,,,0,,6.62,324.57
H021,2022-04-01,3,Busan,High,2024-05-01,2024Q2,0,-25,6.62,276.65
H022,2022-04-01,4,Gyeonggi,Low,,,0,,6.62,253.37
H023,2022-04-01,3,Seoul,Middle,2023-04-01,2023Q2,0,-12,6.62,250.13
H024,2022-04-01,1,Seoul,Low,,,0,,6.62,163.93
H025,2022-04-01,1,Gyeonggi,Low,2024-07-01,2024Q3,0,-27,6.62,198.4
H026,2022-04-01,5,Gyeonggi,Middle,2024-11-01,2024Q4,0,-31,6.62,351.84
H027,2022-04-01,2,Daegu,Low,,,0,,6.62,216.53
H028,2022-04-01,2,Gyeonggi,Low,,,0,,6.62,240.24
H029,2022-04-01,1,Seoul,High,2024-08-01,2024Q3,0,-28,6.62,238.13
H030,2022-04-01,2,Gyeonggi,Middle,,,0,,6.62,219.47
H031,2022-04-01,3,Gyeonggi,High,2023-06-01,2023Q2,0,-14,6.62,276.44
H032,2022-04-01,3,Daegu,High,2024-11-01,2024Q4,0,-31,6.62,244.99
H033,2022-04-01,1,Daegu,Middle,2024-08-01,2024Q3,0,-28,6.62,191.2
H034,2022-04-01,1,Gyeonggi,Low,2022-08-01,2022Q3,0,-4,6.62,170.71
H035,2022-04-01,4,Seoul,Low,,,0,,6.62,332.54
H036,2022-04-01,5,Gyeonggi,Low,,,0,,6.62,296.12
H037,2022-04-01,2,Daegu,High,2023-05-01,2023Q2,0,-13,6.62,232.65
H038,2022-04-01,3,Daegu,Low,2022-10-01,2022Q4,0,-6,6.62,228.39
H039,2022-04-01,4,Seoul,Middle,,,0,,6.62,274.49
H040,2022-04-01,4,Gyeonggi,Low,,,0,,6.62,323.88
H041,2022-04-01,4,Seoul,Middle,2024-04-01,2024Q2,0,-24,6.62,288.1
H042,2022-04-01,3,Seoul,Middle,2024-10-01,2024Q4,0,-30,6.62,261.62
H043,2022-04-01,3,Busan,Low,2024-11-01,2024Q4,0,-31,6.62,220.05
H044,2022-04-01,2,Busan,High,,,0,,6.62,255.28
H045,2022-04-01,1,Seoul,Low,,,0,,6.62,196.64
H046,2022-04-01,4,Gyeonggi,Middle,2024-12-01,2024Q4,0,-32,6.62,337.87
H047,2022-04-01,2,Seoul,Middle,2022-05-01,2022Q2,0,-1,6.62,178.86
H048,2022-04-01,1,Seoul,Middle,2023-10-01,2023Q4,0,-18,6.62,180.97
H049,2022-04-01,2,Busan,Low,,,0,,6.62,184.07
H050,2022-04-01,4,Seoul,Low,,,0,,6.62,262.19
H051,2022-04-01,2,Seoul,Middle,2023-09-01,2023Q3,0,-17,6.62,274.43
H052,2022-04-01,4,Seoul,Low,,,0,,6.62,354.03
H053,2022-04-01,3,Gyeonggi,Middle,2022-01-01,2022Q1,1,3,6.62,386.98
H054,2022-04-01,2,Seoul,High,2022-11-01,2022Q4,0,-7,6.62,222.28
H055,2022-04-01,1,Daegu,High,2022-03-01,2022Q1,1,1,6.62,316.98
H056,2022-04-01,4,Seoul,Low,,,0,,6.62,157.8
H057,2022-04-01,4,Daegu,High,2024-02-01,2024Q1,0,-22,6.62,313.27
H058,2022-04-01,2,Seoul,High,2023-06-01,2023Q2,0,-14,6.62,220.92
H059,2022-04-01,2,Gyeonggi,Low,2022-05-01,2022Q2,0,-1,6.62,229.6
H060,2022-04-01,2,Daegu,Middle,,,0,,6.62,215.62
H061,2022-04-01,2,Seoul,Low,,,0,,6.62,229.41
H062,2022-04-01,2,Seoul,Middle,2023-07-01,2023Q3,0,-15,6.62,213.56
H063,2022-04-01,3,Seoul,Middle,,,0,,6.62,221.04
H064,2022-04-01,1,Gyeonggi,Middle,2024-06-01,2024Q2,0,-26,6.62,240.03
H065,2022-04-01,3,Seoul,Middle,2023-12-01,2023Q4,0,-20,6.62,276.24
H066,2022-04-01,2,Gyeonggi,Low,,,0,,6.62,269.57
H067,2022-04-01,2,Gyeonggi,Middle,2023-04-01,2023Q2,0,-12,6.62,221.72
H068,2022-04-01,3,Busan,Middle,,,0,,6.62,259.68
H069,2022-04-01,2,Daegu,High,,,0,,6.62,290.27
H070,2022-04-01,2,Busan,Low,,,0,,6.62,198.64
H071,2022-04-01,2,Busan,Low,2023-10-01,2023Q4,0,-18,6.62,206.66
H072,2022-04-01,4,Seoul,Middle,,,0,,6.62,287.24
H073,2022-04-01,3,Daegu,Middle,2022-07-01,2022Q3,0,-3,6.62,238.22
H074,2022-04-01,2,Daegu,Low,2022-08-01,2022Q3,0,-4,6.62,225.4
H075,2022-04-01,1,Daegu,Middle,,,0,,6.62,219.89
H076,2022-04-01,4,Daegu,High,,,0,,6.62,262.69
H077,2022-04-01,4,Daegu,Middle,2024-08-01,2024Q3,0,-28,6.62,295.02
H078,2022-04-01,3,Busan,Middle,,,0,,6.62,224.21
H079,2022-04-01,2,Busan,Middle,2024-03-01,2024Q1,0,-23,6.62,188.1
H080,2022-04-01,4,Seoul,Middle,2023-07-01,2023Q3,0,-15,6.62,236.34
H081,2022-04-01,1,Daegu,Middle,2024-07-01,2024Q3,0,-27,6.62,212.23
H082,2022-04-01,3,Busan,Low,2023-09-01,2023Q3,0,-17,6.62,189.16
H083,2022-04-01,4,Gyeonggi,Middle,2024-11-01,2024Q4,0,-31,6.62,283.04
H084,2022-04-01,4,Gyeonggi,High,,,0,,6.62,297.27
H085,2022-04-01,5,Seoul,High,2023-03-01,2023Q1,0,-11,6.62,255.98
H086,2022-04-01,4,Gyeonggi,Low,2022-08-01,2022Q3,0,-4,6.62,299.56
H087,2022-04-01,2,Daegu,Low,,,0,,6.62,230.94
H088,2022-04-01,3,Seoul,High,2024-02-01,2024Q1,0,-22,6.62,278.35
H089,2022-04-01,4,Seoul,High,2022-04-01,2022Q2,1,0,6.62,385.44
H090,2022-04-01,1,Seoul,Middle,2024-05-01,2024Q2,0,-25,6.62,204.55
H091,2022-04-01,4,Gyeonggi,Middle,,,0,,6.62,289.63
H092,2022-04-01,2,Busan,Low,2023-10-01,2023Q4,0,-18,6.62,189.58
H093,2022-04-01,3,Daegu,Middle,,,0,,6.62,217.76
H094,2022-04-01,3,Seoul,Middle,2024-10-01,2024Q4,0,-30,6.62,220.56
H095,2022-04-01,4,Seoul,Middle,,,0,,6.62,247.11
H096,2022-04-01,2,Daegu,High,2023-11-01,2023Q4,0,-19,6.62,208.04
H097,2022-04-01,4,Daegu,Middle,,,0,,6.62,236.23
H098,2022-04-01,2,Daegu,Middle,,,0,,6.62,221.25
H099,2022-04-01,3,Busan,High,,,0,,6.62,240.27
H100,2022-04-01,2,Daegu,Middle,,,0,,6.62,212.82
H101,2022-04-01,2,Daegu,High,,,0,,6.62,248.23
H102,2022-04-01,2,Busan,Middle,,,0,,6.62,211.92
H103,2022-04-01,2,Gyeonggi,Middle,,,0,,6.62,241.51
H104,2022-04-01,3,Daegu,Middle,2023-04-01,2023Q2,0,-12,6.62,272.09
H105,2022-04-01,3,Gyeonggi,Middle,,,0,,6.62,263.4
H106,2022-04-01,3,Busan,Middle,,,0,,6.62,226.1
H107,2022-04-01,2,Gyeonggi,Low,,,0,,6.62,245.56
H108,2022-04-01,4,Gyeonggi,Low,,,0,,6.62,304.95
H109,2022-04-01,2,Busan,High,2023-01-01,2023Q1,0,-9,6.62,220.9
H110,2022-04-01,4,Gyeonggi,Low,,,0,,6.62,243.81
H111,2022-04-01,3,Gyeonggi,Middle,2023-08-01,2023Q3,0,-16,6.62,328.34
H112,2022-04-01,3,Busan,Low,2023-02-01,2023Q1,0,-10,6.62,216.09
H113,2022-04-01,4,Daegu,Middle,2024-05-01,2024Q2,0,-25,6.62,262.22
H114,2022-04-01,1,Gyeonggi,Low,,,0,,6.62,171.45
H115,2022-04-01,3,Gyeonggi,High,2024-07-01,2024Q3,0,-27,6.62,260.99
H116,2022-04-01,2,Seoul,Middle,,,0,,6.62,236.17
H117,2022-04-01,5,Gyeonggi,Middle,2024-02-01,2024Q1,0,-22,6.62,289.23
H118,2022-04-01,2,Daegu,Middle,,,0,,6.62,260.43
H119,2022-04-01,2,Gyeonggi,Low,2022-05-01,2022Q2,0,-1,6.62,216.06
H120,2022-04-01,4,Gyeonggi,Middle,,,0,,6.62,269.41
H001,2022-05-01,3,Seoul,Middle,2024-09-01,2024Q3,0,-28,13.03,252.96
H002,2022-05-01,1,Daegu,Low,2022-09-01,2022Q3,0,-4,13.03,217.05
H003,2022-05-01,3,Gyeonggi,Middle,,,0,,13.03,260.74
H004,2022-05-01,2,Seoul,High,2023-06-01,2023Q2,0,-13,13.03,233.27
H005,2022-05-01,2,Gyeonggi,High,2023-10-01,2023Q4,0,-17,13.03,247.02
H006,2022-05-01,2,Seoul,Middle,,,0,,13.03,244.22
H007,2022-05-01,5,Daegu,Low,,,0,,13.03,263.98
H008,2022-05-01,2,Gyeonggi,Middle,2022-05-01,2022Q2,1,0,13.03,314.22
H009,2022-05-01,5,Gyeonggi,High,,,0,,13.03,295.85
H010,2022-05-01,2,Busan,Low,2024-11-01,2024Q4,0,-30,13.03,194.29
H011,2022-05-01,1,Gyeonggi,Middle,2024-12-01,2024Q4,0,-31,13.03,223.66
H012,2022-05-01,3,Busan,High,,,0,,13.03,316.3
H013,2022-05-01,2,Seoul,High,,,0,,13.03,255.06
H014,2022-05-01,3,Busan,Low,,,0,,13.03,228.25
H015,2022-05-01,4,Daegu,Low,,,0,,13.03,282.3
H016,2022-05-01,4,Daegu,High,2022-03-01,2022Q1,1,2,13.03,392.75
H017,2022-05-01,3,Seoul,High,2024-07-01,2024Q3,0,-26,13.03,309.8
H018,2022-05-01,3,Daegu,Middle,,,0,,13.03,256.87
H019,2022-05-01,3,Seoul,Middle,,,0,,13.03,333.07
H020,2022-05-01,4,Busan,Low,,,0,,13.03,272.82
H021,2022-05-01,3,Busan,High,2024-05-01,2024Q2,0,-24,13.03,262.49
H022,2022-05-01,4,Gyeonggi,Low,,,0,,13.03,221.57
H023,2022-05-01,3,Seoul,Middle,2023-04-01,2023Q2,0,-11,13.03,212.24
H024,2022-05-01,1,Seoul,Low,,,0,,13.03,187.98
H025,2022-05-01,1,Gyeonggi,Low,2024-07-01,2024Q3,0,-26,13.03,158.43
H026,2022-05-01,5,Gyeonggi,Middle,2024-11-01,2024Q4,0,-30,13.03,307.93
H027,2022-05-01,2,Daegu,Low,,,0,,13.03,182.27
H028,2022-05-01,2,Gyeonggi,Low,,,0,,13.03,246.4
H029,2022-05-01,1,Seoul,High,2024-08-01,2024Q3,0,-27,13.03,217.49
H030,2022-05-01,2,Gyeonggi,Middle,,,0,,13.03,247.39
H031,2022-05-01,3,Gyeonggi,High,2023-06-01,2023Q2,0,-13,13.03,296.21
H032,2022-05-01,3,Daegu,High,2024-11-01,2024Q4,0,-30,13.03,227.08
H033,2022-05-01,1,Daegu,Middle,2024-08-01,2024Q3,0,-27,13.03,210.75
H034,2022-05-01,1,Gyeonggi,Low,2022-08-01,2022Q3,0,-3,13.03,169.52
H035,2022-05-01,4,Seoul,Low,,,0,,13.03,353.56
H036,2022-05-01,5,Gyeonggi,Low,,,0,,13.03,305.04
H037,2022-05-01,2,Daegu,High,2023-05-01,2023Q2,0,-12,13.03,232.6
H038,2022-05-01,3,Daegu,Low,2022-10-01,2022Q4,0,-5,13.03,235.43
H039,2022-05-01,4,Seoul,Middle,,,0,,13.03,276.21
H040,2022-05-01,4,Gyeonggi,Low,,,0,,13.03,318.77
H041,2022-05-01,4,Seoul,Middle,2024-04-01,2024Q2,0,-23,13.03,328.51
H042,2022-05-01,3,Seoul,Middle,2024-10-01,2024Q4,0,-29,13.03,201.06
H043,2022-05-01,3,Busan,Low,2024-11-01,2024Q4,0,-30,13.03,228.47
H044,2022-05-01,2,Busan,High,,,0,,13.03,219.41
H045,2022-05-01,1,Seoul,Low,,,0,,13.03,180.64
H046,2022-05-01,4,Gyeonggi,Middle,2024-12-01,2024Q4,0,-31,13.03,333.97
H047,2022-05-01,2,Seoul,Middle,2022-05-01,2022Q2,1,0,13.03,282.87
H048,2022-05-01,1,Seoul,Middle,2023-10-01,2023Q4,0,-17,13.03,177.91
H049,2022-05-01,2,Busan,Low,,,0,,13.03,248.2
H050,2022-05-01,4,Seoul,Low,,,0,,13.03,262.86
H051,2022-05-01,2,Seoul,Middle,2023-09-01,2023Q3,0,-16,13.03,264.98
H052,2022-05-01,4,Seoul,Low,,,0,,13.03,326.67
H053,2022-05-01,3,Gyeonggi,Middle,2022-01-01,2022Q1,1,4,13.03,335.58
H054,2022-05-01,2,Seoul,High,2022-11-01,2022Q4,0,-6,13.03,256.75
H055,2022-05-01,1,Daegu,High,2022-03-01,2022Q1,1,2,13.03,305.98
H056,2022-05-01,4,Seoul,Low,,,0,,13.03,216.25
H057,2022-05-01,4,Daegu,High,2024-02-01,2024Q1,0,-21,13.03,321.86
H058,2022-05-01,2,Seoul,High,2023-06-01,2023Q2,0,-13,13.03,194.89
H059,2022-05-01,2,Gyeonggi,Low,2022-05-01,2022Q2,1,0,13.03,288.36
H060,2022-05-01,2,Daegu,Middle,,,0,,13.03,176.16
H061,2022-05-01,2,Seoul,Low,,,0,,13.03,232.58
H062,2022-05-01,2,Seoul,Middle,2023-07-01,2023Q3,0,-14,13.03,213.98
H063,2022-05-01,3,Seoul,Middle,,,0,,13.03,255.6
H064,2022-05-01,1,Gyeonggi,Middle,2024-06-01,2024Q2,0,-25,13.03,221.16
H065,2022-05-01,3,Seoul,Middle,2023-12-01,2023Q4,0,-19,13.03,269.94
H066,2022-05-01,2,Gyeonggi,Low,,,0,,13.03,236.99
H067,2022-05-01,2,Gyeonggi,Middle,2023-04-01,2023Q2,0,-11,13.03,206.19
H068,2022-05-01,3,Busan,Middle,,,0,,13.03,267.06
H069,2022-05-01,2,Daegu,High,,,0,,13.03,278.31
H070,2022-05-01,2,Busan,Low,,,0,,13.03,212.69
H071,2022-05-01,2,Busan,Low,2023-10-01,2023Q4,0,-17,13.03,197.84
H072,2022-05-01,4,Seoul,Middle,,,0,,13.03,266.37
H073,2022-05-01,3,Daegu,Middle,2022-07-01,2022Q3,0,-2,13.03,259.32
H074,2022-05-01,2,Daegu,Low,2022-08-01,2022Q3,0,-3,13.03,280.67
H075,2022-05-01,1,Daegu,Middle,,,0,,13.03,272.39
H076,2022-05-01,4,Daegu,High,,,0,,13.03,316.73
H077,2022-05-01,4,Daegu,Middle,2024-08-01,2024Q3,0,-27,13.03,258.65
H078,2022-05-01,3,Busan,Middle,,,0,,13.03,239.64
H079,2022-05-01,2,Busan,Middle,2024-03-01,2024Q1,0,-22,13.03,188.02
H080,2022-05-01,4,Seoul,Middle,2023-07-01,2023Q3,0,-14,13.03,263.45
H081,2022-05-01,1,Daegu,Middle,2024-07-01,2024Q3,0,-26,13.03,214.8
H082,2022-05-01,3,Busan,Low,2023-09-01,2023Q3,0,-16,13.03,152.06
H083,2022-05-01,4,Gyeonggi,Middle,2024-11-01,2024Q4,0,-30,13.03,303.54
H084,2022-05-01,4,Gyeonggi,High,,,0,,13.03,329.76
H085,2022-05-01,5,Seoul,High,2023-03-01,2023Q1,0,-10,13.03,313.33
H086,2022-05-01,4,Gyeonggi,Low,2022-08-01,2022Q3,0,-3,13.03,240.47
H087,2022-05-01,2,Daegu,Low,,,0,,13.03,258.2
H088,2022-05-01,3,Seoul,High,2024-02-01,2024Q1,0,-21,13.03,280.31
H089,2022-05-01,4,Seoul,High,2022-04-01,2022Q2,1,1,13.03,381.86
H090,2022-05-01,1,Seoul,Middle,2024-05-01,2024Q2,0,-24,13.03,219.06
H091,2022-05-01,4,Gyeonggi,Middle,,,0,,13.03,258.21
H092,2022-05-01,2,Busan,Low,2023-10-01,2023Q4,0,-17,13.03,210.73
H093,2022-05-01,3,Daegu,Middle,,,0,,13.03,249.45
H094,2022-05-01,3,Seoul,Middle,2024-10-01,2024Q4,0,-29,13.03,229.33
H095,2022-05-01,4,Seoul,Middle,,,0,,13.03,270.13
H096,2022-05-01,2,Daegu,High,2023-11-01,2023Q4,0,-18,13.03,265.15
H097,2022-05-01,4,Daegu,Middle,,,0,,13.03,231.36
H098,2022-05-01,2,Daegu,Middle,,,0,,13.03,237.19
H099,2022-05-01,3,Busan,High,,,0,,13.03,269.5
H100,2022-05-01,2,Daegu,Middle,,,0,,13.03,227.18
H101,2022-05-01,2,Daegu,High,,,0,,13.03,279.69
H102,2022-05-01,2,Busan,Middle,,,0,,13.03,222.63
H103,2022-05-01,2,Gyeonggi,Middle,,,0,,13.03,226.58
H104,2022-05-01,3,Daegu,Middle,2023-04-01,2023Q2,0,-11,13.03,225.3
H105,2022-05-01,3,Gyeonggi,Middle,,,0,,13.03,245.45
H106,2022-05-01,3,Busan,Middle,,,0,,13.03,194.46
H107,2022-05-01,2,Gyeonggi,Low,,,0,,13.03,227.58
H108,2022-05-01,4,Gyeonggi,Low,,,0,,13.03,305.66
H109,2022-05-01,2,Busan,High,2023-01-01,2023Q1,0,-8,13.03,295.64
H110,2022-05-01,4,Gyeonggi,Low,,,0,,13.03,263.12
H111,2022-05-01,3,Gyeonggi,Middle,2023-08-01,2023Q3,0,-15,13.03,242.16
H112,2022-05-01,3,Busan,Low,2023-02-01,2023Q1,0,-9,13.03,252.34
H113,2022-05-01,4,Daegu,Middle,2024-05-01,2024Q2,0,-24,13.03,253.27
H114,2022-05-01,1,Gyeonggi,Low,,,0,,13.03,180.71
H115,2022-05-01,3,Gyeonggi,High,2024-07-01,2024Q3,0,-26,13.03,264.8
H116,2022-05-01,2,Seoul,Middle,,,0,,13.03,288.02
H117,2022-05-01,5,Gyeonggi,Middle,2024-02-01,2024Q1,0,-21,13.03,273.54
H118,2022-05-01,2,Daegu,Middle,,,0,,13.03,236.19
H119,2022-05-01,2,Gyeonggi,Low,2022-05-01,2022Q2,1,0,13.03,284.65
H120,2022-05-01,4,Gyeonggi,Middle,,,0,,13.03,304.95
H001,2022-06-01,3,Seoul,Middle,2024-09-01,2024Q3,0,-27,16.73,269.21
H002,2022-06-01,1,Daegu,Low,2022-09-01,2022Q3,0,-3,16.73,202.35
H003,2022-06-01,3,Gyeonggi,Middle,,,0,,16.73,249.12
H004,2022-06-01,2,Seoul,High,2023-06-01,2023Q2,0,-12,16.73,235.25
H005,2022-06-01,2,Gyeonggi,High,2023-10-01,2023Q4,0,-16,16.73,249.97
H006,2022-06-01,2,Seoul,Middle,,,0,,16.73,251.15
H007,2022-06-01,5,Daegu,Low,,,0,,16.73,342.97
H008,2022-06-01,2,Gyeonggi,Middle,2022-05-01,2022Q2,1,1,16.73,348.23
H009,2022-06-01,5,Gyeonggi,High,,,0,,16.73,374.91
H010,2022-06-01,2,Busan,Low,2024-11-01,2024Q4,0,-29,16.73,269.82
H011,2022-06-01,1,Gyeonggi,Middle,2024-12-01,2024Q4,0,-30,16.73,241.44
H012,2022-06-01,3,Busan,High,,,0,,16.73,286.43
H013,2022-06-01,2,Seoul,High,,,0,,16.73,246.76
H014,2022-06-01,3,Busan,Low,,,0,,16.73,234.09
H015,2022-06-01,4,Daegu,Low,,,0,,16.73,318.65
H016,2022-06-01,4,Daegu,High,2022-03-01,2022Q1,1,3,16.73,416.88
H017,2022-06-01,3,Seoul,High,2024-07-01,2024Q3,0,-25,16.73,307.17
H018,2022-06-01,3,Daegu,Middle,,,0,,16.73,264.98
H019,2022-06-01,3,Seoul,Middle,,,0,,16.73,308.84
H020,2022-06-01,4,Busan,Low,,,0,,16.73,301.01
H021,2022-06-01,3,Busan,High,2024-05-01,2024Q2,0,-23,16.73,258.04
H022,2022-06-01,4,Gyeonggi,Low,,,0,,16.73,254.71
H023,2022-06-01,3,Seoul,Middle,2023-04-01,2023Q2,0,-10,16.73,276.93
H024,2022-06-01,1,Seoul,Low,,,0,,16.73,201.26
H025,2022-06-01,1,Gyeonggi,Low,2024-07-01,2024Q3,0,-25,16.73,178.52
H026,2022-06-01,5,Gyeonggi,Middle,2024-11-01,2024Q4,0,-29,16.73,354.55
H027,2022-06-01,2,Daegu,Low,,,0,,16.73,244.29
H028,2022-06-01,2,Gyeonggi,Low,,,0,,16.73,219.76
H029,2022-06-01,1,Seoul,High,2024-08-01,2024Q3,0,-26,16.73,235.86
H030,2022-06-01,2,Gyeonggi,Middle,,,0,,16.73,218.0
H031,2022-06-01,3,Gyeonggi,High,2023-06-01,2023Q2,0,-12,16.73,295.18
H032,2022-06-01,3,Daegu,High,2024-11-01,2024Q4,0,-29,16.73,281.41
H033,2022-06-01,1,Daegu,Middle,2024-08-01,2024Q3,0,-26,16.73,226.96
H034,2022-06-01,1,Gyeonggi,Low,2022-08-01,2022Q3,0,-2,16.73,237.3
H035,2022-06-01,4,Seoul,Low,,,0,,16.73,318.24
H036,2022-06-01,5,Gyeonggi,Low,,,0,,16.73,312.16
H037,2022-06-01,2,Daegu,High,2023-05-01,2023Q2,0,-11,16.73,271.94
H038,2022-06-01,3,Daegu,Low,2022-10-01,2022Q4,0,-4,16.73,281.75
H039,2022-06-01,4,Seoul,Middle,,,0,,16.73,300.95
H040,2022-06-01,4,Gyeonggi,Low,,,0,,16.73,318.15
H041,2022-06-01,4,Seoul,Middle,2024-04-01,2024Q2,0,-22,16.73,307.1
H042,2022-06-01,3,Seoul,Middle,2024-10-01,2024Q4,0,-28,16.73,252.45
H043,2022-06-01,3,Busan,Low,2024-11-01,2024Q4,0,-29,16.73,241.25
H044,2022-06-01,2,Busan,High,,,0,,16.73,253.12
H045,2022-06-01,1,Seoul,Low,,,0,,16.73,218.64
H046,2022-06-01,4,Gyeonggi,Middle,2024-12-01,2024Q4,0,-30,16.73,327.85
H047,2022-06-01,2,Seoul,Middle,2022-05-01,2022Q2,1,1,16.73,250.55
H048,2022-06-01,1,Seoul,Middle,2023-10-01,2023Q4,0,-16,16.73,155.94
H049,2022-06-01,2,Busan,Low,,,0,,16.73,209.71
H050,2022-06-01,4,Seoul,Low,,,0,,16.73,269.05
H051,2022-06-01,2,Seoul,Middle,2023-09-01,2023Q3,0,-15,16.73,295.26
H052,2022-06-01,4,Seoul,Low,,,0,,16.73,315.09
H053,2022-06-01,3,Gyeonggi,Middle,2022-01-01,2022Q1,1,5,16.73,383.89
H054,2022-06-01,2,Seoul,High,2022-11-01,2022Q4,0,-5,16.73,245.19
H055,2022-06-01,1,Daegu,High,2022-03-01,2022Q1,1,3,16.73,288.6
H056,2022-06-01,4,Seoul,Low,,,0,,16.73,260.93
H057,2022-06-01,4,Daegu,High,2024-02-01,2024Q1,0,-20,16.73,331.56
H058,2022-06-01,2,Seoul,High,2023-06-01,2023Q2,0,-12,16.73,213.44
H059,2022-06-01,2,Gyeonggi,Low,2022-05-01,2022Q2,1,1,16.73,303.26
H060,2022-06-01,2,Daegu,Middle,,,0,,16.73,220.34
H061,2022-06-01,2,Seoul,Low,,,0,,16.73,224.26
H062,2022-06-01,2,Seoul,Middle,2023-07-01,2023Q3,0,-13,16.73,254.76
H063,2022-06-01,3,Seoul,Middle,,,0,,16.73,255.25
H064,2022-06-01,1,Gyeonggi,Middle,2024-06-01,2024Q2,0,-24,16.73,191.42
H065,2022-06-01,3,Seoul,Middle,2023-12-01,2023Q4,0,-18,16.73,222.44
H066,2022-06-01,2,Gyeonggi,Low,,,0,,16.73,263.65
H067,2022-06-01,2,Gyeonggi,Middle,2023-04-01,2023Q2,0,-10,16.73,239.08
H068,2022-06-01,3,Busan,Middle,,,0,,16.73,290.6
H069,2022-06-01,2,Daegu,High,,,0,,16.73,325.23
H070,2022-06-01,2,Busan,Low,,,0,,16.73,154.68
H071,2022-06-01,2,Busan,Low,2023-10-01,2023Q4,0,-16,16.73,255.42
H072,2022-06-01,4,Seoul,Middle,,,0,,16.73,335.8
H073,2022-06-01,3,Daegu,Middle,2022-07-01,2022Q3,0,-1,16.73,245.12
H074,2022-06-01,2,Daegu,Low,2022-08-01,2022Q3,0,-2,16.73,285.9
H075,2022-06-01,1,Daegu,Middle,,,0,,16.73,221.45
H076,2022-06-01,4,Daegu,High,,,0,,16.73,286.15
H077,2022-06-01,4,Daegu,Middle,2024-08-01,2024Q3,0,-26,16.73,293.46
H078,2022-06-01,3,Busan,Middle,,,0,,16.73,263.18
H079,2022-06-01,2,Busan,Middle,2024-03-01,2024Q1,0,-21,16.73,230.48
H080,2022-06-01,4,Seoul,Middle,2023-07-01,2023Q3,0,-13,16.73,296.62
H081,2022-06-01,1,Daegu,Middle,2024-07-01,2024Q3,0,-25,16.73,239.28
H082,2022-06-01,3,Busan,Low,2023-09-01,2023Q3,0,-15,16.73,183.73
H083,2022-06-01,4,Gyeonggi,Middle,2024-11-01,2024Q4,0,-29,16.73,333.72
H084,2022-06-01,4,Gyeonggi,High,,,0,,16.73,382.22
H085,2022-06-01,5,Seoul,High,2023-03-01,2023Q1,0,-9,16.73,327.54
H086,2022-06-01,4,Gyeonggi,Low,2022-08-01,2022Q3,0,-2,16.73,254.79
H087,2022-06-01,2,Daegu,Low,,,0,,16.73,277.1
H088,2022-06-01,3,Seoul,High,2024-02-01,2024Q1,0,-20,16.73,288.55
H089,2022-06-01,4,Seoul,High,2022-04-01,2022Q2,1,2,16.73,421.21
H090,2022-06-01,1,Seoul,Middle,2024-05-01,2024Q2,0,-23,16.73,237.13
H091,2022-06-01,4,Gyeonggi,Middle,,,0,,16.73,346.02
H092,2022-06-01,2,Busan,Low,2023-10-01,2023Q4,0,-16,16.73,193.85
H093,2022-06-01,3,Daegu,Middle,,,0,,16.73,301.28
H094,2022-06-01,3,Seoul,Middle,2024-10-01,2024Q4,0,-28,16.73,268.59
H095,2022-06-01,4,Seoul,Middle,,,0,,16.73,287.14
H096,2022-06-01,2,Daegu,High,2023-11-01,2023Q4,0,-17,16.73,281.39
H097,2022-06-01,4,Daegu,Middle,,,0,,16.73,270.01
H098,2022-06-01,2,Daegu,Middle,,,0,,16.73,271.49
H099,2022-06-01,3,Busan,High,,,0,,16.73,288.71
H100,2022-06-01,2,Daegu,Middle,,,0,,16.73,226.97
H101,2022-06-01,2,Daegu,High,,,0,,16.73,250.53
H102,2022-06-01,2,Busan,Middle,,,0,,16.73,234.97
H103,2022-06-01,2,Gyeonggi,Middle,,,0,,16.73,201.53
H104,2022-06-01,3,Daegu,Middle,2023-04-01,2023Q2,0,-10,16.73,293.83
H105,2022-06-01,3,Gyeonggi,Middle,,,0,,16.73,243.63
H106,2022-06-01,3,Busan,Middle,,,0,,16.73,246.54
H107,2022-06-01,2,Gyeonggi,Low,,,0,,16.73,236.92
H108,2022-06-01,4,Gyeonggi,Low,,,0,,16.73,314.62
H109,2022-06-01,2,Busan,High,2023-01-01,2023Q1,0,-7,16.73,276.15
H110,2022-06-01,4,Gyeonggi,Low,,,0,,16.73,322.8
H111,2022-06-01,3,Gyeonggi,Middle,2023-08-01,2023Q3,0,-14,16.73,240.17
H112,2022-06-01,3,Busan,Low,2023-02-01,2023Q1,0,-8,16.73,235.72
H113,2022-06-01,4,Daegu,Middle,2024-05-01,2024Q2,0,-23,16.73,279.52
H114,2022-06-01,1,Gyeonggi,Low,,,0,,16.73,151.39
H115,2022-06-01,3,Gyeonggi,High,2024-07-01,2024Q3,0,-25,16.73,298.06
H116,2022-06-01,2,Seoul,Middle,,,0,,16.73,272.49
H117,2022-06-01,5,Gyeonggi,Middle,2024-02-01,2024Q1,0,-20,16.73,309.54
H118,2022-06-01,2,Daegu,Middle,,,0,,16.73,271.74
H119,2022-06-01,2,Gyeonggi,Low,2022-05-01,2022Q2,1,1,16.73,247.47
H120,2022-06-01,4,Gyeonggi,Middle,,,0,,16.73,349.19
H001,2022-07-01,3,Seoul,Middle,2024-09-01,2024Q3,0,-26,22.0,296.04
H002,2022-07-01,1,Daegu,Low,2022-09-01,2022Q3,0,-2,22.0,248.05
H003,2022-07-01,3,Gyeonggi,Middle,,,0,,22.0,311.13
H004,2022-07-01,2,Seoul,High,2023-06-01,2023Q2,0,-11,22.0,274.01
H005,2022-07-01,2,Gyeonggi,High,2023-10-01,2023Q4,0,-15,22.0,334.06
H006,2022-07-01,2,Seoul,Middle,,,0,,22.0,277.81
H007,2022-07-01,5,Daegu,Low,,,0,,22.0,322.51
H008,2022-07-01,2,Gyeonggi,Middle,2022-05-01,2022Q2,1,2,22.0,405.68
H009,2022-07-01,5,Gyeonggi,High,,,0,,22.0,353.81
H010,2022-07-01,2,Busan,Low,2024-11-01,2024Q4,0,-28,22.0,275.59
H011,2022-07-01,1,Gyeonggi,Middle,2024-12-01,2024Q4,0,-29,22.0,149.32
H012,2022-07-01,3,Busan,High,,,0,,22.0,340.39
H013,2022-07-01,2,Seoul,High,,,0,,22.0,277.6
H014,2022-07-01,3,Busan,Low,,,0,,22.0,271.31
H015,2022-07-01,4,Daegu,Low,,,0,,22.0,318.51
H016,2022-07-01,4,Daegu,High,2022-03-01,2022Q1,1,4,22.0,467.46
H017,2022-07-01,3,Seoul,High,2024-07-01,2024Q3,0,-24,22.0,273.16
H018,2022-07-01,3,Daegu,Middle,,,0,,22.0,358.89
H019,2022-07-01,3,Seoul,Middle,,,0,,22.0,358.11
H020,2022-07-01,4,Busan,Low,,,0,,22.0,344.04
H021,2022-07-01,3,Busan,High,2024-05-01,2024Q2,0,-22,22.0,352.59
H022,2022-07-01,4,Gyeonggi,Low,,,0,,22.0,297.49
H023,2022-07-01,3,Seoul,Middle,2023-04-01,2023Q2,0,-9,22.0,263.85
H024,2022-07-01,1,Seoul,Low,,,0,,22.0,255.43
H025,2022-07-01,1,Gyeonggi,Low,2024-07-01,2024Q3,0,-24,22.0,166.29
H026,2022-07-01,5,Gyeonggi,Middle,2024-11-01,2024Q4,0,-28,22.0,373.72
H027,2022-07-01,2,Daegu,Low,,,0,,22.0,286.93
H028,2022-07-01,2,Gyeonggi,Low,,,0,,22.0,293.59
H029,2022-07-01,1,Seoul,High,2024-08-01,2024Q3,0,-25,22.0,228.55
H030,2022-07-01,2,Gyeonggi,Middle,,,0,,22.0,269.43
H031,2022-07-01,3,Gyeonggi,High,2023-06-01,2023Q2,0,-11,22.0,319.12
H032,2022-07-01,3,Daegu,High,2024-11-01,2024Q4,0,-28,22.0,279.83
H033,2022-07-01,1,Daegu,Middle,2024-08-01,2024Q3,0,-25,22.0,184.84
H034,2022-07-01,1,Gyeonggi,Low,2022-08-01,2022Q3,0,-1,22.0,194.51
H035,2022-07-01,4,Seoul,Low,,,0,,22.0,343.83
H036,2022-07-01,5,Gyeonggi,Low,,,0,,22.0,371.84
H037,2022-07-01,2,Daegu,High,2023-05-01,2023Q2,0,-10,22.0,349.83
H038,2022-07-01,3,Daegu,Low,2022-10-01,2022Q4,0,-3,22.0,304.82
H039,2022-07-01,4,Seoul,Middle,,,0,,22.0,332.38
H040,2022-07-01,4,Gyeonggi,Low,,,0,,22.0,317.15
H041,2022-07-01,4,Seoul,Middle,2024-04-01,2024Q2,0,-21,22.0,342.69
H042,2022-07-01,3,Seoul,Middle,2024-10-01,2024Q4,0,-27,22.0,296.38
H043,2022-07-01,3,Busan,Low,2024-11-01,2024Q4,0,-28,22.0,282.97
H044,2022-07-01,2,Busan,High,,,0,,22.0,266.85
H045,2022-07-01,1,Seoul,Low,,,0,,22.0,262.76
H046,2022-07-01,4,Gyeonggi,Middle,2024-12-01,2024Q4,0,-29,22.0,397.49
H047,2022-07-01,2,Seoul,Middle,2022-05-01,2022Q2,1,2,22.0,295.64
H048,2022-07-01,1,Seoul,Middle,2023-10-01,2023Q4,0,-15,22.0,226.68
H049,2022-07-01,2,Busan,Low,,,0,,22.0,249.67
H050,2022-07-01,4,Seoul,Low,,,0,,22.0,290.06
H051,2022-07-01,2,Seoul,Middle,2023-09-01,2023Q3,0,-14,22.0,257.23
H052,2022-07-01,4,Seoul,Low,,,0,,22.0,370.88
H053,2022-07-01,3,Gyeonggi,Middle,2022-01-01,2022Q1,1,6,22.0,378.35
H054,2022-07-01,2,Seoul,High,2022-11-01,2022Q4,0,-4,22.0,292.55
H055,2022-07-01,1,Daegu,High,2022-03-01,2022Q1,1,4,22.0,338.03
H056,2022-07-01,4,Seoul,Low,,,0,,22.0,299.78
H057,2022-07-01,4,Daegu,High,2024-02-01,2024Q1,0,-19,22.0,344.8
H058,2022-07-01,2,Seoul,High,2023-06-01,2023Q2,0,-11,22.0,282.9
H059,2022-07-01,2,Gyeonggi,Low,2022-05-01,2022Q2,1,2,22.0,285.37
H060,2022-07-01,2,Daegu,Middle,,,0,,22.0,268.79
H061,2022-07-01,2,Seoul,Low,,,0,,22.0,265.88
H062,2022-07-01,2,Seoul,Middle,2023-07-01,2023Q3,0,-12,22.0,287.96
H063,2022-07-01,3,Seoul,Middle,,,0,,22.0,272.47
H064,2022-07-01,1,Gyeonggi,Middle,2024-06-01,2024Q2,0,-23,22.0,251.59
H065,2022-07-01,3,Seoul,Middle,2023-12-01,2023Q4,0,-17,22.0,302.19
H066,2022-07-01,2,Gyeonggi,Low,,,0,,22.0,288.2
H067,2022-07-01,2,Gyeonggi,Middle,2023-04-01,2023Q2,0,-9,22.0,272.92
H068,2022-07-01,3,Busan,Middle,,,0,,22.0,353.66
H069,2022-07-01,2,Daegu,High,,,0,,22.0,304.31
H070,2022-07-01,2,Busan,Low,,,0,,22.0,273.73
H071,2022-07-01,2,Busan,Low,2023-10-01,2023Q4,0,-15,22.0,242.05
H072,2022-07-01,4,Seoul,Middle,,,0,,22.0,357.63
H073,2022-07-01,3,Daegu,Middle,2022-07-01,2022Q3,1,0,22.0,422.38
H074,2022-07-01,2,Daegu,Low,2022-08-01,2022Q3,0,-1,22.0,267.97
H075,2022-07-01,1,Daegu,Middle,,,0,,22.0,214.78
H076,2022-07-01,4,Daegu,High,,,0,,22.0,340.7
H077,2022-07-01,4,Daegu,Middle,2024-08-01,2024Q3,0,-25,22.0,304.88
H078,2022-07-01,3,Busan,Middle,,,0,,22.0,232.27
H079,2022-07-01,2,Busan,Middle,2024-03-01,2024Q1,0,-20,22.0,239.49
H080,2022-07-01,4,Seoul,Middle,2023-07-01,2023Q3,0,-12,22.0,308.21
H081,2022-07-01,1,Daegu,Middle,2024-07-01,2024Q3,0,-24,22.0,277.95
H082,2022-07-01,3,Busan,Low,2023-09-01,2023Q3,0,-14,22.0,251.27
H083,2022-07-01,4,Gyeonggi,Middle,2024-11-01,2024Q4,0,-28,22.0,351.19
H084,2022-07-01,4,Gyeonggi,High,,,0,,22.0,425.61
H085,2022-07-01,5,Seoul,High,2023-03-01,2023Q1,0,-8,22.0,324.33
H086,2022-07-01,4,Gyeonggi,Low,2022-08-01,2022Q3,0,-1,22.0,239.38
H087,2022-07-01,2,Daegu,Low,,,0,,22.0,325.53
H088,2022-07-01,3,Seoul,High,2024-02-01,2024Q1,0,-19,22.0,313.08
H089,2022-07-01,4,Seoul,High,2022-04-01,2022Q2,1,3,22.0,431.72
H090,2022-07-01,1,Seoul,Middle,2024-05-01,2024Q2,0,-22,22.0,192.18
H091,2022-07-01,4,Gyeonggi,Middle,,,0,,22.0,328.69
H092,2022-07-01,2,Busan,Low,2023-10-01,2023Q4,0,-15,22.0,257.71
H093,2022-07-01,3,Daegu,Middle,,,0,,22.0,287.67
H094,2022-07-01,3,Seoul,Middle,2024-10-01,2024Q4,0,-27,22.0,235.81
H095,2022-07-01,4,Seoul,Middle,,,0,,22.0,282.38
H096,2022-07-01,2,Daegu,High,2023-11-01,2023Q4,0,-16,22.0,317.4
H097,2022-07-01,4,Daegu,Middle,,,0,,22.0,318.81
H098,2022-07-01,2,Daegu,Middle,,,0,,22.0,284.27
H099,2022-07-01,3,Busan,High,,,0,,22.0,377.58
H100,2022-07-01,2,Daegu,Middle,,,0,,22.0,281.47
H101,2022-07-01,2,Daegu,High,,,0,,22.0,332.77
H102,2022-07-01,2,Busan,Middle,,,0,,22.0,304.83
H103,2022-07-01,2,Gyeonggi,Middle,,,0,,22.0,253.99
H104,2022-07-01,3,Daegu,Middle,2023-04-01,2023Q2,0,-9,22.0,263.53
H105,2022-07-01,3,Gyeonggi,Middle,,,0,,22.0,238.9
H106,2022-07-01,3,Busan,Middle,,,0,,22.0,257.01
H107,2022-07-01,2,Gyeonggi,Low,,,0,,22.0,271.13
H108,2022-07-01,4,Gyeonggi,Low,,,0,,22.0,327.43
H109,2022-07-01,2,Busan,High,2023-01-01,2023Q1,0,-6,22.0,295.16
H110,2022-07-01,4,Gyeonggi,Low,,,0,,22.0,300.52
H111,2022-07-01,3,Gyeonggi,Middle,2023-08-01,2023Q3,0,-13,22.0,310.66
H112,2022-07-01,3,Busan,Low,2023-02-01,2023Q1,0,-7,22.0,290.48
H113,2022-07-01,4,Daegu,Middle,2024-05-01,2024Q2,0,-22,22.0,291.55
H114,2022-07-01,1,Gyeonggi,Low,,,0,,22.0,210.51
H115,2022-07-01,3,Gyeonggi,High,2024-07-01,2024Q3,0,-24,22.0,218.95
H116,2022-07-01,2,Seoul,Middle,,,0,,22.0,321.8
H117,2022-07-01,5,Gyeonggi,Middle,2024-02-01,2024Q1,0,-19,22.0,335.62
H118,2022-07-01,2,Daegu,Middle,,,0,,22.0,252.21
H119,2022-07-01,2,Gyeonggi,Low,2022-05-01,2022Q2,1,2,22.0,348.34
H120,2022-07-01,4,Gyeonggi,Middle,,,0,,22.0,391.73
H001,2022-08-01,3,Seoul,Middle,2024-09-01,2024Q3,0,-25,25.95,335.38
H002,2022-08-01,1,Daegu,Low,2022-09-01,2022Q3,0,-1,25.95,228.92
H003,2022-08-01,3,Gyeonggi,Middle,,,0,,25.95,302.71
H004,2022-08-01,2,Seoul,High,2023-06-01,2023Q2,0,-10,25.95,267.04
H005,2022-08-01,2,Gyeonggi,High,2023-10-01,2023Q4,0,-14,25.95,341.61
H006,2022-08-01,2,Seoul,Middle,,,0,,25.95,313.16
H007,2022-08-01,5,Daegu,Low,,,0,,25.95,340.97
H008,2022-08-01,2,Gyeonggi,Middle,2022-05-01,2022Q2,1,3,25.95,414.25
H009,2022-08-01,5,Gyeonggi,High,,,0,,25.95,380.48
H010,2022-08-01,2,Busan,Low,2024-11-01,2024Q4,0,-27,25.95,278.84
H011,2022-08-01,1,Gyeonggi,Middle,2024-12-01,2024Q4,0,-28,25.95,271.13
H012,2022-08-01,3,Busan,High,,,0,,25.95,366.03
H013,2022-08-01,2,Seoul,High,,,0,,25.95,292.09
H014,2022-08-01,3,Busan,Low,,,0,,25.95,267.85
H015,2022-08-01,4,Daegu,Low,,,0,,25.95,358.88
H016,2022-08-01,4,Daegu,High,2022-03-01,2022Q1,1,5,25.95,457.25
H017,2022-08-01,3,Seoul,High,2024-07-01,2024Q3,0,-23,25.95,310.78
H018,2022-08-01,3,Daegu,Middle,,,0,,25.95,280.98
H019,2022-08-01,3,Seoul,Middle,,,0,,25.95,340.53
H020,2022-08-01,4,Busan,Low,,,0,,25.95,351.92
H021,2022-08-01,3,Busan,High,2024-05-01,2024Q2,0,-21,25.95,336.57
H022,2022-08-01,4,Gyeonggi,Low,,,0,,25.95,301.91
H023,2022-08-01,3,Seoul,Middle,2023-04-01,2023Q2,0,-8,25.95,312.23
H024,2022-08-01,1,Seoul,Low,,,0,,25.95,237.93
H025,2022-08-01,1,Gyeonggi,Low,2024-07-01,2024Q3,0,-23,25.95,234.76
H026,2022-08-01,5,Gyeonggi,Middle,2024-11-01,2024Q4,0,-27,25.95,385.1
H027,2022-08-01,2,Daegu,Low,,,0,,25.95,287.95
H028,2022-08-01,2,Gyeonggi,Low,,,0,,25.95,331.35
H029,2022-08-01,1,Seoul,High,2024-08-01,2024Q3,0,-24,25.95,272.7
H030,2022-08-01,2,Gyeonggi,Middle,,,0,,25.95,242.37
H031,2022-08-01,3,Gyeonggi,High,2023-06-01,2023Q2,0,-10,25.95,336.31
H032,2022-08-01,3,Daegu,High,2024-11-01,2024Q4,0,-27,25.95,333.17
H033,2022-08-01,1,Daegu,Middle,2024-08-01,2024Q3,0,-24,25.95,257.03
H034,2022-08-01,1,Gyeonggi,Low,2022-08-01,2022Q3,1,0,25.95,318.7
H035,2022-08-01,4,Seoul,Low,,,0,,25.95,330.61
H036,2022-08-01,5,Gyeonggi,Low,,,0,,25.95,340.91
H037,2022-08-01,2,Daegu,High,2023-05-01,2023Q2,0,-9,25.95,312.79
H038,2022-08-01,3,Daegu,Low,2022-10-01,2022Q4,0,-2,25.95,319.03
H039,2022-08-01,4,Seoul,Middle,,,0,,25.95,349.4
H040,2022-08-01,4,Gyeonggi,Low,,,0,,25.95,352.18
H041,2022-08-01,4,Seoul,Middle,2024-04-01,2024Q2,0,-20,25.95,315.76
H042,2022-08-01,3,Seoul,Middle,2024-10-01,2024Q4,0,-26,25.95,270.1
H043,2022-08-01,3,Busan,Low,2024-11-01,2024Q4,0,-27,25.95,291.4
H044,2022-08-01,2,Busan,High,,,0,,25.95,282.45
H045,2022-08-01,1,Seoul,Low,,,0,,25.95,259.6
H046,2022-08-01,4,Gyeonggi,Middle,2024-12-01,2024Q4,0,-28,25.95,377.45
H047,2022-08-01,2,Seoul,Middle,2022-05-01,2022Q2,1,3,25.95,353.47
H048,2022-08-01,1,Seoul,Middle,2023-10-01,2023Q4,0,-14,25.95,261.74
H049,2022-08-01,2,Busan,Low,,,0,,25.95,245.01
H050,2022-08-01,4,Seoul,Low,,,0,,25.95,339.81
H051,2022-08-01,2,Seoul,Middle,2023-09-01,2023Q3,0,-13,25.95,290.74
H052,2022-08-01,4,Seoul,Low,,,0,,25.95,377.56
H053,2022-08-01,3,Gyeonggi,Middle,2022-01-01,2022Q1,1,7,25.95,439.04
H054,2022-08-01,2,Seoul,High,2022-11-01,2022Q4,0,-3,25.95,293.36
H055,2022-08-01,1,Daegu,High,2022-03-01,2022Q1,1,5,25.95,371.34
H056,2022-08-01,4,Seoul,Low,,,0,,25.95,325.79
H057,2022-08-01,4,Daegu,High,2024-02-01,2024Q1,0,-18,25.95,363.71
H058,2022-08-01,2,Seoul,High,2023-06-01,2023Q2,0,-10,25.95,290.93
H059,2022-08-01,2,Gyeonggi,Low,2022-05-01,2022Q2,1,3,25.95,340.1
H060,2022-08-01,2,Daegu,Middle,,,0,,25.95,289.14
H061,2022-08-01,2,Seoul,Low,,,0,,25.95,290.51
H062,2022-08-01,2,Seoul,Middle,2023-07-01,2023Q3,0,-11,25.95,300.34
H063,2022-08-01,3,Seoul,Middle,,,0,,25.95,334.29
H064,2022-08-01,1,Gyeonggi,Middle,2024-06-01,2024Q2,0,-22,25.95,266.46
H065,2022-08-01,3,Seoul,Middle,2023-12-01,2023Q4,0,-16,25.95,301.2
H066,2022-08-01,2,Gyeonggi,Low,,,0,,25.95,286.29
H067,2022-08-01,2,Gyeonggi,Middle,2023-04-01,2023Q2,0,-8,25.95,261.74
H068,2022-08-01,3,Busan,Middle,,,0,,25.95,354.35
H069,2022-08-01,2,Daegu,High,,,0,,25.95,365.38
H070,2022-08-01,2,Busan,Low,,,0,,25.95,250.29
H071,2022-08-01,2,Busan,Low,2023-10-01,2023Q4,0,-14,25.95,223.24
H072,2022-08-01,4,Seoul,Middle,,,0,,25.95,329.56
H073,2022-08-01,3,Daegu,Middle,2022-07-01,2022Q3,1,1,25.95,394.45
H074,2022-08-01,2,Daegu,Low,2022-08-01,2022Q3,1,0,25.95,352.52
H075,2022-08-01,1,Daegu,Middle,,,0,,25.95,235.63
H076,2022-08-01,4,Daegu,High,,,0,,25.95,342.21
H077,2022-08-01,4,Daegu,Middle,2024-08-01,2024Q3,0,-24,25.95,288.63
H078,2022-08-01,3,Busan,Middle,,,0,,25.95,268.83
H079,2022-08-01,2,Busan,Middle,2024-03-01,2024Q1,0,-19,25.95,253.87
H080,2022-08-01,4,Seoul,Middle,2023-07-01,2023Q3,0,-11,25.95,338.57
H081,2022-08-01,1,Daegu,Middle,2024-07-01,2024Q3,0,-23,25.95,290.84
H082,2022-08-01,3,Busan,Low,2023-09-01,2023Q3,0,-13,25.95,218.58
H083,2022-08-01,4,Gyeonggi,Middle,2024-11-01,2024Q4,0,-27,25.95,287.93
H084,2022-08-01,4,Gyeonggi,High,,,0,,25.95,385.55
H085,2022-08-01,5,Seoul,High,2023-03-01,2023Q1,0,-7,25.95,370.19
H086,2022-08-01,4,Gyeonggi,Low,2022-08-01,2022Q3,1,0,25.95,353.1
H087,2022-08-01,2,Daegu,Low,,,0,,25.95,284.23
H088,2022-08-01,3,Seoul,High,2024-02-01,2024Q1,0,-18,25.95,314.84
H089,2022-08-01,4,Seoul,High,2022-04-01,2022Q2,1,4,25.95,451.53
H090,2022-08-01,1,Seoul,Middle,2024-05-01,2024Q2,0,-21,25.95,236.78
H091,2022-08-01,4,Gyeonggi,Middle,,,0,,25.95,441.16
H092,2022-08-01,2,Busan,Low,2023-10-01,2023Q4,0,-14,25.95,250.91
H093,2022-08-01,3,Daegu,Middle,,,0,,25.95,311.69
H094,2022-08-01,3,Seoul,Middle,2024-10-01,2024Q4,0,-26,25.95,291.95
H095,2022-08-01,4,Seoul,Middle,,,0,,25.95,257.63
H096,2022-08-01,2,Daegu,High,2023-11-01,2023Q4,0,-15,25.95,341.47
H097,2022-08-01,4,Daegu,Middle,,,0,,25.95,228.47
H098,2022-08-01,2,Daegu,Middle,,,0,,25.95,327.8
H099,2022-08-01,3,Busan,High,,,0,,25.95,293.96
H100,2022-08-01,2,Daegu,Middle,,,0,,25.95,240.32
H101,2022-08-01,2,Daegu,High,,,0,,25.95,302.82
H102,2022-08-01,2,Busan,Middle,,,0,,25.95,341.64
H103,2022-08-01,2,Gyeonggi,Middle,,,0,,25.95,257.82
H104,2022-08-01,3,Daegu,Middle,2023-04-01,2023Q2,0,-8,25.95,307.19
H105,2022-08-01,3,Gyeonggi,Middle,,,0,,25.95,274.99
H106,2022-08-01,3,Busan,Middle,,,0,,25.95,306.53
H107,2022-08-01,2,Gyeonggi,Low,,,0,,25.95,272.16
H108,2022-08-01,4,Gyeonggi,Low,,,0,,25.95,360.64
H109,2022-08-01,2,Busan,High,2023-01-01,2023Q1,0,-5,25.95,255.15
H110,2022-08-01,4,Gyeonggi,Low,,,0,,25.95,329.79
H111,2022-08-01,3,Gyeonggi,Middle,2023-08-01,2023Q3,0,-12,25.95,322.93
H112,2022-08-01,3,Busan,Low,2023-02-01,2023Q1,0,-6,25.95,250.24
H113,2022-08-01,4,Daegu,Middle,2024-05-01,2024Q2,0,-21,25.95,282.68
H114,2022-08-01,1,Gyeonggi,Low,,,0,,25.95,230.0
H115,2022-08-01,3,Gyeonggi,High,2024-07-01,2024Q3,0,-23,25.95,286.29
H116,2022-08-01,2,Seoul,Middle,,,0,,25.95,323.94
H117,2022-08-01,5,Gyeonggi,Middle,2024-02-01,2024Q1,0,-18,25.95,335.86
H118,2022-08-01,2,Daegu,Middle,,,0,,25.95,268.91
H119,2022-08-01,2,Gyeonggi,Low,2022-05-01,2022Q2,1,3,25.95,396.06
H120,2022-08-01,4,Gyeonggi,Middle,,,0,,25.95,365.58
H001,2022-09-01,3,Seoul,Middle,2024-09-01,2024Q3,0,-24,22.8,297.33
H002,2022-09-01,1,Daegu,Low,2022-09-01,2022Q3,1,0,22.8,309.56
H003,2022-09-01,3,Gyeonggi,Middle,,,0,,22.8,326.25
H004,2022-09-01,2,Seoul,High,2023-06-01,2023Q2,0,-9,22.8,255.58
H005,2022-09-01,2,Gyeonggi,High,2023-10-01,2023Q4,0,-13,22.8,309.69
H006,2022-09-01,2,Seoul,Middle,,,0,,22.8,260.97
H007,2022-09-01,5,Daegu,Low,,,0,,22.8,354.45
H008,2022-09-01,2,Gyeonggi,Middle,2022-05-01,2022Q2,1,4,22.8,379.69
H009,2022-09-01,5,Gyeonggi,High,,,0,,22.8,356.36
H010,2022-09-01,2,Busan,Low,2024-11-01,2024Q4,0,-26,22.8,268.6
H011,2022-09-01,1,Gyeonggi,Middle,2024-12-01,2024Q4,0,-27,22.8,262.2
H012,2022-09-01,3,Busan,High,,,0,,22.8,306.04
H013,2022-09-01,2,Seoul,High,,,0,,22.8,261.28
H014,2022-09-01,3,Busan,Low,,,0,,22.8,335.82
H015,2022-09-01,4,Daegu,Low,,,0,,22.8,351.6
H016,2022-09-01,4,Daegu,High,2022-03-01,2022Q1,1,6,22.8,445.7
H017,2022-09-01,3,Seoul,High,2024-07-01,2024Q3,0,-22,22.8,342.75
H018,2022-09-01,3,Daegu,Middle,,,0,,22.8,287.04
H019,2022-09-01,3,Seoul,Middle,,,0,,22.8,281.55
H020,2022-09-01,4,Busan,Low,,,0,,22.8,344.21
H021,2022-09-01,3,Busan,High,2024-05-01,2024Q2,0,-20,22.8,309.23
H022,2022-09-01,4,Gyeonggi,Low,,,0,,22.8,304.45
H023,2022-09-01,3,Seoul,Middle,2023-04-01,2023Q2,0,-7,22.8,271.91
H024,2022-09-01,1,Seoul,Low,,,0,,22.8,230.67
H025,2022-09-01,1,Gyeonggi,Low,2024-07-01,2024Q3,0,-22,22.8,238.14
H026,2022-09-01,5,Gyeonggi,Middle,2024-11-01,2024Q4,0,-26,22.8,360.87
H027,2022-09-01,2,Daegu,Low,,,0,,22.8,253.06
H028,2022-09-01,2,Gyeonggi,Low,,,0,,22.8,294.69
H029,2022-09-01,1,Seoul,High,2024-08-01,2024Q3,0,-23,22.8,259.09
H030,2022-09-01,2,Gyeonggi,Middle,,,0,,22.8,295.31
H031,2022-09-01,3,Gyeonggi,High,2023-06-01,2023Q2,0,-9,22.8,323.06
H032,2022-09-01,3,Daegu,High,2024-11-01,2024Q4,0,-26,22.8,311.54
H033,2022-09-01,1,Daegu,Middle,2024-08-01,2024Q3,0,-23,22.8,228.6
H034,2022-09-01,1,Gyeonggi,Low,2022-08-01,2022Q3,1,1,22.8,271.89
H035,2022-09-01,4,Seoul,Low,,,0,,22.8,378.29
H036,2022-09-01,5,Gyeonggi,Low,,,0,,22.8,356.29
H037,2022-09-01,2,Daegu,High,2023-05-01,2023Q2,0,-8,22.8,304.23
H038,2022-09-01,3,Daegu,Low,2022-10-01,2022Q4,0,-1,22.8,307.11
H039,2022-09-01,4,Seoul,Middle,,,0,,22.8,321.21
H040,2022-09-01,4,Gyeonggi,Low,,,0,,22.8,335.31
H041,2022-09-01,4,Seoul,Middle,2024-04-01,2024Q2,0,-19,22.8,273.76
H042,2022-09-01,3,Seoul,Middle,2024-10-01,2024Q4,0,-25,22.8,299.29
H043,2022-09-01,3,Busan,Low,2024-11-01,2024Q4,0,-26,22.8,252.71
H044,2022-09-01,2,Busan,High,,,0,,22.8,277.53
H045,2022-09-01,1,Seoul,Low,,,0,,22.8,256.58
H046,2022-09-01,4,Gyeonggi,Middle,2024-12-01,2024Q4,0,-27,22.8,336.06
H047,2022-09-01,2,Seoul,Middle,2022-05-01,2022Q2,1,4,22.8,303.43
H048,2022-09-01,1,Seoul,Middle,2023-10-01,2023Q4,0,-13,22.8,257.38
H049,2022-09-01,2,Busan,Low,,,0,,22.8,203.05
H050,2022-09-01,4,Seoul,Low,,,0,,22.8,321.77
H051,2022-09-01,2,Seoul,Middle,2023-09-01,2023Q3,0,-12,22.8,317.87
H052,2022-09-01,4,Seoul,Low,,,0,,22.8,386.96
H053,2022-09-01,3,Gyeonggi,Middle,2022-01-01,2022Q1,1,8,22.8,364.89
H054,2022-09-01,2,Seoul,High,2022-11-01,2022Q4,0,-2,22.8,266.21
H055,2022-09-01,1,Daegu,High,2022-03-01,2022Q1,1,6,22.8,368.73
H056,2022-09-01,4,Seoul,Low,,,0,,22.8,301.64
H057,2022-09-01,4,Daegu,High,2024-02-01,2024Q1,0,-17,22.8,352.1
H058,2022-09-01,2,Seoul,High,2023-06-01,2023Q2,0,-9,22.8,254.22
H059,2022-09-01,2,Gyeonggi,Low,2022-05-01,2022Q2,1,4,22.8,377.3
H060,2022-09-01,2,Daegu,Middle,,,0,,22.8,217.39
H061,2022-09-01,2,Seoul,Low,,,0,,22.8,275.66
H062,2022-09-01,2,Seoul,Middle,2023-07-01,2023Q3,0,-10,22.8,274.9
H063,2022-09-01,3,Seoul,Middle,,,0,,22.8,290.44
H064,2022-09-01,1,Gyeonggi,Middle,2024-06-01,2024Q2,0,-21,22.8,217.96
H065,2022-09-01,3,Seoul,Middle,2023-12-01,2023Q4,0,-15,22.8,318.45
H066,2022-09-01,2,Gyeonggi,Low,,,0,,22.8,305.5
H067,2022-09-01,2,Gyeonggi,Middle,2023-04-01,2023Q2,0,-7,22.8,311.06
H068,2022-09-01,3,Busan,Middle,,,0,,22.8,299.48
H069,2022-09-01,2,Daegu,High,,,0,,22.8,311.4
H070,2022-09-01,2,Busan,Low,,,0,,22.8,271.55
H071,2022-09-01,2,Busan,Low,2023-10-01,2023Q4,0,-13,22.8,299.3
H072,2022-09-01,4,Seoul,Middle,,,0,,22.8,333.6
H073,2022-09-01,3,Daegu,Middle,2022-07-01,2022Q3,1,2,22.8,338.13
H074,2022-09-01,2,Daegu,Low,2022-08-01,2022Q3,1,1,22.8,360.83
H075,2022-09-01,1,Daegu,Middle,,,0,,22.8,294.86
H076,2022-09-01,4,Daegu,High,,,0,,22.8,358.22
H077,2022-09-01,4,Daegu,Middle,2024-08-01,2024Q3,0,-23,22.8,353.37
H078,2022-09-01,3,Busan,Middle,,,0,,22.8,296.28
H079,2022-09-01,2,Busan,Middle,2024-03-01,2024Q1,0,-18,22.8,242.21
H080,2022-09-01,4,Seoul,Middle,2023-07-01,2023Q3,0,-10,22.8,304.49
H081,2022-09-01,1,Daegu,Middle,2024-07-01,2024Q3,0,-22,22.8,219.92
H082,2022-09-01,3,Busan,Low,2023-09-01,2023Q3,0,-12,22.8,226.49
H083,2022-09-01,4,Gyeonggi,Middle,2024-11-01,2024Q4,0,-26,22.8,353.01
H084,2022-09-01,4,Gyeonggi,High,,,0,,22.8,416.75
H085,2022-09-01,5,Seoul,High,2023-03-01,2023Q1,0,-6,22.8,353.25
H086,2022-09-01,4,Gyeonggi,Low,2022-08-01,2022Q3,1,1,22.8,378.53
H087,2022-09-01,2,Daegu,Low,,,0,,22.8,278.95
H088,2022-09-01,3,Seoul,High,2024-02-01,2024Q1,0,-17,22.8,341.68
H089,2022-09-01,4,Seoul,High,2022-04-01,2022Q2,1,5,22.8,423.35
H090,2022-09-01,1,Seoul,Middle,2024-05-01,2024Q2,0,-20,22.8,238.11
H091,2022-09-01,4,Gyeonggi,Middle,,,0,,22.8,364.45
H092,2022-09-01,2,Busan,Low,2023-10-01,2023Q4,0,-13,22.8,245.63
H093,2022-09-01,3,Daegu,Middle,,,0,,22.8,339.68
H094,2022-09-01,3,Seoul,Middle,2024-10-01,2024Q4,0,-25,22.8,271.25
H095,2022-09-01,4,Seoul,Middle,,,0,,22.8,369.06
H096,2022-09-01,2,Daegu,High,2023-11-01,2023Q4,0,-14,22.8,281.67
H097,2022-09-01,4,Daegu,Middle,,,0,,22.8,273.61
H098,2022-09-01,2,Daegu,Middle,,,0,,22.8,268.45
H099,2022-09-01,3,Busan,High,,,0,,22.8,330.31
H100,2022-09-01,2,Daegu,Middle,,,0,,22.8,261.67
H101,2022-09-01,2,Daegu,High,,,0,,22.8,321.41
H102,2022-09-01,2,Busan,Middle,,,0,,22.8,258.24
H103,2022-09-01,2,Gyeonggi,Middle,,,0,,22.8,199.06
H104,2022-09-01,3,Daegu,Middle,2023-04-01,2023Q2,0,-7,22.8,291.95
H105,2022-09-01,3,Gyeonggi,Middle,,,0,,22.8,289.2
H106,2022-09-01,3,Busan,Middle,,,0,,22.8,244.7
H107,2022-09-01,2,Gyeonggi,Low,,,0,,22.8,267.55
H108,2022-09-01,4,Gyeonggi,Low,,,0,,22.8,345.43
H109,2022-09-01,2,Busan,High,2023-01-01,2023Q1,0,-4,22.8,271.98
H110,2022-09-01,4,Gyeonggi,Low,,,0,,22.8,286.41
H111,2022-09-01,3,Gyeonggi,Middle,2023-08-01,2023Q3,0,-11,22.8,278.09
H112,2022-09-01,3,Busan,Low,2023-02-01,2023Q1,0,-5,22.8,268.52
H113,2022-09-01,4,Daegu,Middle,2024-05-01,2024Q2,0,-20,22.8,307.49
H114,2022-09-01,1,Gyeonggi,Low,,,0,,22.8,288.54
H115,2022-09-01,3,Gyeonggi,High,2024-07-01,2024Q3,0,-22,22.8,315.01
H116,2022-09-01,2,Seoul,Middle,,,0,,22.8,275.76
H117,2022-09-01,5,Gyeonggi,Middle,2024-02-01,2024Q1,0,-17,22.8,322.48
H118,2022-09-01,2,Daegu,Middle,,,0,,22.8,276.56
H119,2022-09-01,2,Gyeonggi,Low,2022-05-01,2022Q2,1,4,22.8,373.82
H120,2022-09-01,4,Gyeonggi,Middle,,,0,,22.8,390.64
H001,2022-10-01,3,Seoul,Middle,2024-09-01,2024Q3,0,-23,18.26,312.72
H002,2022-10-01,1,Daegu,Low,2022-09-01,2022Q3,1,1,18.26,338.11
H003,2022-10-01,3,Gyeonggi,Middle,,,0,,18.26,319.47
H004,2022-10-01,2,Seoul,High,2023-06-01,2023Q2,0,-8,18.26,230.82
H005,2022-10-01,2,Gyeonggi,High,2023-10-01,2023Q4,0,-12,18.26,286.77
H006,2022-10-01,2,Seoul,Middle,,,0,,18.26,237.85
H007,2022-10-01,5,Daegu,Low,,,0,,18.26,303.67
H008,2022-10-01,2,Gyeonggi,Middle,2022-05-01,2022Q2,1,5,18.26,342.94
H009,2022-10-01,5,Gyeonggi,High,,,0,,18.26,341.37
H010,2022-10-01,2,Busan,Low,2024-11-01,2024Q4,0,-25,18.26,223.37
H011,2022-10-01,1,Gyeonggi,Middle,2024-12-01,2024Q4,0,-26,18.26,254.69
H012,2022-10-01,3,Busan,High,,,0,,18.26,321.49
H013,2022-10-01,2,Seoul,High,,,0,,18.26,250.93
H014,2022-10-01,3,Busan,Low,,,0,,18.26,285.68
H015,2022-10-01,4,Daegu,Low,,,0,,18.26,363.28
H016,2022-10-01,4,Daegu,High,2022-03-01,2022Q1,1,7,18.26,451.45
H017,2022-10-01,3,Seoul,High,2024-07-01,2024Q3,0,-21,18.26,300.43
H018,2022-10-01,3,Daegu,Middle,,,0,,18.26,268.78
H019,2022-10-01,3,Seoul,Middle,,,0,,18.26,320.19
H020,2022-10-01,4,Busan,Low,,,0,,18.26,310.61
H021,2022-10-01,3,Busan,High,2024-05-01,2024Q2,0,-19,18.26,258.18
H022,2022-10-01,4,Gyeonggi,Low,,,0,,18.26,274.1
H023,2022-10-01,3,Seoul,Middle,2023-04-01,2023Q2,0,-6,18.26,307.43
H024,2022-10-01,1,Seoul,Low,,,0,,18.26,203.21
H025,2022-10-01,1,Gyeonggi,Low,2024-07-01,2024Q3,0,-21,18.26,151.51
H026,2022-10-01,5,Gyeonggi,Middle,2024-11-01,2024Q4,0,-25,18.26,349.46
H027,2022-10-01,2,Daegu,Low,,,0,,18.26,276.93
H028,2022-10-01,2,Gyeonggi,Low,,,0,,18.26,231.69
H029,2022-10-01,1,Seoul,High,2024-08-01,2024Q3,0,-22,18.26,260.22
H030,2022-10-01,2,Gyeonggi,Middle,,,0,,18.26,266.66
H031,2022-10-01,3,Gyeonggi,High,2023-06-01,2023Q2,0,-8,18.26,327.23
H032,2022-10-01,3,Daegu,High,2024-11-01,2024Q4,0,-25,18.26,303.29
H033,2022-10-01,1,Daegu,Middle,2024-08-01,2024Q3,0,-22,18.26,247.2
H034,2022-10-01,1,Gyeonggi,Low,2022-08-01,2022Q3,1,2,18.26,252.63
H035,2022-10-01,4,Seoul,Low,,,0,,18.26,362.92
H036,2022-10-01,5,Gyeonggi,Low,,,0,,18.26,370.17
H037,2022-10-01,2,Daegu,High,2023-05-01,2023Q2,0,-7,18.26,270.71
H038,2022-10-01,3,Daegu,Low,2022-10-01,2022Q4,1,0,18.26,357.45
H039,2022-10-01,4,Seoul,Middle,,,0,,18.26,319.23
H040,2022-10-01,4,Gyeonggi,Low,,,0,,18.26,350.81
H041,2022-10-01,4,Seoul,Middle,2024-04-01,2024Q2,0,-18,18.26,294.16
H042,2022-10-01,3,Seoul,Middle,2024-10-01,2024Q4,0,-24,18.26,313.52
H043,2022-10-01,3,Busan,Low,2024-11-01,2024Q4,0,-25,18.26,256.75
H044,2022-10-01,2,Busan,High,,,0,,18.26,269.68
H045,2022-10-01,1,Seoul,Low,,,0,,18.26,213.46
H046,2022-10-01,4,Gyeonggi,Middle,2024-12-01,2024Q4,0,-26,18.26,381.17
H047,2022-10-01,2,Seoul,Middle,2022-05-01,2022Q2,1,5,18.26,245.46
H048,2022-10-01,1,Seoul,Middle,2023-10-01,2023Q4,0,-12,18.26,224.01
H049,2022-10-01,2,Busan,Low,,,0,,18.26,179.94
H050,2022-10-01,4,Seoul,Low,,,0,,18.26,264.52
H051,2022-10-01,2,Seoul,Middle,2023-09-01,2023Q3,0,-11,18.26,347.54
H052,2022-10-01,4,Seoul,Low,,,0,,18.26,373.11
H053,2022-10-01,3,Gyeonggi,Middle,2022-01-01,2022Q1,1,9,18.26,345.08
H054,2022-10-01,2,Seoul,High,2022-11-01,2022Q4,0,-1,18.26,253.08
H055,2022-10-01,1,Daegu,High,2022-03-01,2022Q1,1,7,18.26,316.16
H056,2022-10-01,4,Seoul,Low,,,0,,18.26,269.8
H057,2022-10-01,4,Daegu,High,2024-02-01,2024Q1,0,-16,18.26,402.07
H058,2022-10-01,2,Seoul,High,2023-06-01,2023Q2,0,-8,18.26,263.72
H059,2022-10-01,2,Gyeonggi,Low,2022-05-01,2022Q2,1,5,18.26,332.35
H060,2022-10-01,2,Daegu,Middle,,,0,,18.26,250.76
H061,2022-10-01,2,Seoul,Low,,,0,,18.26,237.64
H062,2022-10-01,2,Seoul,Middle,2023-07-01,2023Q3,0,-9,18.26,274.57
H063,2022-10-01,3,Seoul,Middle,,,0,,18.26,295.45
H064,2022-10-01,1,Gyeonggi,Middle,2024-06-01,2024Q2,0,-20,18.26,212.79
H065,2022-10-01,3,Seoul,Middle,2023-12-01,2023Q4,0,-14,18.26,266.99
H066,2022-10-01,2,Gyeonggi,Low,,,0,,18.26,306.08
H067,2022-10-01,2,Gyeonggi,Middle,2023-04-01,2023Q2,0,-6,18.26,259.59
H068,2022-10-01,3,Busan,Middle,,,0,,18.26,278.31
H069,2022-10-01,2,Daegu,High,,,0,,18.26,299.88
H070,2022-10-01,2,Busan,Low,,,0,,18.26,221.35
H071,2022-10-01,2,Busan,Low,2023-10-01,2023Q4,0,-12,18.26,241.29
H072,2022-10-01,4,Seoul,Middle,,,0,,18.26,319.2
H073,2022-10-01,3,Daegu,Middle,2022-07-01,2022Q3,1,3,18.26,357.63
H074,2022-10-01,2,Daegu,Low,2022-08-01,2022Q3,1,2,18.26,394.99
H075,2022-10-01,1,Daegu,Middle,,,0,,18.26,278.78
H076,2022-10-01,4,Daegu,High,,,0,,18.26,364.64
H077,2022-10-01,4,Daegu,Middle,2024-08-01,2024Q3,0,-22,18.26,273.09
H078,2022-10-01,3,Busan,Middle,,,0,,18.26,239.86
H079,2022-10-01,2,Busan,Middle,2024-03-01,2024Q1,0,-17,18.26,267.86
H080,2022-10-01,4,Seoul,Middle,2023-07-01,2023Q3,0,-9,18.26,330.71
H081,2022-10-01,1,Daegu,Middle,2024-07-01,2024Q3,0,-21,18.26,219.59
H082,2022-10-01,3,Busan,Low,2023-09-01,2023Q3,0,-11,18.26,198.4
H083,2022-10-01,4,Gyeonggi,Middle,2024-11-01,2024Q4,0,-25,18.26,338.69
H084,2022-10-01,4,Gyeonggi,High,,,0,,18.26,357.3
H085,2022-10-01,5,Seoul,High,2023-03-01,2023Q1,0,-5,18.26,350.67
H086,2022-10-01,4,Gyeonggi,Low,2022-08-01,2022Q3,1,2,18.26,370.74
H087,2022-10-01,2,Daegu,Low,,,0,,18.26,266.42
H088,2022-10-01,3,Seoul,High,2024-02-01,2024Q1,0,-16,18.26,302.24
H089,2022-10-01,4,Seoul,High,2022-04-01,2022Q2,1,6,18.26,410.53
H090,2022-10-01,1,Seoul,Middle,2024-05-01,2024Q2,0,-19,18.26,268.56
H091,2022-10-01,4,Gyeonggi,Middle,,,0,,18.26,366.57
H092,2022-10-01,2,Busan,Low,2023-10-01,2023Q4,0,-12,18.26,266.97
H093,2022-10-01,3,Daegu,Middle,,,0,,18.26,270.69
H094,2022-10-01,3,Seoul,Middle,2024-10-01,2024Q4,0,-24,18.26,266.79
H095,2022-10-01,4,Seoul,Middle,,,0,,18.26,289.57
H096,2022-10-01,2,Daegu,High,2023-11-01,2023Q4,0,-13,18.26,263.83
H097,2022-10-01,4,Daegu,Middle,,,0,,18.26,296.68
H098,2022-10-01,2,Daegu,Middle,,,0,,18.26,288.51
H099,2022-10-01,3,Busan,High,,,0,,18.26,289.53
H100,2022-10-01,2,Daegu,Middle,,,0,,18.26,241.44
H101,2022-10-01,2,Daegu,High,,,0,,18.26,290.64
H102,2022-10-01,2,Busan,Middle,,,0,,18.26,247.05
H103,2022-10-01,2,Gyeonggi,Middle,,,0,,18.26,216.5
H104,2022-10-01,3,Daegu,Middle,2023-04-01,2023Q2,0,-6,18.26,325.41
H105,2022-10-01,3,Gyeonggi,Middle,,,0,,18.26,251.67
H106,2022-10-01,3,Busan,Middle,,,0,,18.26,254.68
H107,2022-10-01,2,Gyeonggi,Low,,,0,,18.26,317.33
H108,2022-10-01,4,Gyeonggi,Low,,,0,,18.26,268.65
H109,2022-10-01,2,Busan,High,2023-01-01,2023Q1,0,-3,18.26,250.02
H110,2022-10-01,4,Gyeonggi,Low,,,0,,18.26,336.42
H111,2022-10-01,3,Gyeonggi,Middle,2023-08-01,2023Q3,0,-10,18.26,281.65
H112,2022-10-01,3,Busan,Low,2023-02-01,2023Q1,0,-4,18.26,271.06
H113,2022-10-01,4,Daegu,Middle,2024-05-01,2024Q2,0,-19,18.26,334.51
H114,2022-10-01,1,Gyeonggi,Low,,,0,,18.26,192.5
H115,2022-10-01,3,Gyeonggi,High,2024-07-01,2024Q3,0,-21,18.26,259.95
H116,2022-10-01,2,Seoul,Middle,,,0,,18.26,303.01
H117,2022-10-01,5,Gyeonggi,Middle,2024-02-01,2024Q1,0,-16,18.26,344.64
H118,2022-10-01,2,Daegu,Middle,,,0,,18.26,253.71
H119,2022-10-01,2,Gyeonggi,Low,2022-05-01,2022Q2,1,5,18.26,321.7
H120,2022-10-01,4,Gyeonggi,Middle,,,0,,18.26,330.1
H001,2022-11-01,3,Seoul,Middle,2024-09-01,2024Q3,0,-22,13.65,317.28
H002,2022-11-01,1,Daegu,Low,2022-09-01,2022Q3,1,2,13.65,311.45
H003,2022-11-01,3,Gyeonggi,Middle,,,0,,13.65,287.59
H004,2022-11-01,2,Seoul,High,2023-06-01,2023Q2,0,-7,13.65,278.16
H005,2022-11-01,2,Gyeonggi,High,2023-10-01,2023Q4,0,-11,13.65,271.93
H006,2022-11-01,2,Seoul,Middle,,,0,,13.65,269.78
H007,2022-11-01,5,Daegu,Low,,,0,,13.65,329.93
H008,2022-11-01,2,Gyeonggi,Middle,2022-05-01,2022Q2,1,6,13.65,419.23
H009,2022-11-01,5,Gyeonggi,High,,,0,,13.65,355.05
H010,2022-11-01,2,Busan,Low,2024-11-01,2024Q4,0,-24,13.65,263.68
H011,2022-11-01,1,Gyeonggi,Middle,2024-12-01,2024Q4,0,-25,13.65,240.73
H012,2022-11-01,3,Busan,High,,,0,,13.65,321.15
H013,2022-11-01,2,Seoul,High,,,0,,13.65,257.09
H014,2022-11-01,3,Busan,Low,,,0,,13.65,260.55
H015,2022-11-01,4,Daegu,Low,,,0,,13.65,355.77
H016,2022-11-01,4,Daegu,High,2022-03-01,2022Q1,1,8,13.65,439.78
H017,2022-11-01,3,Seoul,High,2024-07-01,2024Q3,0,-20,13.65,325.23
H018,2022-11-01,3,Daegu,Middle,,,0,,13.65,272.73
H019,2022-11-01,3,Seoul,Middle,,,0,,13.65,299.39
H020,2022-11-01,4,Busan,Low,,,0,,13.65,324.87
H021,2022-11-01,3,Busan,High,2024-05-01,2024Q2,0,-18,13.65,341.36
H022,2022-11-01,4,Gyeonggi,Low,,,0,,13.65,281.8
H023,2022-11-01,3,Seoul,Middle,2023-04-01,2023Q2,0,-5,13.65,269.95
H024,2022-11-01,1,Seoul,Low,,,0,,13.65,221.37
H025,2022-11-01,1,Gyeonggi,Low,2024-07-01,2024Q3,0,-20,13.65,198.38
H026,2022-11-01,5,Gyeonggi,Middle,2024-11-01,2024Q4,0,-24,13.65,365.65
H027,2022-11-01,2,Daegu,Low,,,0,,13.65,249.15
H028,2022-11-01,2,Gyeonggi,Low,,,0,,13.65,279.26
H029,2022-11-01,1,Seoul,High,2024-08-01,2024Q3,0,-21,13.65,252.45
H030,2022-11-01,2,Gyeonggi,Middle,,,0,,13.65,273.94
H031,2022-11-01,3,Gyeonggi,High,2023-06-01,2023Q2,0,-7,13.65,330.39
H032,2022-11-01,3,Daegu,High,2024-11-01,2024Q4,0,-24,13.65,303.57
H033,2022-11-01,1,Daegu,Middle,2024-08-01,2024Q3,0,-21,13.65,256.37
H034,2022-11-01,1,Gyeonggi,Low,2022-08-01,2022Q3,1,3,13.65,298.53
H035,2022-11-01,4,Seoul,Low,,,0,,13.65,385.82
H036,2022-11-01,5,Gyeonggi,Low,,,0,,13.65,356.87
H037,2022-11-01,2,Daegu,High,2023-05-01,2023Q2,0,-6,13.65,320.32
H038,2022-11-01,3,Daegu,Low,2022-10-01,2022Q4,1,1,13.65,356.9
H039,2022-11-01,4,Seoul,Middle,,,0,,13.65,358.69
H040,2022-11-01,4,Gyeonggi,Low,,,0,,13.65,311.74
H041,2022-11-01,4,Seoul,Middle,2024-04-01,2024Q2,0,-17,13.65,317.95
H042,2022-11-01,3,Seoul,Middle,2024-10-01,2024Q4,0,-23,13.65,302.14
H043,2022-11-01,3,Busan,Low,2024-11-01,2024Q4,0,-24,13.65,265.67
H044,2022-11-01,2,Busan,High,,,0,,13.65,297.8
H045,2022-11-01,1,Seoul,Low,,,0,,13.65,235.45
H046,2022-11-01,4,Gyeonggi,Middle,2024-12-01,2024Q4,0,-25,13.65,382.68
H047,2022-11-01,2,Seoul,Middle,2022-05-01,2022Q2,1,6,13.65,277.89
H048,2022-11-01,1,Seoul,Middle,2023-10-01,2023Q4,0,-11,13.65,217.08
H049,2022-11-01,2,Busan,Low,,,0,,13.65,226.5
H050,2022-11-01,4,Seoul,Low,,,0,,13.65,326.26
H051,2022-11-01,2,Seoul,Middle,2023-09-01,2023Q3,0,-10,13.65,326.12
H052,2022-11-01,4,Seoul,Low,,,0,,13.65,358.05
H053,2022-11-01,3,Gyeonggi,Middle,2022-01-01,2022Q1,1,10,13.65,392.67
H054,2022-11-01,2,Seoul,High,2022-11-01,2022Q4,1,0,13.65,333.16
H055,2022-11-01,1,Daegu,High,2022-03-01,2022Q1,1,8,13.65,358.7
H056,2022-11-01,4,Seoul,Low,,,0,,13.65,284.76
H057,2022-11-01,4,Daegu,High,2024-02-01,2024Q1,0,-15,13.65,364.81
H058,2022-11-01,2,Seoul,High,2023-06-01,2023Q2,0,-7,13.65,245.87
H059,2022-11-01,2,Gyeonggi,Low,2022-05-01,2022Q2,1,6,13.65,334.64
H060,2022-11-01,2,Daegu,Middle,,,0,,13.65,250.24
H061,2022-11-01,2,Seoul,Low,,,0,,13.65,278.49
H062,2022-11-01,2,Seoul,Middle,2023-07-01,2023Q3,0,-8,13.65,255.43
H063,2022-11-01,3,Seoul,Middle,,,0,,13.65,323.69
H064,2022-11-01,1,Gyeonggi,Middle,2024-06-01,2024Q2,0,-19,13.65,220.97
H065,2022-11-01,3,Seoul,Middle,2023-12-01,2023Q4,0,-13,13.65,327.28
H066,2022-11-01,2,Gyeonggi,Low,,,0,,13.65,313.31
H067,2022-11-01,2,Gyeonggi,Middle,2023-04-01,2023Q2,0,-5,13.65,285.88
H068,2022-11-01,3,Busan,Middle,,,0,,13.65,359.16
H069,2022-11-01,2,Daegu,High,,,0,,13.65,331.98
H070,2022-11-01,2,Busan,Low,,,0,,13.65,233.3
H071,2022-11-01,2,Busan,Low,2023-10-01,2023Q4,0,-11,13.65,238.85
H072,2022-11-01,4,Seoul,Middle,,,0,,13.65,313.41
H073,2022-11-01,3,Daegu,Middle,2022-07-01,2022Q3,1,4,13.65,393.98
H074,2022-11-01,2,Daegu,Low,2022-08-01,2022Q3,1,3,13.65,329.55
H075,2022-11-01,1,Daegu,Middle,,,0,,13.65,233.25
H076,2022-11-01,4,Daegu,High,,,0,,13.65,374.4
H077,2022-11-01,4,Daegu,Middle,2024-08-01,2024Q3,0,-21,13.65,346.65
H078,2022-11-01,3,Busan,Middle,,,0,,13.65,255.71
H079,2022-11-01,2,Busan,Middle,2024-03-01,2024Q1,0,-16,13.65,270.4
H080,2022-11-01,4,Seoul,Middle,2023-07-01,2023Q3,0,-8,13.65,340.46
H081,2022-11-01,1,Daegu,Middle,2024-07-01,2024Q3,0,-20,13.65,239.98
H082,2022-11-01,3,Busan,Low,2023-09-01,2023Q3,0,-10,13.65,189.87
H083,2022-11-01,4,Gyeonggi,Middle,2024-11-01,2024Q4,0,-24,13.65,355.02
H084,2022-11-01,4,Gyeonggi,High,,,0,,13.65,381.68
H085,2022-11-01,5,Seoul,High,2023-03-01,2023Q1,0,-4,13.65,310.65
H086,2022-11-01,4,Gyeonggi,Low,2022-08-01,2022Q3,1,3,13.65,380.67
H087,2022-11-01,2,Daegu,Low,,,0,,13.65,266.57
H088,2022-11-01,3,Seoul,High,2024-02-01,2024Q1,0,-15,13.65,305.15
H089,2022-11-01,4,Seoul,High,2022-04-01,2022Q2,1,7,13.65,432.84
H090,2022-11-01,1,Seoul,Middle,2024-05-01,2024Q2,0,-18,13.65,249.53
H091,2022-11-01,4,Gyeonggi,Middle,,,0,,13.65,356.98
H092,2022-11-01,2,Busan,Low,2023-10-01,2023Q4,0,-11,13.65,214.24
H093,2022-11-01,3,Daegu,Middle,,,0,,13.65,308.11
H094,2022-11-01,3,Seoul,Middle,2024-10-01,2024Q4,0,-23,13.65,299.99
H095,2022-11-01,4,Seoul,Middle,,,0,,13.65,271.59
H096,2022-11-01,2,Daegu,High,2023-11-01,2023Q4,0,-12,13.65,302.9
H097,2022-11-01,4,Daegu,Middle,,,0,,13.65,310.28
H098,2022-11-01,2,Daegu,Middle,,,0,,13.65,276.32
H099,2022-11-01,3,Busan,High,,,0,,13.65,314.92
H100,2022-11-01,2,Daegu,Middle,,,0,,13.65,239.34
H101,2022-11-01,2,Daegu,High,,,0,,13.65,248.18
H102,2022-11-01,2,Busan,Middle,,,0,,13.65,286.21
H103,2022-11-01,2,Gyeonggi,Middle,,,0,,13.65,232.79
H104,2022-11-01,3,Daegu,Middle,2023-04-01,2023Q2,0,-5,13.65,306.84
H105,2022-11-01,3,Gyeonggi,Middle,,,0,,13.65,272.52
H106,2022-11-01,3,Busan,Middle,,,0,,13.65,269.41
H107,2022-11-01,2,Gyeonggi,Low,,,0,,13.65,269.68
H108,2022-11-01,4,Gyeonggi,Low,,,0,,13.65,326.74
H109,2022-11-01,2,Busan,High,2023-01-01,2023Q1,0,-2,13.65,307.81
H110,2022-11-01,4,Gyeonggi,Low,,,0,,13.65,291.68
H111,2022-11-01,3,Gyeonggi,Middle,2023-08-01,2023Q3,0,-9,13.65,265.38
H112,2022-11-01,3,Busan,Low,2023-02-01,2023Q1,0,-3,13.65,271.09
H113,2022-11-01,4,Daegu,Middle,2024-05-01,2024Q2,0,-18,13.65,260.93
H114,2022-11-01,1,Gyeonggi,Low,,,0,,13.65,157.46
H115,2022-11-01,3,Gyeonggi,High,2024-07-01,2024Q3,0,-20,13.65,256.4
H116,2022-11-01,2,Seoul,Middle,,,0,,13.65,291.2
H117,2022-11-01,5,Gyeonggi,Middle,2024-02-01,2024Q1,0,-15,13.65,335.94
H118,2022-11-01,2,Daegu,Middle,,,0,,13.65,238.0
H119,2022-11-01,2,Gyeonggi,Low,2022-05-01,2022Q2,1,6,13.65,329.78
H120,2022-11-01,4,Gyeonggi,Middle,,,0,,13.65,399.74
H001,2022-12-01,3,Seoul,Middle,2024-09-01,2024Q3,0,-21,8.16,307.58
H002,2022-12-01,1,Daegu,Low,2022-09-01,2022Q3,1,3,8.16,349.26
H003,2022-12-01,3,Gyeonggi,Middle,,,0,,8.16,292.52
H004,2022-12-01,2,Seoul,High,2023-06-01,2023Q2,0,-6,8.16,253.95
H005,2022-12-01,2,Gyeonggi,High,2023-10-01,2023Q4,0,-10,8.16,311.25
H006,2022-12-01,2,Seoul,Middle,,,0,,8.16,261.29
H007,2022-12-01,5,Daegu,Low,,,0,,8.16,349.71
H008,2022-12-01,2,Gyeonggi,Middle,2022-05-01,2022Q2,1,7,8.16,395.11
H009,2022-12-01,5,Gyeonggi,High,,,0,,8.16,357.65
H010,2022-12-01,2,Busan,Low,2024-11-01,2024Q4,0,-23,8.16,265.54
H011,2022-12-01,1,Gyeonggi,Middle,2024-12-01,2024Q4,0,-24,8.16,282.09
H012,2022-12-01,3,Busan,High,,,0,,8.16,302.34
H013,2022-12-01,2,Seoul,High,,,0,,8.16,296.83
H014,2022-12-01,3,Busan,Low,,,0,,8.16,285.81
H015,2022-12-01,4,Daegu,Low,,,0,,8.16,327.45
H016,2022-12-01,4,Daegu,High,2022-03-01,2022Q1,1,9,8.16,466.2
H017,2022-12-01,3,Seoul,High,2024-07-01,2024Q3,0,-19,8.16,340.72
H018,2022-12-01,3,Daegu,Middle,,,0,,8.16,292.85
H019,2022-12-01,3,Seoul,Middle,,,0,,8.16,347.27
H020,2022-12-01,4,Busan,Low,,,0,,8.16,380.1
H021,2022-12-01,3,Busan,High,2024-05-01,2024Q2,0,-17,8.16,303.54
H022,2022-12-01,4,Gyeonggi,Low,,,0,,8.16,311.91
H023,2022-12-01,3,Seoul,Middle,2023-04-01,2023Q2,0,-4,8.16,254.58
H024,2022-12-01,1,Seoul,Low,,,0,,8.16,252.73
H025,2022-12-01,1,Gyeonggi,Low,2024-07-01,2024Q3,0,-19,8.16,171.73
H026,2022-12-01,5,Gyeonggi,Middle,2024-11-01,2024Q4,0,-23,8.16,385.45
H027,2022-12-01,2,Daegu,Low,,,0,,8.16,257.75
H028,2022-12-01,2,Gyeonggi,Low,,,0,,8.16,295.67
H029,2022-12-01,1,Seoul,High,2024-08-01,2024Q3,0,-20,8.16,239.42
H030,2022-12-01,2,Gyeonggi,Middle,,,0,,8.16,276.06
H031,2022-12-01,3,Gyeonggi,High,2023-06-01,2023Q2,0,-6,8.16,352.82
H032,2022-12-01,3,Daegu,High,2024-11-01,2024Q4,0,-23,8.16,323.49
H033,2022-12-01,1,Daegu,Middle,2024-08-01,2024Q3,0,-20,8.16,250.89
H034,2022-12-01,1,Gyeonggi,Low,2022-08-01,2022Q3,1,4,8.16,312.59
H035,2022-12-01,4,Seoul,Low,,,0,,8.16,394.32
H036,2022-12-01,5,Gyeonggi,Low,,,0,,8.16,373.47
H037,2022-12-01,2,Daegu,High,2023-05-01,2023Q2,0,-5,8.16,279.74
H038,2022-12-01,3,Daegu,Low,2022-10-01,2022Q4,1,2,8.16,356.72
H039,2022-12-01,4,Seoul,Middle,,,0,,8.16,345.96
H040,2022-12-01,4,Gyeonggi,Low,,,0,,8.16,337.38
H041,2022-12-01,4,Seoul,Middle,2024-04-01,2024Q2,0,-16,8.16,299.84
H042,2022-12-01,3,Seoul,Middle,2024-10-01,2024Q4,0,-22,8.16,240.83
H043,2022-12-01,3,Busan,Low,2024-11-01,2024Q4,0,-23,8.16,279.33
H044,2022-12-01,2,Busan,High,,,0,,8.16,278.18
H045,2022-12-01,1,Seoul,Low,,,0,,8.16,249.43
H046,2022-12-01,4,Gyeonggi,Middle,2024-12-01,2024Q4,0,-24,8.16,380.84
H047,2022-12-01,2,Seoul,Middle,2022-05-01,2022Q2,1,7,8.16,283.87
H048,2022-12-01,1,Seoul,Middle,2023-10-01,2023Q4,0,-10,8.16,221.53
H049,2022-12-01,2,Busan,Low,,,0,,8.16,213.92
H050,2022-12-01,4,Seoul,Low,,,0,,8.16,318.03
H051,2022-12-01,2,Seoul,Middle,2023-09-01,2023Q3,0,-9,8.16,318.32
H052,2022-12-01,4,Seoul,Low,,,0,,8.16,358.47
H053,2022-12-01,3,Gyeonggi,Middle,2022-01-01,2022Q1,1,11,8.16,416.43
H054,2022-12-01,2,Seoul,High,2022-11-01,2022Q4,1,1,8.16,328.66
H055,2022-12-01,1,Daegu,High,2022-03-01,2022Q1,1,9,8.16,328.6
H056,2022-12-01,4,Seoul,Low,,,0,,8.16,312.75
H057,2022-12-01,4,Daegu,High,2024-02-01,2024Q1,0,-14,8.16,395.81
H058,2022-12-01,2,Seoul,High,2023-06-01,2023Q2,0,-6,8.16,262.31
H059,2022-12-01,2,Gyeonggi,Low,2022-05-01,2022Q2,1,7,8.16,307.02
H060,2022-12-01,2,Daegu,Middle,,,0,,8.16,252.12
H061,2022-12-01,2,Seoul,Low,,,0,,8.16,296.34
H062,2022-12-01,2,Seoul,Middle,2023-07-01,2023Q3,0,-7,8.16,280.52
H063,2022-12-01,3,Seoul,Middle,,,0,,8.16,316.26
H064,2022-12-01,1,Gyeonggi,Middle,2024-06-01,2024Q2,0,-18,8.16,275.63
H065,2022-12-01,3,Seoul,Middle,2023-12-01,2023Q4,0,-12,8.16,299.08
H066,2022-12-01,2,Gyeonggi,Low,,,0,,8.16,278.75
H067,2022-12-01,2,Gyeonggi,Middle,2023-04-01,2023Q2,0,-4,8.16,261.4
H068,2022-12-01,3,Busan,Middle,,,0,,8.16,314.38
H069,2022-12-01,2,Daegu,High,,,0,,8.16,350.47
H070,2022-12-01,2,Busan,Low,,,0,,8.16,240.85
H071,2022-12-01,2,Busan,Low,2023-10-01,2023Q4,0,-10,8.16,221.19
H072,2022-12-01,4,Seoul,Middle,,,0,,8.16,350.8
H073,2022-12-01,3,Daegu,Middle,2022-07-01,2022Q3,1,5,8.16,383.33
H074,2022-12-01,2,Daegu,Low,2022-08-01,2022Q3,1,4,8.16,365.7
H075,2022-12-01,1,Daegu,Middle,,,0,,8.16,230.38
H076,2022-12-01,4,Daegu,High,,,0,,8.16,375.83
H077,2022-12-01,4,Daegu,Middle,2024-08-01,2024Q3,0,-20,8.16,349.18
H078,2022-12-01,3,Busan,Middle,,,0,,8.16,228.6
H079,2022-12-01,2,Busan,Middle,2024-03-01,2024Q1,0,-15,8.16,262.01
H080,2022-12-01,4,Seoul,Middle,2023-07-01,2023Q3,0,-7,8.16,305.99
H081,2022-12-01,1,Daegu,Middle,2024-07-01,2024Q3,0,-19,8.16,221.94
H082,2022-12-01,3,Busan,Low,2023-09-01,2023Q3,0,-9,8.16,184.87
H083,2022-12-01,4,Gyeonggi,Middle,2024-11-01,2024Q4,0,-23,8.16,353.06
H084,2022-12-01,4,Gyeonggi,High,,,0,,8.16,402.22
H085,2022-12-01,5,Seoul,High,2023-03-01,2023Q1,0,-3,8.16,346.37
H086,2022-12-01,4,Gyeonggi,Low,2022-08-01,2022Q3,1,4,8.16,387.65
H087,2022-12-01,2,Daegu,Low,,,0,,8.16,330.06
H088,2022-12-01,3,Seoul,High,2024-02-01,2024Q1,0,-14,8.16,299.92
H089,2022-12-01,4,Seoul,High,2022-04-01,2022Q2,1,8,8.16,424.1
H090,2022-12-01,1,Seoul,Middle,2024-05-01,2024Q2,0,-17,8.16,249.49
H091,2022-12-01,4,Gyeonggi,Middle,,,0,,8.16,385.3
H092,2022-12-01,2,Busan,Low,2023-10-01,2023Q4,0,-10,8.16,244.96
H093,2022-12-01,3,Daegu,Middle,,,0,,8.16,267.86
H094,2022-12-01,3,Seoul,Middle,2024-10-01,2024Q4,0,-22,8.16,280.04
H095,2022-12-01,4,Seoul,Middle,,,0,,8.16,332.37
H096,2022-12-01,2,Daegu,High,2023-11-01,2023Q4,0,-11,8.16,320.36
H097,2022-12-01,4,Daegu,Middle,,,0,,8.16,259.01
H098,2022-12-01,2,Daegu,Middle,,,0,,8.16,260.77
H099,2022-12-01,3,Busan,High,,,0,,8.16,296.9
H100,2022-12-01,2,Daegu,Middle,,,0,,8.16,267.2
H101,2022-12-01,2,Daegu,High,,,0,,8.16,353.27
H102,2022-12-01,2,Busan,Middle,,,0,,8.16,276.95
H103,2022-12-01,2,Gyeonggi,Middle,,,0,,8.16,246.51
H104,2022-12-01,3,Daegu,Middle,2023-04-01,2023Q2,0,-4,8.16,287.52
H105,2022-12-01,3,Gyeonggi,Middle,,,0,,8.16,350.33
H106,2022-12-01,3,Busan,Middle,,,0,,8.16,271.33
H107,2022-12-01,2,Gyeonggi,Low,,,0,,8.16,263.63
H108,2022-12-01,4,Gyeonggi,Low,,,0,,8.16,342.13
H109,2022-12-01,2,Busan,High,2023-01-01,2023Q1,0,-1,8.16,265.36
H110,2022-12-01,4,Gyeonggi,Low,,,0,,8.16,331.39
H111,2022-12-01,3,Gyeonggi,Middle,2023-08-01,2023Q3,0,-8,8.16,309.97
H112,2022-12-01,3,Busan,Low,2023-02-01,2023Q1,0,-2,8.16,257.53
H113,2022-12-01,4,Daegu,Middle,2024-05-01,2024Q2,0,-17,8.16,288.04
H114,2022-12-01,1,Gyeonggi,Low,,,0,,8.16,182.95
H115,2022-12-01,3,Gyeonggi,High,2024-07-01,2024Q3,0,-19,8.16,279.51
H116,2022-12-01,2,Seoul,Middle,,,0,,8.16,257.26
H117,2022-12-01,5,Gyeonggi,Middle,2024-02-01,2024Q1,0,-14,8.16,354.35
H118,2022-12-01,2,Daegu,Middle,,,0,,8.16,273.12
H119,2022-12-01,2,Gyeonggi,Low,2022-05-01,2022Q2,1,7,8.16,332.86
H120,2022-12-01,4,Gyeonggi,Middle,,,0,,8.16,366.68
H001,2023-01-01,3,Seoul,Middle,2024-09-01,2024Q3,0,-20,1.43,337.8
H002,2023-01-01,1,Daegu,Low,2022-09-01,2022Q3,1,4,1.43,364.2
H003,2023-01-01,3,Gyeonggi,Middle,,,0,,1.43,299.82
H004,2023-01-01,2,Seoul,High,2023-06-01,2023Q2,0,-5,1.43,303.37
H005,2023-01-01,2,Gyeonggi,High,2023-10-01,2023Q4,0,-9,1.43,288.42
H006,2023-01-01,2,Seoul,Middle,,,0,,1.43,280.85
H007,2023-01-01,5,Daegu,Low,,,0,,1.43,322.61
H008,2023-01-01,2,Gyeonggi,Middle,2022-05-01,2022Q2,1,8,1.43,414.97
H009,2023-01-01,5,Gyeonggi,High,,,0,,1.43,381.99
H010,2023-01-01,2,Busan,Low,2024-11-01,2024Q4,0,-22,1.43,246.37
H011,2023-01-01,1,Gyeonggi,Middle,2024-12-01,2024Q4,0,-23,1.43,259.44
H012,2023-01-01,3,Busan,High,,,0,,1.43,328.88
H013,2023-01-01,2,Seoul,High,,,0,,1.43,269.53
H014,2023-01-01,3,Busan,Low,,,0,,1.43,292.92
H015,2023-01-01,4,Daegu,Low,,,0,,1.43,300.0
H016,2023-01-01,4,Daegu,High,2022-03-01,2022Q1,1,10,1.43,457.35
H017,2023-01-01,3,Seoul,High,2024-07-01,2024Q3,0,-18,1.43,379.29
H018,2023-01-01,3,Daegu,Middle,,,0,,1.43,305.55
H019,2023-01-01,3,Seoul,Middle,,,0,,1.43,314.94
H020,2023-01-01,4,Busan,Low,,,0,,1.43,360.23
H021,2023-01-01,3,Busan,High,2024-05-01,2024Q2,0,-16,1.43,320.89
H022,2023-01-01,4,Gyeonggi,Low,,,0,,1.43,294.98
H023,2023-01-01,3,Seoul,Middle,2023-04-01,2023Q2,0,-3,1.43,283.05
H024,2023-01-01,1,Seoul,Low,,,0,,1.43,242.58
H025,2023-01-01,1,Gyeonggi,Low,2024-07-01,2024Q3,0,-18,1.43,203.12
H026,2023-01-01,5,Gyeonggi,Middle,2024-11-01,2024Q4,0,-22,1.43,366.94
H027,2023-01-01,2,Daegu,Low,,,0,,1.43,287.71
H028,2023-01-01,2,Gyeonggi,Low,,,0,,1.43,312.11
H029,2023-01-01,1,Seoul,High,2024-08-01,2024Q3,0,-19,1.43,244.05
H030,2023-01-01,2,Gyeonggi,Middle,,,0,,1.43,265.05
H031,2023-01-01,3,Gyeonggi,High,2023-06-01,2023Q2,0,-5,1.43,372.42
H032,2023-01-01,3,Daegu,High,2024-11-01,2024Q4,0,-22,1.43,352.54
H033,2023-01-01,1,Daegu,Middle,2024-08-01,2024Q3,0,-19,1.43,260.98
H034,2023-01-01,1,Gyeonggi,Low,2022-08-01,2022Q3,1,5,1.43,353.88
H035,2023-01-01,4,Seoul,Low,,,0,,1.43,396.63
H036,2023-01-01,5,Gyeonggi,Low,,,0,,1.43,353.44
H037,2023-01-01,2,Daegu,High,2023-05-01,2023Q2,0,-4,1.43,247.63
H038,2023-01-01,3,Daegu,Low,2022-10-01,2022Q4,1,3,1.43,371.67
H039,2023-01-01,4,Seoul,Middle,,,0,,1.43,332.31
H040,2023-01-01,4,Gyeonggi,Low,,,0,,1.43,342.32
H041,2023-01-01,4,Seoul,Middle,2024-04-01,2024Q2,0,-15,1.43,370.41
H042,2023-01-01,3,Seoul,Middle,2024-10-01,2024Q4,0,-21,1.43,299.4
H043,2023-01-01,3,Busan,Low,2024-11-01,2024Q4,0,-22,1.43,266.53
H044,2023-01-01,2,Busan,High,,,0,,1.43,244.85
H045,2023-01-01,1,Seoul,Low,,,0,,1.43,198.65
H046,2023-01-01,4,Gyeonggi,Middle,2024-12-01,2024Q4,0,-23,1.43,309.87
H047,2023-01-01,2,Seoul,Middle,2022-05-01,2022Q2,1,8,1.43,356.44
H048,2023-01-01,1,Seoul,Middle,2023-10-01,2023Q4,0,-9,1.43,255.19
H049,2023-01-01,2,Busan,Low,,,0,,1.43,246.2
H050,2023-01-01,4,Seoul,Low,,,0,,1.43,309.26
H051,2023-01-01,2,Seoul,Middle,2023-09-01,2023Q3,0,-8,1.43,320.39
H052,2023-01-01,4,Seoul,Low,,,0,,1.43,370.54
H053,2023-01-01,3,Gyeonggi,Middle,2022-01-01,2022Q1,1,12,1.43,451.35
H054,2023-01-01,2,Seoul,High,2022-11-01,2022Q4,1,2,1.43,357.5
H055,2023-01-01,1,Daegu,High,2022-03-01,2022Q1,1,10,1.43,308.06
H056,2023-01-01,4,Seoul,Low,,,0,,1.43,301.08
H057,2023-01-01,4,Daegu,High,2024-02-01,2024Q1,0,-13,1.43,330.85
H058,2023-01-01,2,Seoul,High,2023-06-01,2023Q2,0,-5,1.43,257.78
H059,2023-01-01,2,Gyeonggi,Low,2022-05-01,2022Q2,1,8,1.43,313.25
H060,2023-01-01,2,Daegu,Middle,,,0,,1.43,259.04
H061,2023-01-01,2,Seoul,Low,,,0,,1.43,253.19
H062,2023-01-01,2,Seoul,Middle,2023-07-01,2023Q3,0,-6,1.43,244.18
H063,2023-01-01,3,Seoul,Middle,,,0,,1.43,267.73
H064,2023-01-01,1,Gyeonggi,Middle,2024-06-01,2024Q2,0,-17,1.43,266.52
H065,2023-01-01,3,Seoul,Middle,2023-12-01,2023Q4,0,-11,1.43,297.46
H066,2023-01-01,2,Gyeonggi,Low,,,0,,1.43,306.8
H067,2023-01-01,2,Gyeonggi,Middle,2023-04-01,2023Q2,0,-3,1.43,306.72
H068,2023-01-01,3,Busan,Middle,,,0,,1.43,330.83
H069,2023-01-01,2,Daegu,High,,,0,,1.43,343.25
H070,2023-01-01,2,Busan,Low,,,0,,1.43,228.57
H071,2023-01-01,2,Busan,Low,2023-10-01,2023Q4,0,-9,1.43,260.31
H072,2023-01-01,4,Seoul,Middle,,,0,,1.43,312.87
H073,2023-01-01,3,Daegu,Middle,2022-07-01,2022Q3,1,6,1.43,401.51
H074,2023-01-01,2,Daegu,Low,2022-08-01,2022Q3,1,5,1.43,401.17
H075,2023-01-01,1,Daegu,Middle,,,0,,1.43,301.49
H076,2023-01-01,4,Daegu,High,,,0,,1.43,347.87
H077,2023-01-01,4,Daegu,Middle,2024-08-01,2024Q3,0,-19,1.43,354.76
H078,2023-01-01,3,Busan,Middle,,,0,,1.43,253.21
H079,2023-01-01,2,Busan,Middle,2024-03-01,2024Q1,0,-14,1.43,245.7
H080,2023-01-01,4,Seoul,Middle,2023-07-01,2023Q3,0,-6,1.43,344.85
H081,2023-01-01,1,Daegu,Middle,2024-07-01,2024Q3,0,-18,1.43,272.82
H082,2023-01-01,3,Busan,Low,2023-09-01,2023Q3,0,-8,1.43,288.93
H083,2023-01-01,4,Gyeonggi,Middle,2024-11-01,2024Q4,0,-22,1.43,352.66
H084,2023-01-01,4,Gyeonggi,High,,,0,,1.43,355.48
H085,2023-01-01,5,Seoul,High,2023-03-01,2023Q1,0,-2,1.43,331.14
H086,2023-01-01,4,Gyeonggi,Low,2022-08-01,2022Q3,1,5,1.43,360.35
H087,2023-01-01,2,Daegu,Low,,,0,,1.43,290.6
H088,2023-01-01,3,Seoul,High,2024-02-01,2024Q1,0,-13,1.43,292.46
H089,2023-01-01,4,Seoul,High,2022-04-01,2022Q2,1,9,1.43,487.74
H090,2023-01-01,1,Seoul,Middle,2024-05-01,2024Q2,0,-16,1.43,240.24
H091,2023-01-01,4,Gyeonggi,Middle,,,0,,1.43,388.32
H092,2023-01-01,2,Busan,Low,2023-10-01,2023Q4,0,-9,1.43,256.53
H093,2023-01-01,3,Daegu,Middle,,,0,,1.43,311.14
H094,2023-01-01,3,Seoul,Middle,2024-10-01,2024Q4,0,-21,1.43,274.39
H095,2023-01-01,4,Seoul,Middle,,,0,,1.43,315.93
H096,2023-01-01,2,Daegu,High,2023-11-01,2023Q4,0,-10,1.43,293.75
H097,2023-01-01,4,Daegu,Middle,,,0,,1.43,297.48
H098,2023-01-01,2,Daegu,Middle,,,0,,1.43,293.91
H099,2023-01-01,3,Busan,High,,,0,,1.43,337.71
H100,2023-01-01,2,Daegu,Middle,,,0,,1.43,257.44
H101,2023-01-01,2,Daegu,High,,,0,,1.43,320.88
H102,2023-01-01,2,Busan,Middle,,,0,,1.43,292.52
H103,2023-01-01,2,Gyeonggi,Middle,,,0,,1.43,285.16
H104,2023-01-01,3,Daegu,Middle,2023-04-01,2023Q2,0,-3,1.43,227.96
H105,2023-01-01,3,Gyeonggi,Middle,,,0,,1.43,273.66
H106,2023-01-01,3,Busan,Middle,,,0,,1.43,316.79
H107,2023-01-01,2,Gyeonggi,Low,,,0,,1.43,216.21
H108,2023-01-01,4,Gyeonggi,Low,,,0,,1.43,374.82
H109,2023-01-01,2,Busan,High,2023-01-01,2023Q1,1,0,1.43,371.92
H110,2023-01-01,4,Gyeonggi,Low,,,0,,1.43,263.78
H111,2023-01-01,3,Gyeonggi,Middle,2023-08-01,2023Q3,0,-7,1.43,328.39
H112,2023-01-01,3,Busan,Low,2023-02-01,2023Q1,0,-1,1.43,253.3
H113,2023-01-01,4,Daegu,Middle,2024-05-01,2024Q2,0,-16,1.43,281.23
H114,2023-01-01,1,Gyeonggi,Low,,,0,,1.43,264.36
H115,2023-01-01,3,Gyeonggi,High,2024-07-01,2024Q3,0,-18,1.43,284.36
H116,2023-01-01,2,Seoul,Middle,,,0,,1.43,289.63
H117,2023-01-01,5,Gyeonggi,Middle,2024-02-01,2024Q1,0,-13,1.43,414.16
H118,2023-01-01,2,Daegu,Middle,,,0,,1.43,308.11
H119,2023-01-01,2,Gyeonggi,Low,2022-05-01,2022Q2,1,8,1.43,341.47
H120,2023-01-01,4,Gyeonggi,Middle,,,0,,1.43,362.53
H001,2023-02-01,3,Seoul,Middle,2024-09-01,2024Q3,0,-19,0.71,335.29
H002,2023-02-01,1,Daegu,Low,2022-09-01,2022Q3,1,5,0.71,297.03
H003,2023-02-01,3,Gyeonggi,Middle,,,0,,0.71,262.57
H004,2023-02-01,2,Seoul,High,2023-06-01,2023Q2,0,-4,0.71,295.76
H005,2023-02-01,2,Gyeonggi,High,2023-10-01,2023Q4,0,-8,0.71,278.26
H006,2023-02-01,2,Seoul,Middle,,,0,,0.71,279.77
H007,2023-02-01,5,Daegu,Low,,,0,,0.71,344.35
H008,2023-02-01,2,Gyeonggi,Middle,2022-05-01,2022Q2,1,9,0.71,379.82
H009,2023-02-01,5,Gyeonggi,High,,,0,,0.71,298.23
H010,2023-02-01,2,Busan,Low,2024-11-01,2024Q4,0,-21,0.71,261.5
H011,2023-02-01,1,Gyeonggi,Middle,2024-12-01,2024Q4,0,-22,0.71,274.63
H012,2023-02-01,3,Busan,High,,,0,,0.71,382.68
H013,2023-02-01,2,Seoul,High,,,0,,0.71,277.6
H014,2023-02-01,3,Busan,Low,,,0,,0.71,282.1
H015,2023-02-01,4,Daegu,Low,,,0,,0.71,368.07
H016,2023-02-01,4,Daegu,High,2022-03-01,2022Q1,1,11,0.71,473.02
H017,2023-02-01,3,Seoul,High,2024-07-01,2024Q3,0,-17,0.71,330.29
H018,2023-02-01,3,Daegu,Middle,,,0,,0.71,236.84
H019,2023-02-01,3,Seoul,Middle,,,0,,0.71,321.45
H020,2023-02-01,4,Busan,Low,,,0,,0.71,341.35
H021,2023-02-01,3,Busan,High,2024-05-01,2024Q2,0,-15,0.71,271.68
H022,2023-02-01,4,Gyeonggi,Low,,,0,,0.71,283.15
H023,2023-02-01,3,Seoul,Middle,2023-04-01,2023Q2,0,-2,0.71,327.37
H024,2023-02-01,1,Seoul,Low,,,0,,0.71,225.65
H025,2023-02-01,1,Gyeonggi,Low,2024-07-01,2024Q3,0,-17,0.71,172.17
H026,2023-02-01,5,Gyeonggi,Middle,2024-11-01,2024Q4,0,-21,0.71,315.06
H027,2023-02-01,2,Daegu,Low,,,0,,0.71,258.94
H028,2023-02-01,2,Gyeonggi,Low,,,0,,0.71,267.92
H029,2023-02-01,1,Seoul,High,2024-08-01,2024Q3,0,-18,0.71,243.57
H030,2023-02-01,2,Gyeonggi,Middle,,,0,,0.71,271.0
H031,2023-02-01,3,Gyeonggi,High,2023-06-01,2023Q2,0,-4,0.71,329.94
H032,2023-02-01,3,Daegu,High,2024-11-01,2024Q4,0,-21,0.71,302.86
H033,2023-02-01,1,Daegu,Middle,2024-08-01,2024Q3,0,-18,0.71,249.77
H034,2023-02-01,1,Gyeonggi,Low,2022-08-01,2022Q3,1,6,0.71,276.7
H035,2023-02-01,4,Seoul,Low,,,0,,0.71,341.51
H036,2023-02-01,5,Gyeonggi,Low,,,0,,0.71,338.03
H037,2023-02-01,2,Daegu,High,2023-05-01,2023Q2,0,-3,0.71,283.5
H038,2023-02-01,3,Daegu,Low,2022-10-01,2022Q4,1,4,0.71,387.84
H039,2023-02-01,4,Seoul,Middle,,,0,,0.71,334.86
H040,2023-02-01,4,Gyeonggi,Low,,,0,,0.71,309.63
H041,2023-02-01,4,Seoul,Middle,2024-04-01,2024Q2,0,-14,0.71,353.45
H042,2023-02-01,3,Seoul,Middle,2024-10-01,2024Q4,0,-20,0.71,286.49
H043,2023-02-01,3,Busan,Low,2024-11-01,2024Q4,0,-21,0.71,241.07
H044,2023-02-01,2,Busan,High,,,0,,0.71,254.71
H045,2023-02-01,1,Seoul,Low,,,0,,0.71,205.35
H046,2023-02-01,4,Gyeonggi,Middle,2024-12-01,2024Q4,0,-22,0.71,317.57
H047,2023-02-01,2,Seoul,Middle,2022-05-01,2022Q2,1,9,0.71,276.32
H048,2023-02-01,1,Seoul,Middle,2023-10-01,2023Q4,0,-8,0.71,204.8
H049,2023-02-01,2,Busan,Low,,,0,,0.71,288.03
H050,2023-02-01,4,Seoul,Low,,,0,,0.71,326.44
H051,2023-02-01,2,Seoul,Middle,2023-09-01,2023Q3,0,-7,0.71,344.05
H052,2023-02-01,4,Seoul,Low,,,0,,0.71,386.17
H053,2023-02-01,3,Gyeonggi,Middle,2022-01-01,2022Q1,1,13,0.71,403.95
H054,2023-02-01,2,Seoul,High,2022-11-01,2022Q4,1,3,0.71,348.77
H055,2023-02-01,1,Daegu,High,2022-03-01,2022Q1,1,11,0.71,349.05
H056,2023-02-01,4,Seoul,Low,,,0,,0.71,239.24
H057,2023-02-01,4,Daegu,High,2024-02-01,2024Q1,0,-12,0.71,338.52
H058,2023-02-01,2,Seoul,High,2023-06-01,2023Q2,0,-4,0.71,278.39
H059,2023-02-01,2,Gyeonggi,Low,2022-05-01,2022Q2,1,9,0.71,308.23
H060,2023-02-01,2,Daegu,Middle,,,0,,0.71,252.14
H061,2023-02-01,2,Seoul,Low,,,0,,0.71,288.26
H062,2023-02-01,2,Seoul,Middle,2023-07-01,2023Q3,0,-5,0.71,284.56
H063,2023-02-01,3,Seoul,Middle,,,0,,0.71,290.96
H064,2023-02-01,1,Gyeonggi,Middle,2024-06-01,2024Q2,0,-16,0.71,207.42
H065,2023-02-01,3,Seoul,Middle,2023-12-01,2023Q4,0,-10,0.71,304.14
H066,2023-02-01,2,Gyeonggi,Low,,,0,,0.71,276.72
H067,2023-02-01,2,Gyeonggi,Middle,2023-04-01,2023Q2,0,-2,0.71,239.87
H068,2023-02-01,3,Busan,Middle,,,0,,0.71,266.63
H069,2023-02-01,2,Daegu,High,,,0,,0.71,329.65
H070,2023-02-01,2,Busan,Low,,,0,,0.71,203.83
H071,2023-02-01,2,Busan,Low,2023-10-01,2023Q4,0,-8,0.71,210.61
H072,2023-02-01,4,Seoul,Middle,,,0,,0.71,371.65
H073,2023-02-01,3,Daegu,Middle,2022-07-01,2022Q3,1,7,0.71,350.33
H074,2023-02-01,2,Daegu,Low,2022-08-01,2022Q3,1,6,0.71,360.29
H075,2023-02-01,1,Daegu,Middle,,,0,,0.71,269.29
H076,2023-02-01,4,Daegu,High,,,0,,0.71,339.49
H077,2023-02-01,4,Daegu,Middle,2024-08-01,2024Q3,0,-18,0.71,298.06
H078,2023-02-01,3,Busan,Middle,,,0,,0.71,228.95
H079,2023-02-01,2,Busan,Middle,2024-03-01,2024Q1,0,-13,0.71,267.76
H080,2023-02-01,4,Seoul,Middle,2023-07-01,2023Q3,0,-5,0.71,315.36
H081,2023-02-01,1,Daegu,Middle,2024-07-01,2024Q3,0,-17,0.71,244.09
H082,2023-02-01,3,Busan,Low,2023-09-01,2023Q3,0,-7,0.71,173.39
H083,2023-02-01,4,Gyeonggi,Middle,2024-11-01,2024Q4,0,-21,0.71,310.64
H084,2023-02-01,4,Gyeonggi,High,,,0,,0.71,391.73
H085,2023-02-01,5,Seoul,High,2023-03-01,2023Q1,0,-1,0.71,326.36
H086,2023-02-01,4,Gyeonggi,Low,2022-08-01,2022Q3,1,6,0.71,359.7
H087,2023-02-01,2,Daegu,Low,,,0,,0.71,286.99
H088,2023-02-01,3,Seoul,High,2024-02-01,2024Q1,0,-12,0.71,322.47
H089,2023-02-01,4,Seoul,High,2022-04-01,2022Q2,1,10,0.71,454.0
H090,2023-02-01,1,Seoul,Middle,2024-05-01,2024Q2,0,-15,0.71,222.89
H091,2023-02-01,4,Gyeonggi,Middle,,,0,,0.71,380.16
H092,2023-02-01,2,Busan,Low,2023-10-01,2023Q4,0,-8,0.71,281.23
H093,2023-02-01,3,Daegu,Middle,,,0,,0.71,320.22
H094,2023-02-01,3,Seoul,Middle,2024-10-01,2024Q4,0,-20,0.71,250.99
H095,2023-02-01,4,Seoul,Middle,,,0,,0.71,376.3
H096,2023-02-01,2,Daegu,High,2023-11-01,2023Q4,0,-9,0.71,261.44
H097,2023-02-01,4,Daegu,Middle,,,0,,0.71,259.74
H098,2023-02-01,2,Daegu,Middle,,,0,,0.71,287.47
H099,2023-02-01,3,Busan,High,,,0,,0.71,308.34
H100,2023-02-01,2,Daegu,Middle,,,0,,0.71,266.54
H101,2023-02-01,2,Daegu,High,,,0,,0.71,321.84
H102,2023-02-01,2,Busan,Middle,,,0,,0.71,296.2
H103,2023-02-01,2,Gyeonggi,Middle,,,0,,0.71,213.63
H104,2023-02-01,3,Daegu,Middle,2023-04-01,2023Q2,0,-2,0.71,298.44
H105,2023-02-01,3,Gyeonggi,Middle,,,0,,0.71,302.61
H106,2023-02-01,3,Busan,Middle,,,0,,0.71,301.11
H107,2023-02-01,2,Gyeonggi,Low,,,0,,0.71,292.96
H108,2023-02-01,4,Gyeonggi,Low,,,0,,0.71,348.06
H109,2023-02-01,2,Busan,High,2023-01-01,2023Q1,1,1,0.71,377.89
H110,2023-02-01,4,Gyeonggi,Low,,,0,,0.71,289.72
H111,2023-02-01,3,Gyeonggi,Middle,2023-08-01,2023Q3,0,-6,0.71,268.59
H112,2023-02-01,3,Busan,Low,2023-02-01,2023Q1,1,0,0.71,349.95
H113,2023-02-01,4,Daegu,Middle,2024-05-01,2024Q2,0,-15,0.71,281.5
H114,2023-02-01,1,Gyeonggi,Low,,,0,,0.71,248.33
H115,2023-02-01,3,Gyeonggi,High,2024-07-01,2024Q3,0,-17,0.71,261.96
H116,2023-02-01,2,Seoul,Middle,,,0,,0.71,292.76
H117,2023-02-01,5,Gyeonggi,Middle,2024-02-01,2024Q1,0,-12,0.71,344.94
H118,2023-02-01,2,Daegu,Middle,,,0,,0.71,298.27
H119,2023-02-01,2,Gyeonggi,Low,2022-05-01,2022Q2,1,9,0.71,358.49
H120,2023-02-01,4,Gyeonggi,Middle,,,0,,0.71,371.28
H001,2023-03-01,3,Seoul,Middle,2024-09-01,2024Q3,0,-18,3.02,317.46
H002,2023-03-01,1,Daegu,Low,2022-09-01,2022Q3,1,6,3.02,261.27
H003,2023-03-01,3,Gyeonggi,Middle,,,0,,3.02,292.36
H004,2023-03-01,2,Seoul,High,2023-06-01,2023Q2,0,-3,3.02,272.36
H005,2023-03-01,2,Gyeonggi,High,2023-10-01,2023Q4,0,-7,3.02,295.44
H006,2023-03-01,2,Seoul,Middle,,,0,,3.02,277.88
H007,2023-03-01,5,Daegu,Low,,,0,,3.02,294.45
H008,2023-03-01,2,Gyeonggi,Middle,2022-05-01,2022Q2,1,10,3.02,359.21
H009,2023-03-01,5,Gyeonggi,High,,,0,,3.02,353.57
H010,2023-03-01,2,Busan,Low,2024-11-01,2024Q4,0,-20,3.02,233.71
H011,2023-03-01,1,Gyeonggi,Middle,2024-12-01,2024Q4,0,-21,3.02,221.36
H012,2023-03-01,3,Busan,High,,,0,,3.02,275.68
H013,2023-03-01,2,Seoul,High,,,0,,3.02,233.08
H014,2023-03-01,3,Busan,Low,,,0,,3.02,272.37
H015,2023-03-01,4,Daegu,Low,,,0,,3.02,306.34
H016,2023-03-01,4,Daegu,High,2022-03-01,2022Q1,1,12,3.02,423.48
H017,2023-03-01,3,Seoul,High,2024-07-01,2024Q3,0,-16,3.02,299.95
H018,2023-03-01,3,Daegu,Middle,,,0,,3.02,272.84
H019,2023-03-01,3,Seoul,Middle,,,0,,3.02,306.44
H020,2023-03-01,4,Busan,Low,,,0,,3.02,321.61
H021,2023-03-01,3,Busan,High,2024-05-01,2024Q2,0,-14,3.02,291.41
H022,2023-03-01,4,Gyeonggi,Low,,,0,,3.02,267.16
H023,2023-03-01,3,Seoul,Middle,2023-04-01,2023Q2,0,-1,3.02,267.36
H024,2023-03-01,1,Seoul,Low,,,0,,3.02,191.79
H025,2023-03-01,1,Gyeonggi,Low,2024-07-01,2024Q3,0,-16,3.02,175.82
H026,2023-03-01,5,Gyeonggi,Middle,2024-11-01,2024Q4,0,-20,3.02,297.53
H027,2023-03-01,2,Daegu,Low,,,0,,3.02,212.49
H028,2023-03-01,2,Gyeonggi,Low,,,0,,3.02,234.56
H029,2023-03-01,1,Seoul,High,2024-08-01,2024Q3,0,-17,3.02,236.11
H030,2023-03-01,2,Gyeonggi,Middle,,,0,,3.02,273.93
H031,2023-03-01,3,Gyeonggi,High,2023-06-01,2023Q2,0,-3,3.02,304.16
H032,2023-03-01,3,Daegu,High,2024-11-01,2024Q4,0,-20,3.02,283.55
H033,2023-03-01,1,Daegu,Middle,2024-08-01,2024Q3,0,-17,3.02,200.01
H034,2023-03-01,1,Gyeonggi,Low,2022-08-01,2022Q3,1,7,3.02,296.06
H035,2023-03-01,4,Seoul,Low,,,0,,3.02,378.85
H036,2023-03-01,5,Gyeonggi,Low,,,0,,3.02,325.04
H037,2023-03-01,2,Daegu,High,2023-05-01,2023Q2,0,-2,3.02,246.26
H038,2023-03-01,3,Daegu,Low,2022-10-01,2022Q4,1,5,3.02,319.08
H039,2023-03-01,4,Seoul,Middle,,,0,,3.02,339.91
H040,2023-03-01,4,Gyeonggi,Low,,,0,,3.02,286.97
H041,2023-03-01,4,Seoul,Middle,2024-04-01,2024Q2,0,-13,3.02,316.14
H042,2023-03-01,3,Seoul,Middle,2024-10-01,2024Q4,0,-19,3.02,239.66
H043,2023-03-01,3,Busan,Low,2024-11-01,2024Q4,0,-20,3.02,216.15
H044,2023-03-01,2,Busan,High,,,0,,3.02,254.95
H045,2023-03-01,1,Seoul,Low,,,0,,3.02,185.23
H046,2023-03-01,4,Gyeonggi,Middle,2024-12-01,2024Q4,0,-21,3.02,340.68
H047,2023-03-01,2,Seoul,Middle,2022-05-01,2022Q2,1,10,3.02,316.21
H048,2023-03-01,1,Seoul,Middle,2023-10-01,2023Q4,0,-7,3.02,190.94
H049,2023-03-01,2,Busan,Low,,,0,,3.02,224.86
H050,2023-03-01,4,Seoul,Low,,,0,,3.02,316.86
H051,2023-03-01,2,Seoul,Middle,2023-09-01,2023Q3,0,-6,3.02,281.0
H052,2023-03-01,4,Seoul,Low,,,0,,3.02,379.7
H053,2023-03-01,3,Gyeonggi,Middle,2022-01-01,2022Q1,1,14,3.02,380.57
H054,2023-03-01,2,Seoul,High,2022-11-01,2022Q4,1,4,3.02,299.55
H055,2023-03-01,1,Daegu,High,2022-03-01,2022Q1,1,12,3.02,331.89
H056,2023-03-01,4,Seoul,Low,,,0,,3.02,251.55
H057,2023-03-01,4,Daegu,High,2024-02-01,2024Q1,0,-11,3.02,374.91
H058,2023-03-01,2,Seoul,High,2023-06-01,2023Q2,0,-3,3.02,259.32
H059,2023-03-01,2,Gyeonggi,Low,2022-05-01,2022Q2,1,10,3.02,329.3
H060,2023-03-01,2,Daegu,Middle,,,0,,3.02,244.34
H061,2023-03-01,2,Seoul,Low,,,0,,3.02,258.22
H062,2023-03-01,2,Seoul,Middle,2023-07-01,2023Q3,0,-4,3.02,266.78
H063,2023-03-01,3,Seoul,Middle,,,0,,3.02,250.91
H064,2023-03-01,1,Gyeonggi,Middle,2024-06-01,2024Q2,0,-15,3.02,191.56
H065,2023-03-01,3,Seoul,Middle,2023-12-01,2023Q4,0,-9,3.02,277.44
H066,2023-03-01,2,Gyeonggi,Low,,,0,,3.02,325.85
H067,2023-03-01,2,Gyeonggi,Middle,2023-04-01,2023Q2,0,-1,3.02,263.98
H068,2023-03-01,3,Busan,Middle,,,0,,3.02,278.83
H069,2023-03-01,2,Daegu,High,,,0,,3.02,333.54
H070,2023-03-01,2,Busan,Low,,,0,,3.02,177.6
H071,2023-03-01,2,Busan,Low,2023-10-01,2023Q4,0,-7,3.02,226.81
H072,2023-03-01,4,Seoul,Middle,,,0,,3.02,320.5
H073,2023-03-01,3,Daegu,Middle,2022-07-01,2022Q3,1,8,3.02,345.97
H074,2023-03-01,2,Daegu,Low,2022-08-01,2022Q3,1,7,3.02,339.08
H075,2023-03-01,1,Daegu,Middle,,,0,,3.02,244.75
H076,2023-03-01,4,Daegu,High,,,0,,3.02,306.05
H077,2023-03-01,4,Daegu,Middle,2024-08-01,2024Q3,0,-17,3.02,284.97
H078,2023-03-01,3,Busan,Middle,,,0,,3.02,201.19
H079,2023-03-01,2,Busan,Middle,2024-03-01,2024Q1,0,-12,3.02,192.25
H080,2023-03-01,4,Seoul,Middle,2023-07-01,2023Q3,0,-4,3.02,280.13
H081,2023-03-01,1,Daegu,Middle,2024-07-01,2024Q3,0,-16,3.02,223.48
H082,2023-03-01,3,Busan,Low,2023-09-01,2023Q3,0,-6,3.02,230.72
H083,2023-03-01,4,Gyeonggi,Middle,2024-11-01,2024Q4,0,-20,3.02,289.75
H084,2023-03-01,4,Gyeonggi,High,,,0,,3.02,323.34
H085,2023-03-01,5,Seoul,High,2023-03-01,2023Q1,1,0,3.02,435.66
H086,2023-03-01,4,Gyeonggi,Low,2022-08-01,2022Q3,1,7,3.02,338.07
H087,2023-03-01,2,Daegu,Low,,,0,,3.02,261.53
H088,2023-03-01,3,Seoul,High,2024-02-01,2024Q1,0,-11,3.02,266.9
H089,2023-03-01,4,Seoul,High,2022-04-01,2022Q2,1,11,3.02,411.71
H090,2023-03-01,1,Seoul,Middle,2024-05-01,2024Q2,0,-14,3.02,227.03
H091,2023-03-01,4,Gyeonggi,Middle,,,0,,3.02,354.5
H092,2023-03-01,2,Busan,Low,2023-10-01,2023Q4,0,-7,3.02,253.91
H093,2023-03-01,3,Daegu,Middle,,,0,,3.02,289.46
H094,2023-03-01,3,Seoul,Middle,2024-10-01,2024Q4,0,-19,3.02,273.48
H095,2023-03-01,4,Seoul,Middle,,,0,,3.02,302.25
H096,2023-03-01,2,Daegu,High,2023-11-01,2023Q4,0,-8,3.02,249.8
H097,2023-03-01,4,Daegu,Middle,,,0,,3.02,299.48
H098,2023-03-01,2,Daegu,Middle,,,0,,3.02,274.22
H099,2023-03-01,3,Busan,High,,,0,,3.02,303.62
H100,2023-03-01,2,Daegu,Middle,,,0,,3.02,253.49
H101,2023-03-01,2,Daegu,High,,,0,,3.02,236.11
H102,2023-03-01,2,Busan,Middle,,,0,,3.02,227.92
H103,2023-03-01,2,Gyeonggi,Middle,,,0,,3.02,219.52
H104,2023-03-01,3,Daegu,Middle,2023-04-01,2023Q2,0,-1,3.02,281.45
H105,2023-03-01,3,Gyeonggi,Middle,,,0,,3.02,273.41
H106,2023-03-01,3,Busan,Middle,,,0,,3.02,259.66
H107,2023-03-01,2,Gyeonggi,Low,,,0,,3.02,242.81
H108,2023-03-01,4,Gyeonggi,Low,,,0,,3.02,339.89
H109,2023-03-01,2,Busan,High,2023-01-01,2023Q1,1,2,3.02,352.26
H110,2023-03-01,4,Gyeonggi,Low,,,0,,3.02,301.23
H111,2023-03-01,3,Gyeonggi,Middle,2023-08-01,2023Q3,0,-5,3.02,310.18
H112,2023-03-01,3,Busan,Low,2023-02-01,2023Q1,1,1,3.02,353.12
H113,2023-03-01,4,Daegu,Middle,2024-05-01,2024Q2,0,-14,3.02,281.28
H114,2023-03-01,1,Gyeonggi,Low,,,0,,3.02,217.15
H115,2023-03-01,3,Gyeonggi,High,2024-07-01,2024Q3,0,-16,3.02,270.55
H116,2023-03-01,2,Seoul,Middle,,,0,,3.02,308.91
H117,2023-03-01,5,Gyeonggi,Middle,2024-02-01,2024Q1,0,-11,3.02,391.22
H118,2023-03-01,2,Daegu,Middle,,,0,,3.02,231.26
H119,2023-03-01,2,Gyeonggi,Low,2022-05-01,2022Q2,1,10,3.02,305.35
H120,2023-03-01,4,Gyeonggi,Middle,,,0,,3.02,390.0
H001,2023-04-01,3,Seoul,Middle,2024-09-01,2024Q3,0,-17,7.26,259.66
H002,2023-04-01,1,Daegu,Low,2022-09-01,2022Q3,1,7,7.26,279.89
H003,2023-04-01,3,Gyeonggi,Middle,,,0,,7.26,288.18
H004,2023-04-01,2,Seoul,High,2023-06-01,2023Q2,0,-2,7.26,251.16
H005,2023-04-01,2,Gyeonggi,High,2023-10-01,2023Q4,0,-6,7.26,305.75
H006,2023-04-01,2,Seoul,Middle,,,0,,7.26,247.71
H007,2023-04-01,5,Daegu,Low,,,0,,7.26,325.93
H008,2023-04-01,2,Gyeonggi,Middle,2022-05-01,2022Q2,1,11,7.26,404.82
H009,2023-04-01,5,Gyeonggi,High,,,0,,7.26,294.54
H010,2023-04-01,2,Busan,Low,2024-11-01,2024Q4,0,-19,7.26,213.85
H011,2023-04-01,1,Gyeonggi,Middle,2024-12-01,2024Q4,0,-20,7.26,223.91
H012,2023-04-01,3,Busan,High,,,0,,7.26,289.34
H013,2023-04-01,2,Seoul,High,,,0,,7.26,242.85
H014,2023-04-01,3,Busan,Low,,,0,,7.26,239.47
H015,2023-04-01,4,Daegu,Low,,,0,,7.26,304.29
H016,2023-04-01,4,Daegu,High,2022-03-01,2022Q1,1,13,7.26,411.26
H017,2023-04-01,3,Seoul,High,2024-07-01,2024Q3,0,-15,7.26,265.02
H018,2023-04-01,3,Daegu,Middle,,,0,,7.26,266.13
H019,2023-04-01,3,Seoul,Middle,,,0,,7.26,306.98
H020,2023-04-01,4,Busan,Low,,,0,,7.26,332.23
H021,2023-04-01,3,Busan,High,2024-05-01,2024Q2,0,-13,7.26,293.09
H022,2023-04-01,4,Gyeonggi,Low,,,0,,7.26,274.65
H023,2023-04-01,3,Seoul,Middle,2023-04-01,2023Q2,1,0,7.26,348.97
H024,2023-04-01,1,Seoul,Low,,,0,,7.26,182.4
H025,2023-04-01,1,Gyeonggi,Low,2024-07-01,2024Q3,0,-15,7.26,167.17
H026,2023-04-01,5,Gyeonggi,Middle,2024-11-01,2024Q4,0,-19,7.26,339.49
H027,2023-04-01,2,Daegu,Low,,,0,,7.26,254.19
H028,2023-04-01,2,Gyeonggi,Low,,,0,,7.26,269.84
H029,2023-04-01,1,Seoul,High,2024-08-01,2024Q3,0,-16,7.26,231.87
H030,2023-04-01,2,Gyeonggi,Middle,,,0,,7.26,233.61
H031,2023-04-01,3,Gyeonggi,High,2023-06-01,2023Q2,0,-2,7.26,301.64
H032,2023-04-01,3,Daegu,High,2024-11-01,2024Q4,0,-19,7.26,243.46
H033,2023-04-01,1,Daegu,Middle,2024-08-01,2024Q3,0,-16,7.26,234.27
H034,2023-04-01,1,Gyeonggi,Low,2022-08-01,2022Q3,1,8,7.26,300.67
H035,2023-04-01,4,Seoul,Low,,,0,,7.26,351.72
H036,2023-04-01,5,Gyeonggi,Low,,,0,,7.26,342.25
H037,2023-04-01,2,Daegu,High,2023-05-01,2023Q2,0,-1,7.26,281.28
H038,2023-04-01,3,Daegu,Low,2022-10-01,2022Q4,1,6,7.26,294.82
H039,2023-04-01,4,Seoul,Middle,,,0,,7.26,330.28
H040,2023-04-01,4,Gyeonggi,Low,,,0,,7.26,266.52
H041,2023-04-01,4,Seoul,Middle,2024-04-01,2024Q2,0,-12,7.26,267.43
H042,2023-04-01,3,Seoul,Middle,2024-10-01,2024Q4,0,-18,7.26,252.04
H043,2023-04-01,3,Busan,Low,2024-11-01,2024Q4,0,-19,7.26,275.56
H044,2023-04-01,2,Busan,High,,,0,,7.26,242.66
H045,2023-04-01,1,Seoul,Low,,,0,,7.26,213.11
H046,2023-04-01,4,Gyeonggi,Middle,2024-12-01,2024Q4,0,-20,7.26,360.26
H047,2023-04-01,2,Seoul,Middle,2022-05-01,2022Q2,1,11,7.26,290.07
H048,2023-04-01,1,Seoul,Middle,2023-10-01,2023Q4,0,-6,7.26,173.65
H049,2023-04-01,2,Busan,Low,,,0,,7.26,177.69
H050,2023-04-01,4,Seoul,Low,,,0,,7.26,253.78
H051,2023-04-01,2,Seoul,Middle,2023-09-01,2023Q3,0,-5,7.26,286.12
H052,2023-04-01,4,Seoul,Low,,,0,,7.26,295.63
H053,2023-04-01,3,Gyeonggi,Middle,2022-01-01,2022Q1,1,15,7.26,390.25
H054,2023-04-01,2,Seoul,High,2022-11-01,2022Q4,1,5,7.26,322.44
H055,2023-04-01,1,Daegu,High,2022-03-01,2022Q1,1,13,7.26,303.55
H056,2023-04-01,4,Seoul,Low,,,0,,7.26,239.92
H057,2023-04-01,4,Daegu,High,2024-02-01,2024Q1,0,-10,7.26,351.36
H058,2023-04-01,2,Seoul,High,2023-06-01,2023Q2,0,-2,7.26,214.16
H059,2023-04-01,2,Gyeonggi,Low,2022-05-01,2022Q2,1,11,7.26,331.0
H060,2023-04-01,2,Daegu,Middle,,,0,,7.26,202.66
H061,2023-04-01,2,Seoul,Low,,,0,,7.26,259.25
H062,2023-04-01,2,Seoul,Middle,2023-07-01,2023Q3,0,-3,7.26,274.02
H063,2023-04-01,3,Seoul,Middle,,,0,,7.26,262.37
H064,2023-04-01,1,Gyeonggi,Middle,2024-06-01,2024Q2,0,-14,7.26,178.22
H065,2023-04-01,3,Seoul,Middle,2023-12-01,2023Q4,0,-8,7.26,265.84
H066,2023-04-01,2,Gyeonggi,Low,,,0,,7.26,254.53
H067,2023-04-01,2,Gyeonggi,Middle,2023-04-01,2023Q2,1,0,7.26,287.2
H068,2023-04-01,3,Busan,Middle,,,0,,7.26,256.68
H069,2023-04-01,2,Daegu,High,,,0,,7.26,282.2
H070,2023-04-01,2,Busan,Low,,,0,,7.26,234.47
H071,2023-04-01,2,Busan,Low,2023-10-01,2023Q4,0,-6,7.26,243.76
H072,2023-04-01,4,Seoul,Middle,,,0,,7.26,331.03
H073,2023-04-01,3,Daegu,Middle,2022-07-01,2022Q3,1,9,7.26,354.03
H074,2023-04-01,2,Daegu,Low,2022-08-01,2022Q3,1,8,7.26,393.46
H075,2023-04-01,1,Daegu,Middle,,,0,,7.26,219.8
H076,2023-04-01,4,Daegu,High,,,0,,7.26,320.92
H077,2023-04-01,4,Daegu,Middle,2024-08-01,2024Q3,0,-16,7.26,289.26
H078,2023-04-01,3,Busan,Middle,,,0,,7.26,254.28
H079,2023-04-01,2,Busan,Middle,2024-03-01,2024Q1,0,-11,7.26,221.74
H080,2023-04-01,4,Seoul,Middle,2023-07-01,2023Q3,0,-3,7.26,269.82
H081,2023-04-01,1,Daegu,Middle,2024-07-01,2024Q3,0,-15,7.26,222.99
H082,2023-04-01,3,Busan,Low,2023-09-01,2023Q3,0,-5,7.26,170.91
H083,2023-04-01,4,Gyeonggi,Middle,2024-11-01,2024Q4,0,-19,7.26,276.02
H084,2023-04-01,4,Gyeonggi,High,,,0,,7.26,365.93
H085,2023-04-01,5,Seoul,High,2023-03-01,2023Q1,1,1,7.26,389.62
H086,2023-04-01,4,Gyeonggi,Low,2022-08-01,2022Q3,1,8,7.26,379.02
H087,2023-04-01,2,Daegu,Low,,,0,,7.26,229.57
H088,2023-04-01,3,Seoul,High,2024-02-01,2024Q1,0,-10,7.26,311.77
H089,2023-04-01,4,Seoul,High,2022-04-01,2022Q2,1,12,7.26,417.73
H090,2023-04-01,1,Seoul,Middle,2024-05-01,2024Q2,0,-13,7.26,162.05
H091,2023-04-01,4,Gyeonggi,Middle,,,0,,7.26,313.21
H092,2023-04-01,2,Busan,Low,2023-10-01,2023Q4,0,-6,7.26,181.14
H093,2023-04-01,3,Daegu,Middle,,,0,,7.26,229.55
H094,2023-04-01,3,Seoul,Middle,2024-10-01,2024Q4,0,-18,7.26,273.31
H095,2023-04-01,4,Seoul,Middle,,,0,,7.26,287.31
H096,2023-04-01,2,Daegu,High,2023-11-01,2023Q4,0,-7,7.26,279.98
H097,2023-04-01,4,Daegu,Middle,,,0,,7.26,244.0
H098,2023-04-01,2,Daegu,Middle,,,0,,7.26,265.47
H099,2023-04-01,3,Busan,High,,,0,,7.26,247.91
H100,2023-04-01,2,Daegu,Middle,,,0,,7.26,218.81
H101,2023-04-01,2,Daegu,High,,,0,,7.26,259.09
H102,2023-04-01,2,Busan,Middle,,,0,,7.26,232.72
H103,2023-04-01,2,Gyeonggi,Middle,,,0,,7.26,210.03
H104,2023-04-01,3,Daegu,Middle,2023-04-01,2023Q2,1,0,7.26,340.7
H105,2023-04-01,3,Gyeonggi,Middle,,,0,,7.26,262.19
H106,2023-04-01,3,Busan,Middle,,,0,,7.26,255.66
H107,2023-04-01,2,Gyeonggi,Low,,,0,,7.26,261.44
H108,2023-04-01,4,Gyeonggi,Low,,,0,,7.26,289.45
H109,2023-04-01,2,Busan,High,2023-01-01,2023Q1,1,3,7.26,352.48
H110,2023-04-01,4,Gyeonggi,Low,,,0,,7.26,281.24
H111,2023-04-01,3,Gyeonggi,Middle,2023-08-01,2023Q3,0,-4,7.26,278.61
H112,2023-04-01,3,Busan,Low,2023-02-01,2023Q1,1,2,7.26,318.97
H113,2023-04-01,4,Daegu,Middle,2024-05-01,2024Q2,0,-13,7.26,213.18
H114,2023-04-01,1,Gyeonggi,Low,,,0,,7.26,237.02
H115,2023-04-01,3,Gyeonggi,High,2024-07-01,2024Q3,0,-15,7.26,233.47
H116,2023-04-01,2,Seoul,Middle,,,0,,7.26,255.33
H117,2023-04-01,5,Gyeonggi,Middle,2024-02-01,2024Q1,0,-10,7.26,320.03
H118,2023-04-01,2,Daegu,Middle,,,0,,7.26,216.17
H119,2023-04-01,2,Gyeonggi,Low,2022-05-01,2022Q2,1,11,7.26,358.29
H120,2023-04-01,4,Gyeonggi,Middle,,,0,,7.26,328.4
H001,2023-05-01,3,Seoul,Middle,2024-09-01,2024Q3,0,-16,12.04,251.82
H002,2023-05-01,1,Daegu,Low,2022-09-01,2022Q3,1,8,12.04,310.49
H003,2023-05-01,3,Gyeonggi,Middle,,,0,,12.04,300.93
H004,2023-05-01,2,Seoul,High,2023-06-01,2023Q2,0,-1,12.04,246.01
H005,2023-05-01,2,Gyeonggi,High,2023-10-01,2023Q4,0,-5,12.04,240.74
H006,2023-05-01,2,Seoul,Middle,,,0,,12.04,283.39
H007,2023-05-01,5,Daegu,Low,,,0,,12.04,312.85
H008,2023-05-01,2,Gyeonggi,Middle,2022-05-01,2022Q2,1,12,12.04,351.24
H009,2023-05-01,5,Gyeonggi,High,,,0,,12.04,328.97
H010,2023-05-01,2,Busan,Low,2024-11-01,2024Q4,0,-18,12.04,244.03
H011,2023-05-01,1,Gyeonggi,Middle,2024-12-01,2024Q4,0,-19,12.04,224.83
H012,2023-05-01,3,Busan,High,,,0,,12.04,304.87
H013,2023-05-01,2,Seoul,High,,,0,,12.04,255.29
H014,2023-05-01,3,Busan,Low,,,0,,12.04,301.79
H015,2023-05-01,4,Daegu,Low,,,0,,12.04,377.6
H016,2023-05-01,4,Daegu,High,2022-03-01,2022Q1,1,14,12.04,438.86
H017,2023-05-01,3,Seoul,High,2024-07-01,2024Q3,0,-14,12.04,275.47
H018,2023-05-01,3,Daegu,Middle,,,0,,12.04,233.43
H019,2023-05-01,3,Seoul,Middle,,,0,,12.04,325.25
H020,2023-05-01,4,Busan,Low,,,0,,12.04,271.51
H021,2023-05-01,3,Busan,High,2024-05-01,2024Q2,0,-12,12.04,277.95
H022,2023-05-01,4,Gyeonggi,Low,,,0,,12.04,275.7
H023,2023-05-01,3,Seoul,Middle,2023-04-01,2023Q2,1,1,12.04,338.71
H024,2023-05-01,1,Seoul,Low,,,0,,12.04,196.4
H025,2023-05-01,1,Gyeonggi,Low,2024-07-01,2024Q3,0,-14,12.04,224.99
H026,2023-05-01,5,Gyeonggi,Middle,2024-11-01,2024Q4,0,-18,12.04,353.75
H027,2023-05-01,2,Daegu,Low,,,0,,12.04,222.21
H028,2023-05-01,2,Gyeonggi,Low,,,0,,12.04,274.87
H029,2023-05-01,1,Seoul,High,2024-08-01,2024Q3,0,-15,12.04,234.29
H030,2023-05-01,2,Gyeonggi,Middle,,,0,,12.04,227.44
H031,2023-05-01,3,Gyeonggi,High,2023-06-01,2023Q2,0,-1,12.04,287.61
H032,2023-05-01,3,Daegu,High,2024-11-01,2024Q4,0,-18,12.04,301.35
H033,2023-05-01,1,Daegu,Middle,2024-08-01,2024Q3,0,-15,12.04,202.23
H034,2023-05-01,1,Gyeonggi,Low,2022-08-01,2022Q3,1,9,12.04,283.88
H035,2023-05-01,4,Seoul,Low,,,0,,12.04,355.66
H036,2023-05-01,5,Gyeonggi,Low,,,0,,12.04,327.45
H037,2023-05-01,2,Daegu,High,2023-05-01,2023Q2,1,0,12.04,336.85
H038,2023-05-01,3,Daegu,Low,2022-10-01,2022Q4,1,7,12.04,327.52
H039,2023-05-01,4,Seoul,Middle,,,0,,12.04,382.57
H040,2023-05-01,4,Gyeonggi,Low,,,0,,12.04,322.23
H041,2023-05-01,4,Seoul,Middle,2024-04-01,2024Q2,0,-11,12.04,235.2
H042,2023-05-01,3,Seoul,Middle,2024-10-01,2024Q4,0,-17,12.04,288.28
H043,2023-05-01,3,Busan,Low,2024-11-01,2024Q4,0,-18,12.04,218.05
H044,2023-05-01,2,Busan,High,,,0,,12.04,203.53
H045,2023-05-01,1,Seoul,Low,,,0,,12.04,192.55
H046,2023-05-01,4,Gyeonggi,Middle,2024-12-01,2024Q4,0,-19,12.04,349.34
H047,2023-05-01,2,Seoul,Middle,2022-05-01,2022Q2,1,12,12.04,281.2
H048,2023-05-01,1,Seoul,Middle,2023-10-01,2023Q4,0,-5,12.04,203.25
H049,2023-05-01,2,Busan,Low,,,0,,12.04,172.81
H050,2023-05-01,4,Seoul,Low,,,0,,12.04,302.29
H051,2023-05-01,2,Seoul,Middle,2023-09-01,2023Q3,0,-4,12.04,278.77
H052,2023-05-01,4,Seoul,Low,,,0,,12.04,303.42
H053,2023-05-01,3,Gyeonggi,Middle,2022-01-01,2022Q1,1,16,12.04,389.28
H054,2023-05-01,2,Seoul,High,2022-11-01,2022Q4,1,6,12.04,330.23
H055,2023-05-01,1,Daegu,High,2022-03-01,2022Q1,1,14,12.04,324.62
H056,2023-05-01,4,Seoul,Low,,,0,,12.04,270.16
H057,2023-05-01,4,Daegu,High,2024-02-01,2024Q1,0,-9,12.04,354.72
H058,2023-05-01,2,Seoul,High,2023-06-01,2023Q2,0,-1,12.04,267.13
H059,2023-05-01,2,Gyeonggi,Low,2022-05-01,2022Q2,1,12,12.04,315.55
H060,2023-05-01,2,Daegu,Middle,,,0,,12.04,224.24
H061,2023-05-01,2,Seoul,Low,,,0,,12.04,267.64
H062,2023-05-01,2,Seoul,Middle,2023-07-01,2023Q3,0,-2,12.04,268.6
H063,2023-05-01,3,Seoul,Middle,,,0,,12.04,248.39
H064,2023-05-01,1,Gyeonggi,Middle,2024-06-01,2024Q2,0,-13,12.04,255.79
H065,2023-05-01,3,Seoul,Middle,2023-12-01,2023Q4,0,-7,12.04,268.23
H066,2023-05-01,2,Gyeonggi,Low,,,0,,12.04,254.45
H067,2023-05-01,2,Gyeonggi,Middle,2023-04-01,2023Q2,1,1,12.04,321.92
H068,2023-05-01,3,Busan,Middle,,,0,,12.04,268.12
H069,2023-05-01,2,Daegu,High,,,0,,12.04,253.6
H070,2023-05-01,2,Busan,Low,,,0,,12.04,264.72
H071,2023-05-01,2,Busan,Low,2023-10-01,2023Q4,0,-5,12.04,251.42
H072,2023-05-01,4,Seoul,Middle,,,0,,12.04,281.81
H073,2023-05-01,3,Daegu,Middle,2022-07-01,2022Q3,1,10,12.04,361.85
H074,2023-05-01,2,Daegu,Low,2022-08-01,2022Q3,1,9,12.04,364.73
H075,2023-05-01,1,Daegu,Middle,,,0,,12.04,230.14
H076,2023-05-01,4,Daegu,High,,,0,,12.04,346.49
H077,2023-05-01,4,Daegu,Middle,2024-08-01,2024Q3,0,-15,12.04,284.94
H078,2023-05-01,3,Busan,Middle,,,0,,12.04,244.05
H079,2023-05-01,2,Busan,Middle,2024-03-01,2024Q1,0,-10,12.04,207.59
H080,2023-05-01,4,Seoul,Middle,2023-07-01,2023Q3,0,-2,12.04,308.52
H081,2023-05-01,1,Daegu,Middle,2024-07-01,2024Q3,0,-14,12.04,256.13
H082,2023-05-01,3,Busan,Low,2023-09-01,2023Q3,0,-4,12.04,210.97
H083,2023-05-01,4,Gyeonggi,Middle,2024-11-01,2024Q4,0,-18,12.04,286.99
H084,2023-05-01,4,Gyeonggi,High,,,0,,12.04,350.77
H085,2023-05-01,5,Seoul,High,2023-03-01,2023Q1,1,2,12.04,410.95
H086,2023-05-01,4,Gyeonggi,Low,2022-08-01,2022Q3,1,9,12.04,351.66
H087,2023-05-01,2,Daegu,Low,,,0,,12.04,242.81
H088,2023-05-01,3,Seoul,High,2024-02-01,2024Q1,0,-9,12.04,324.68
H089,2023-05-01,4,Seoul,High,2022-04-01,2022Q2,1,13,12.04,457.21
H090,2023-05-01,1,Seoul,Middle,2024-05-01,2024Q2,0,-12,12.04,194.86
H091,2023-05-01,4,Gyeonggi,Middle,,,0,,12.04,304.82
H092,2023-05-01,2,Busan,Low,2023-10-01,2023Q4,0,-5,12.04,185.63
H093,2023-05-01,3,Daegu,Middle,,,0,,12.04,239.68
H094,2023-05-01,3,Seoul,Middle,2024-10-01,2024Q4,0,-17,12.04,255.99
H095,2023-05-01,4,Seoul,Middle,,,0,,12.04,278.46
H096,2023-05-01,2,Daegu,High,2023-11-01,2023Q4,0,-6,12.04,234.34
H097,2023-05-01,4,Daegu,Middle,,,0,,12.04,267.16
H098,2023-05-01,2,Daegu,Middle,,,0,,12.04,184.78
H099,2023-05-01,3,Busan,High,,,0,,12.04,288.25
H100,2023-05-01,2,Daegu,Middle,,,0,,12.04,270.74
H101,2023-05-01,2,Daegu,High,,,0,,12.04,235.49
H102,2023-05-01,2,Busan,Middle,,,0,,12.04,179.05
H103,2023-05-01,2,Gyeonggi,Middle,,,0,,12.04,213.37
H104,2023-05-01,3,Daegu,Middle,2023-04-01,2023Q2,1,1,12.04,361.52
H105,2023-05-01,3,Gyeonggi,Middle,,,0,,12.04,242.83
H106,2023-05-01,3,Busan,Middle,,,0,,12.04,255.62
H107,2023-05-01,2,Gyeonggi,Low,,,0,,12.04,271.25
H108,2023-05-01,4,Gyeonggi,Low,,,0,,12.04,343.27
H109,2023-05-01,2,Busan,High,2023-01-01,2023Q1,1,4,12.04,354.64
H110,2023-05-01,4,Gyeonggi,Low,,,0,,12.04,246.67
H111,2023-05-01,3,Gyeonggi,Middle,2023-08-01,2023Q3,0,-3,12.04,278.59
H112,2023-05-01,3,Busan,Low,2023-02-01,2023Q1,1,3,12.04,295.2
H113,2023-05-01,4,Daegu,Middle,2024-05-01,2024Q2,0,-12,12.04,266.31
H114,2023-05-01,1,Gyeonggi,Low,,,0,,12.04,186.96
H115,2023-05-01,3,Gyeonggi,High,2024-07-01,2024Q3,0,-14,12.04,243.49
H116,2023-05-01,2,Seoul,Middle,,,0,,12.04,312.94
H117,2023-05-01,5,Gyeonggi,Middle,2024-02-01,2024Q1,0,-9,12.04,324.05
H118,2023-05-01,2,Daegu,Middle,,,0,,12.04,213.81
H119,2023-05-01,2,Gyeonggi,Low,2022-05-01,2022Q2,1,12,12.04,328.95
H120,2023-05-01,4,Gyeonggi,Middle,,,0,,12.04,361.49
H001,2023-06-01,3,Seoul,Middle,2024-09-01,2024Q3,0,-15,19.07,266.61
H002,2023-06-01,1,Daegu,Low,2022-09-01,2022Q3,1,9,19.07,304.8
H003,2023-06-01,3,Gyeonggi,Middle,,,0,,19.07,266.78
H004,2023-06-01,2,Seoul,High,2023-06-01,2023Q2,1,0,19.07,312.83
H005,2023-06-01,2,Gyeonggi,High,2023-10-01,2023Q4,0,-4,19.07,255.96
H006,2023-06-01,2,Seoul,Middle,,,0,,19.07,259.82
H007,2023-06-01,5,Daegu,Low,,,0,,19.07,286.99
H008,2023-06-01,2,Gyeonggi,Middle,2022-05-01,2022Q2,1,13,19.07,387.98
H009,2023-06-01,5,Gyeonggi,High,,,0,,19.07,325.41
H010,2023-06-01,2,Busan,Low,2024-11-01,2024Q4,0,-17,19.07,275.41
H011,2023-06-01,1,Gyeonggi,Middle,2024-12-01,2024Q4,0,-18,19.07,241.77
H012,2023-06-01,3,Busan,High,,,0,,19.07,354.45
H013,2023-06-01,2,Seoul,High,,,0,,19.07,235.46
H014,2023-06-01,3,Busan,Low,,,0,,19.07,304.43
H015,2023-06-01,4,Daegu,Low,,,0,,19.07,320.27
H016,2023-06-01,4,Daegu,High,2022-03-01,2022Q1,1,15,19.07,463.05
H017,2023-06-01,3,Seoul,High,2024-07-01,2024Q3,0,-13,19.07,332.32
H018,2023-06-01,3,Daegu,Middle,,,0,,19.07,295.18
H019,2023-06-01,3,Seoul,Middle,,,0,,19.07,320.69
H020,2023-06-01,4,Busan,Low,,,0,,19.07,334.88
H021,2023-06-01,3,Busan,High,2024-05-01,2024Q2,0,-11,19.07,293.59
H022,2023-06-01,4,Gyeonggi,Low,,,0,,19.07,297.17
H023,2023-06-01,3,Seoul,Middle,2023-04-01,2023Q2,1,2,19.07,328.13
H024,2023-06-01,1,Seoul,Low,,,0,,19.07,229.3
H025,2023-06-01,1,Gyeonggi,Low,2024-07-01,2024Q3,0,-13,19.07,231.31
H026,2023-06-01,5,Gyeonggi,Middle,2024-11-01,2024Q4,0,-17,19.07,396.28
H027,2023-06-01,2,Daegu,Low,,,0,,19.07,272.62
H028,2023-06-01,2,Gyeonggi,Low,,,0,,19.07,304.63
H029,2023-06-01,1,Seoul,High,2024-08-01,2024Q3,0,-14,19.07,264.75
H030,2023-06-01,2,Gyeonggi,Middle,,,0,,19.07,278.6
H031,2023-06-01,3,Gyeonggi,High,2023-06-01,2023Q2,1,0,19.07,429.56
H032,2023-06-01,3,Daegu,High,2024-11-01,2024Q4,0,-17,19.07,285.15
H033,2023-06-01,1,Daegu,Middle,2024-08-01,2024Q3,0,-14,19.07,191.03
H034,2023-06-01,1,Gyeonggi,Low,2022-08-01,2022Q3,1,10,19.07,296.68
H035,2023-06-01,4,Seoul,Low,,,0,,19.07,349.12
H036,2023-06-01,5,Gyeonggi,Low,,,0,,19.07,313.86
H037,2023-06-01,2,Daegu,High,2023-05-01,2023Q2,1,1,19.07,317.51
H038,2023-06-01,3,Daegu,Low,2022-10-01,2022Q4,1,8,19.07,346.83
H039,2023-06-01,4,Seoul,Middle,,,0,,19.07,310.59
H040,2023-06-01,4,Gyeonggi,Low,,,0,,19.07,337.97
H041,2023-06-01,4,Seoul,Middle,2024-04-01,2024Q2,0,-10,19.07,346.44
H042,2023-06-01,3,Seoul,Middle,2024-10-01,2024Q4,0,-16,19.07,286.67
H043,2023-06-01,3,Busan,Low,2024-11-01,2024Q4,0,-17,19.07,228.93
H044,2023-06-01,2,Busan,High,,,0,,19.07,254.91
H045,2023-06-01,1,Seoul,Low,,,0,,19.07,202.19
H046,2023-06-01,4,Gyeonggi,Middle,2024-12-01,2024Q4,0,-18,19.07,339.35
H047,2023-06-01,2,Seoul,Middle,2022-05-01,2022Q2,1,13,19.07,281.46
H048,2023-06-01,1,Seoul,Middle,2023-10-01,2023Q4,0,-4,19.07,235.26
H049,2023-06-01,2,Busan,Low,,,0,,19.07,243.23
H050,2023-06-01,4,Seoul,Low,,,0,,19.07,282.26
H051,2023-06-01,2,Seoul,Middle,2023-09-01,2023Q3,0,-3,19.07,310.77
H052,2023-06-01,4,Seoul,Low,,,0,,19.07,349.36
H053,2023-06-01,3,Gyeonggi,Middle,2022-01-01,2022Q1,1,17,19.07,436.42
H054,2023-06-01,2,Seoul,High,2022-11-01,2022Q4,1,7,19.07,288.02
H055,2023-06-01,1,Daegu,High,2022-03-01,2022Q1,1,15,19.07,345.97
H056,2023-06-01,4,Seoul,Low,,,0,,19.07,282.48
H057,2023-06-01,4,Daegu,High,2024-02-01,2024Q1,0,-8,19.07,345.39
H058,2023-06-01,2,Seoul,High,2023-06-01,2023Q2,1,0,19.07,304.58
H059,2023-06-01,2,Gyeonggi,Low,2022-05-01,2022Q2,1,13,19.07,334.6
H060,2023-06-01,2,Daegu,Middle,,,0,,19.07,213.02
H061,2023-06-01,2,Seoul,Low,,,0,,19.07,247.51
H062,2023-06-01,2,Seoul,Middle,2023-07-01,2023Q3,0,-1,19.07,229.69
H063,2023-06-01,3,Seoul,Middle,,,0,,19.07,265.61
H064,2023-06-01,1,Gyeonggi,Middle,2024-06-01,2024Q2,0,-12,19.07,173.81
H065,2023-06-01,3,Seoul,Middle,2023-12-01,2023Q4,0,-6,19.07,264.47
H066,2023-06-01,2,Gyeonggi,Low,,,0,,19.07,281.21
H067,2023-06-01,2,Gyeonggi,Middle,2023-04-01,2023Q2,1,2,19.07,317.41
H068,2023-06-01,3,Busan,Middle,,,0,,19.07,292.25
H069,2023-06-01,2,Daegu,High,,,0,,19.07,328.16
H070,2023-06-01,2,Busan,Low,,,0,,19.07,266.73
H071,2023-06-01,2,Busan,Low,2023-10-01,2023Q4,0,-4,19.07,221.67
H072,2023-06-01,4,Seoul,Middle,,,0,,19.07,346.39
H073,2023-06-01,3,Daegu,Middle,2022-07-01,2022Q3,1,11,19.07,331.73
H074,2023-06-01,2,Daegu,Low,2022-08-01,2022Q3,1,10,19.07,344.64
H075,2023-06-01,1,Daegu,Middle,,,0,,19.07,268.19
H076,2023-06-01,4,Daegu,High,,,0,,19.07,331.76
H077,2023-06-01,4,Daegu,Middle,2024-08-01,2024Q3,0,-14,19.07,313.15
H078,2023-06-01,3,Busan,Middle,,,0,,19.07,254.47
H079,2023-06-01,2,Busan,Middle,2024-03-01,2024Q1,0,-9,19.07,231.33
H080,2023-06-01,4,Seoul,Middle,2023-07-01,2023Q3,0,-1,19.07,328.13
H081,2023-06-01,1,Daegu,Middle,2024-07-01,2024Q3,0,-13,19.07,220.68
H082,2023-06-01,3,Busan,Low,2023-09-01,2023Q3,0,-3,19.07,198.01
H083,2023-06-01,4,Gyeonggi,Middle,2024-11-01,2024Q4,0,-17,19.07,267.18
H084,2023-06-01,4,Gyeonggi,High,,,0,,19.07,375.16
H085,2023-06-01,5,Seoul,High,2023-03-01,2023Q1,1,3,19.07,387.91
H086,2023-06-01,4,Gyeonggi,Low,2022-08-01,2022Q3,1,10,19.07,401.29
H087,2023-06-01,2,Daegu,Low,,,0,,19.07,290.0
H088,2023-06-01,3,Seoul,High,2024-02-01,2024Q1,0,-8,19.07,290.54
H089,2023-06-01,4,Seoul,High,2022-04-01,2022Q2,1,14,19.07,439.26
H090,2023-06-01,1,Seoul,Middle,2024-05-01,2024Q2,0,-11,19.07,229.0
H091,2023-06-01,4,Gyeonggi,Middle,,,0,,19.07,345.02
H092,2023-06-01,2,Busan,Low,2023-10-01,2023Q4,0,-4,19.07,194.91
H093,2023-06-01,3,Daegu,Middle,,,0,,19.07,314.61
H094,2023-06-01,3,Seoul,Middle,2024-10-01,2024Q4,0,-16,19.07,262.66
H095,2023-06-01,4,Seoul,Middle,,,0,,19.07,306.47
H096,2023-06-01,2,Daegu,High,2023-11-01,2023Q4,0,-5,19.07,288.02
H097,2023-06-01,4,Daegu,Middle,,,0,,19.07,283.88
H098,2023-06-01,2,Daegu,Middle,,,0,,19.07,273.19
H099,2023-06-01,3,Busan,High,,,0,,19.07,320.26
H100,2023-06-01,2,Daegu,Middle,,,0,,19.07,224.74
H101,2023-06-01,2,Daegu,High,,,0,,19.07,301.94
H102,2023-06-01,2,Busan,Middle,,,0,,19.07,265.62
H103,2023-06-01,2,Gyeonggi,Middle,,,0,,19.07,223.79
H104,2023-06-01,3,Daegu,Middle,2023-04-01,2023Q2,1,2,19.07,349.92
H105,2023-06-01,3,Gyeonggi,Middle,,,0,,19.07,265.02
H106,2023-06-01,3,Busan,Middle,,,0,,19.07,277.51
H107,2023-06-01,2,Gyeonggi,Low,,,0,,19.07,225.62
H108,2023-06-01,4,Gyeonggi,Low,,,0,,19.07,274.92
H109,2023-06-01,2,Busan,High,2023-01-01,2023Q1,1,5,19.07,348.88
H110,2023-06-01,4,Gyeonggi,Low,,,0,,19.07,306.66
H111,2023-06-01,3,Gyeonggi,Middle,2023-08-01,2023Q3,0,-2,19.07,280.83
H112,2023-06-01,3,Busan,Low,2023-02-01,2023Q1,1,4,19.07,367.3
H113,2023-06-01,4,Daegu,Middle,2024-05-01,2024Q2,0,-11,19.07,311.27
H114,2023-06-01,1,Gyeonggi,Low,,,0,,19.07,239.89
H115,2023-06-01,3,Gyeonggi,High,2024-07-01,2024Q3,0,-13,19.07,305.53
H116,2023-06-01,2,Seoul,Middle,,,0,,19.07,296.0
H117,2023-06-01,5,Gyeonggi,Middle,2024-02-01,2024Q1,0,-8,19.07,356.6
H118,2023-06-01,2,Daegu,Middle,,,0,,19.07,246.47
H119,2023-06-01,2,Gyeonggi,Low,2022-05-01,2022Q2,1,13,19.07,268.87
H120,2023-06-01,4,Gyeonggi,Middle,,,0,,19.07,368.23
H001,2023-07-01,3,Seoul,Middle,2024-09-01,2024Q3,0,-14,22.31,305.97
H002,2023-07-01,1,Daegu,Low,2022-09-01,2022Q3,1,10,22.31,282.82
H003,2023-07-01,3,Gyeonggi,Middle,,,0,,22.31,328.05
H004,2023-07-01,2,Seoul,High,2023-06-01,2023Q2,1,1,22.31,347.39
H005,2023-07-01,2,Gyeonggi,High,2023-10-01,2023Q4,0,-3,22.31,284.21
H006,2023-07-01,2,Seoul,Middle,,,0,,22.31,263.0
H007,2023-07-01,5,Daegu,Low,,,0,,22.31,325.61
H008,2023-07-01,2,Gyeonggi,Middle,2022-05-01,2022Q2,1,14,22.31,387.32
H009,2023-07-01,5,Gyeonggi,High,,,0,,22.31,346.47
H010,2023-07-01,2,Busan,Low,2024-11-01,2024Q4,0,-16,22.31,246.04
H011,2023-07-01,1,Gyeonggi,Middle,2024-12-01,2024Q4,0,-17,22.31,253.18
H012,2023-07-01,3,Busan,High,,,0,,22.31,335.79
H013,2023-07-01,2,Seoul,High,,,0,,22.31,314.42
H014,2023-07-01,3,Busan,Low,,,0,,22.31,254.12
H015,2023-07-01,4,Daegu,Low,,,0,,22.31,337.96
H016,2023-07-01,4,Daegu,High,2022-03-01,2022Q1,1,16,22.31,452.39
H017,2023-07-01,3,Seoul,High,2024-07-01,2024Q3,0,-12,22.31,344.74
H018,2023-07-01,3,Daegu,Middle,,,0,,22.31,296.45
H019,2023-07-01,3,Seoul,Middle,,,0,,22.31,365.18
H020,2023-07-01,4,Busan,Low,,,0,,22.31,393.68
H021,2023-07-01,3,Busan,High,2024-05-01,2024Q2,0,-10,22.31,321.41
H022,2023-07-01,4,Gyeonggi,Low,,,0,,22.31,318.02
H023,2023-07-01,3,Seoul,Middle,2023-04-01,2023Q2,1,3,22.31,358.84
H024,2023-07-01,1,Seoul,Low,,,0,,22.31,242.14
H025,2023-07-01,1,Gyeonggi,Low,2024-07-01,2024Q3,0,-12,22.31,220.55
H026,2023-07-01,5,Gyeonggi,Middle,2024-11-01,2024Q4,0,-16,22.31,425.05
H027,2023-07-01,2,Daegu,Low,,,0,,22.31,245.23
H028,2023-07-01,2,Gyeonggi,Low,,,0,,22.31,291.93
H029,2023-07-01,1,Seoul,High,2024-08-01,2024Q3,0,-13,22.31,278.24
H030,2023-07-01,2,Gyeonggi,Middle,,,0,,22.31,260.8
H031,2023-07-01,3,Gyeonggi,High,2023-06-01,2023Q2,1,1,22.31,418.63
H032,2023-07-01,3,Daegu,High,2024-11-01,2024Q4,0,-16,22.31,312.38
H033,2023-07-01,1,Daegu,Middle,2024-08-01,2024Q3,0,-13,22.31,257.59
H034,2023-07-01,1,Gyeonggi,Low,2022-08-01,2022Q3,1,11,22.31,310.73
H035,2023-07-01,4,Seoul,Low,,,0,,22.31,387.88
H036,2023-07-01,5,Gyeonggi,Low,,,0,,22.31,336.9
H037,2023-07-01,2,Daegu,High,2023-05-01,2023Q2,1,2,22.31,364.62
H038,2023-07-01,3,Daegu,Low,2022-10-01,2022Q4,1,9,22.31,406.29
H039,2023-07-01,4,Seoul,Middle,,,0,,22.31,399.25
H040,2023-07-01,4,Gyeonggi,Low,,,0,,22.31,323.65
H041,2023-07-01,4,Seoul,Middle,2024-04-01,2024Q2,0,-9,22.31,346.07
H042,2023-07-01,3,Seoul,Middle,2024-10-01,2024Q4,0,-15,22.31,294.0
H043,2023-07-01,3,Busan,Low,2024-11-01,2024Q4,0,-16,22.31,313.05
H044,2023-07-01,2,Busan,High,,,0,,22.31,278.21
H045,2023-07-01,1,Seoul,Low,,,0,,22.31,289.11
H046,2023-07-01,4,Gyeonggi,Middle,2024-12-01,2024Q4,0,-17,22.31,395.01
H047,2023-07-01,2,Seoul,Middle,2022-05-01,2022Q2,1,14,22.31,303.45
H048,2023-07-01,1,Seoul,Middle,2023-10-01,2023Q4,0,-3,22.31,229.42
H049,2023-07-01,2,Busan,Low,,,0,,22.31,233.95
H050,2023-07-01,4,Seoul,Low,,,0,,22.31,313.61
H051,2023-07-01,2,Seoul,Middle,2023-09-01,2023Q3,0,-2,22.31,280.64
H052,2023-07-01,4,Seoul,Low,,,0,,22.31,333.26
H053,2023-07-01,3,Gyeonggi,Middle,2022-01-01,2022Q1,1,18,22.31,445.03
H054,2023-07-01,2,Seoul,High,2022-11-01,2022Q4,1,8,22.31,369.13
H055,2023-07-01,1,Daegu,High,2022-03-01,2022Q1,1,16,22.31,379.73
H056,2023-07-01,4,Seoul,Low,,,0,,22.31,256.53
H057,2023-07-01,4,Daegu,High,2024-02-01,2024Q1,0,-7,22.31,354.56
H058,2023-07-01,2,Seoul,High,2023-06-01,2023Q2,1,1,22.31,339.2
H059,2023-07-01,2,Gyeonggi,Low,2022-05-01,2022Q2,1,14,22.31,389.12
H060,2023-07-01,2,Daegu,Middle,,,0,,22.31,262.49
H061,2023-07-01,2,Seoul,Low,,,0,,22.31,290.37
H062,2023-07-01,2,Seoul,Middle,2023-07-01,2023Q3,1,0,22.31,380.13
H063,2023-07-01,3,Seoul,Middle,,,0,,22.31,304.57
H064,2023-07-01,1,Gyeonggi,Middle,2024-06-01,2024Q2,0,-11,22.31,253.97
H065,2023-07-01,3,Seoul,Middle,2023-12-01,2023Q4,0,-5,22.31,314.79
H066,2023-07-01,2,Gyeonggi,Low,,,0,,22.31,288.83
H067,2023-07-01,2,Gyeonggi,Middle,2023-04-01,2023Q2,1,3,22.31,391.55
H068,2023-07-01,3,Busan,Middle,,,0,,22.31,325.22
H069,2023-07-01,2,Daegu,High,,,0,,22.31,314.89
H070,2023-07-01,2,Busan,Low,,,0,,22.31,270.81
H071,2023-07-01,2,Busan,Low,2023-10-01,2023Q4,0,-3,22.31,287.67
H072,2023-07-01,4,Seoul,Middle,,,0,,22.31,331.74
H073,2023-07-01,3,Daegu,Middle,2022-07-01,2022Q3,1,12,22.31,418.41
H074,2023-07-01,2,Daegu,Low,2022-08-01,2022Q3,1,11,22.31,418.07
H075,2023-07-01,1,Daegu,Middle,,,0,,22.31,200.49
H076,2023-07-01,4,Daegu,High,,,0,,22.31,309.77
H077,2023-07-01,4,Daegu,Middle,2024-08-01,2024Q3,0,-13,22.31,345.5
H078,2023-07-01,3,Busan,Middle,,,0,,22.31,236.98
H079,2023-07-01,2,Busan,Middle,2024-03-01,2024Q1,0,-8,22.31,302.26
H080,2023-07-01,4,Seoul,Middle,2023-07-01,2023Q3,1,0,22.31,415.2
H081,2023-07-01,1,Daegu,Middle,2024-07-01,2024Q3,0,-12,22.31,255.57
H082,2023-07-01,3,Busan,Low,2023-09-01,2023Q3,0,-2,22.31,240.14
H083,2023-07-01,4,Gyeonggi,Middle,2024-11-01,2024Q4,0,-16,22.31,328.65
H084,2023-07-01,4,Gyeonggi,High,,,0,,22.31,369.12
H085,2023-07-01,5,Seoul,High,2023-03-01,2023Q1,1,4,22.31,438.95
H086,2023-07-01,4,Gyeonggi,Low,2022-08-01,2022Q3,1,11,22.31,428.47
H087,2023-07-01,2,Daegu,Low,,,0,,22.31,254.23
H088,2023-07-01,3,Seoul,High,2024-02-01,2024Q1,0,-7,22.31,327.25
H089,2023-07-01,4,Seoul,High,2022-04-01,2022Q2,1,15,22.31,451.97
H090,2023-07-01,1,Seoul,Middle,2024-05-01,2024Q2,0,-10,22.31,251.91
H091,2023-07-01,4,Gyeonggi,Middle,,,0,,22.31,357.49
H092,2023-07-01,2,Busan,Low,2023-10-01,2023Q4,0,-3,22.31,258.96
H093,2023-07-01,3,Daegu,Middle,,,0,,22.31,279.78
H094,2023-07-01,3,Seoul,Middle,2024-10-01,2024Q4,0,-15,22.31,301.39
H095,2023-07-01,4,Seoul,Middle,,,0,,22.31,313.11
H096,2023-07-01,2,Daegu,High,2023-11-01,2023Q4,0,-4,22.31,266.66
H097,2023-07-01,4,Daegu,Middle,,,0,,22.31,312.56
H098,2023-07-01,2,Daegu,Middle,,,0,,22.31,226.05
H099,2023-07-01,3,Busan,High,,,0,,22.31,314.95
H100,2023-07-01,2,Daegu,Middle,,,0,,22.31,235.45
H101,2023-07-01,2,Daegu,High,,,0,,22.31,309.89
H102,2023-07-01,2,Busan,Middle,,,0,,22.31,279.17
H103,2023-07-01,2,Gyeonggi,Middle,,,0,,22.31,268.05
H104,2023-07-01,3,Daegu,Middle,2023-04-01,2023Q2,1,3,22.31,382.32
H105,2023-07-01,3,Gyeonggi,Middle,,,0,,22.31,286.59
H106,2023-07-01,3,Busan,Middle,,,0,,22.31,316.1
H107,2023-07-01,2,Gyeonggi,Low,,,0,,22.31,268.18
H108,2023-07-01,4,Gyeonggi,Low,,,0,,22.31,341.09
H109,2023-07-01,2,Busan,High,2023-01-01,2023Q1,1,6,22.31,417.0
H110,2023-07-01,4,Gyeonggi,Low,,,0,,22.31,331.29
H111,2023-07-01,3,Gyeonggi,Middle,2023-08-01,2023Q3,0,-1,22.31,361.18
H112,2023-07-01,3,Busan,Low,2023-02-01,2023Q1,1,5,22.31,372.7
H113,2023-07-01,4,Daegu,Middle,2024-05-01,2024Q2,0,-10,22.31,293.04
H114,2023-07-01,1,Gyeonggi,Low,,,0,,22.31,257.6
H115,2023-07-01,3,Gyeonggi,High,2024-07-01,2024Q3,0,-12,22.31,318.4
H116,2023-07-01,2,Seoul,Middle,,,0,,22.31,308.71
H117,2023-07-01,5,Gyeonggi,Middle,2024-02-01,2024Q1,0,-7,22.31,381.55
H118,2023-07-01,2,Daegu,Middle,,,0,,22.31,286.45
H119,2023-07-01,2,Gyeonggi,Low,2022-05-01,2022Q2,1,14,22.31,370.87
H120,2023-07-01,4,Gyeonggi,Middle,,,0,,22.31,384.87
H001,2023-08-01,3,Seoul,Middle,2024-09-01,2024Q3,0,-13,24.82,367.44
H002,2023-08-01,1,Daegu,Low,2022-09-01,2022Q3,1,11,24.82,371.23
H003,2023-08-01,3,Gyeonggi,Middle,,,0,,24.82,290.68
H004,2023-08-01,2,Seoul,High,2023-06-01,2023Q2,1,2,24.82,375.04
H005,2023-08-01,2,Gyeonggi,High,2023-10-01,2023Q4,0,-2,24.82,307.32
H006,2023-08-01,2,Seoul,Middle,,,0,,24.82,314.34
H007,2023-08-01,5,Daegu,Low,,,0,,24.82,366.98
H008,2023-08-01,2,Gyeonggi,Middle,2022-05-01,2022Q2,1,15,24.82,432.55
H009,2023-08-01,5,Gyeonggi,High,,,0,,24.82,345.12
H010,2023-08-01,2,Busan,Low,2024-11-01,2024Q4,0,-15,24.82,258.43
H011,2023-08-01,1,Gyeonggi,Middle,2024-12-01,2024Q4,0,-16,24.82,307.94
H012,2023-08-01,3,Busan,High,,,0,,24.82,359.38
H013,2023-08-01,2,Seoul,High,,,0,,24.82,342.02
H014,2023-08-01,3,Busan,Low,,,0,,24.82,324.92
H015,2023-08-01,4,Daegu,Low,,,0,,24.82,351.98
H016,2023-08-01,4,Daegu,High,2022-03-01,2022Q1,1,17,24.82,449.37
H017,2023-08-01,3,Seoul,High,2024-07-01,2024Q3,0,-11,24.82,364.95
H018,2023-08-01,3,Daegu,Middle,,,0,,24.82,326.23
H019,2023-08-01,3,Seoul,Middle,,,0,,24.82,402.94
H020,2023-08-01,4,Busan,Low,,,0,,24.82,360.81
H021,2023-08-01,3,Busan,High,2024-05-01,2024Q2,0,-9,24.82,339.32
H022,2023-08-01,4,Gyeonggi,Low,,,0,,24.82,278.01
H023,2023-08-01,3,Seoul,Middle,2023-04-01,2023Q2,1,4,24.82,380.07
H024,2023-08-01,1,Seoul,Low,,,0,,24.82,267.19
H025,2023-08-01,1,Gyeonggi,Low,2024-07-01,2024Q3,0,-11,24.82,227.64
H026,2023-08-01,5,Gyeonggi,Middle,2024-11-01,2024Q4,0,-15,24.82,368.85
H027,2023-08-01,2,Daegu,Low,,,0,,24.82,322.71
H028,2023-08-01,2,Gyeonggi,Low,,,0,,24.82,349.72
H029,2023-08-01,1,Seoul,High,2024-08-01,2024Q3,0,-12,24.82,268.25
H030,2023-08-01,2,Gyeonggi,Middle,,,0,,24.82,297.39
H031,2023-08-01,3,Gyeonggi,High,2023-06-01,2023Q2,1,2,24.82,417.69
H032,2023-08-01,3,Daegu,High,2024-11-01,2024Q4,0,-15,24.82,363.78
H033,2023-08-01,1,Daegu,Middle,2024-08-01,2024Q3,0,-12,24.82,276.53
H034,2023-08-01,1,Gyeonggi,Low,2022-08-01,2022Q3,1,12,24.82,360.2
H035,2023-08-01,4,Seoul,Low,,,0,,24.82,363.92
H036,2023-08-01,5,Gyeonggi,Low,,,0,,24.82,407.19
H037,2023-08-01,2,Daegu,High,2023-05-01,2023Q2,1,3,24.82,384.19
H038,2023-08-01,3,Daegu,Low,2022-10-01,2022Q4,1,10,24.82,448.47
H039,2023-08-01,4,Seoul,Middle,,,0,,24.82,408.03
H040,2023-08-01,4,Gyeonggi,Low,,,0,,24.82,342.14
H041,2023-08-01,4,Seoul,Middle,2024-04-01,2024Q2,0,-8,24.82,359.87
H042,2023-08-01,3,Seoul,Middle,2024-10-01,2024Q4,0,-14,24.82,318.0
H043,2023-08-01,3,Busan,Low,2024-11-01,2024Q4,0,-15,24.82,298.79
H044,2023-08-01,2,Busan,High,,,0,,24.82,309.64
H045,2023-08-01,1,Seoul,Low,,,0,,24.82,263.87
H046,2023-08-01,4,Gyeonggi,Middle,2024-12-01,2024Q4,0,-16,24.82,375.01
H047,2023-08-01,2,Seoul,Middle,2022-05-01,2022Q2,1,15,24.82,327.76
H048,2023-08-01,1,Seoul,Middle,2023-10-01,2023Q4,0,-2,24.82,235.51
H049,2023-08-01,2,Busan,Low,,,0,,24.82,269.91
H050,2023-08-01,4,Seoul,Low,,,0,,24.82,335.94
H051,2023-08-01,2,Seoul,Middle,2023-09-01,2023Q3,0,-1,24.82,366.18
H052,2023-08-01,4,Seoul,Low,,,0,,24.82,357.03
H053,2023-08-01,3,Gyeonggi,Middle,2022-01-01,2022Q1,1,19,24.82,439.36
H054,2023-08-01,2,Seoul,High,2022-11-01,2022Q4,1,9,24.82,417.01
H055,2023-08-01,1,Daegu,High,2022-03-01,2022Q1,1,17,24.82,361.48
H056,2023-08-01,4,Seoul,Low,,,0,,24.82,269.31
H057,2023-08-01,4,Daegu,High,2024-02-01,2024Q1,0,-6,24.82,373.65
H058,2023-08-01,2,Seoul,High,2023-06-01,2023Q2,1,2,24.82,380.65
H059,2023-08-01,2,Gyeonggi,Low,2022-05-01,2022Q2,1,15,24.82,341.65
H060,2023-08-01,2,Daegu,Middle,,,0,,24.82,277.26
H061,2023-08-01,2,Seoul,Low,,,0,,24.82,286.02
H062,2023-08-01,2,Seoul,Middle,2023-07-01,2023Q3,1,1,24.82,355.86
H063,2023-08-01,3,Seoul,Middle,,,0,,24.82,304.22
H064,2023-08-01,1,Gyeonggi,Middle,2024-06-01,2024Q2,0,-10,24.82,256.72
H065,2023-08-01,3,Seoul,Middle,2023-12-01,2023Q4,0,-4,24.82,311.82
H066,2023-08-01,2,Gyeonggi,Low,,,0,,24.82,308.22
H067,2023-08-01,2,Gyeonggi,Middle,2023-04-01,2023Q2,1,4,24.82,378.05
H068,2023-08-01,3,Busan,Middle,,,0,,24.82,332.95
H069,2023-08-01,2,Daegu,High,,,0,,24.82,359.58
H070,2023-08-01,2,Busan,Low,,,0,,24.82,259.05
H071,2023-08-01,2,Busan,Low,2023-10-01,2023Q4,0,-2,24.82,270.16
H072,2023-08-01,4,Seoul,Middle,,,0,,24.82,360.17
H073,2023-08-01,3,Daegu,Middle,2022-07-01,2022Q3,1,13,24.82,375.95
H074,2023-08-01,2,Daegu,Low,2022-08-01,2022Q3,1,12,24.82,390.34
H075,2023-08-01,1,Daegu,Middle,,,0,,24.82,281.0
H076,2023-08-01,4,Daegu,High,,,0,,24.82,342.73
H077,2023-08-01,4,Daegu,Middle,2024-08-01,2024Q3,0,-12,24.82,346.43
H078,2023-08-01,3,Busan,Middle,,,0,,24.82,257.82
H079,2023-08-01,2,Busan,Middle,2024-03-01,2024Q1,0,-7,24.82,256.03
H080,2023-08-01,4,Seoul,Middle,2023-07-01,2023Q3,1,1,24.82,449.61
H081,2023-08-01,1,Daegu,Middle,2024-07-01,2024Q3,0,-11,24.82,324.1
H082,2023-08-01,3,Busan,Low,2023-09-01,2023Q3,0,-1,24.82,278.62
H083,2023-08-01,4,Gyeonggi,Middle,2024-11-01,2024Q4,0,-15,24.82,361.03
H084,2023-08-01,4,Gyeonggi,High,,,0,,24.82,427.6
H085,2023-08-01,5,Seoul,High,2023-03-01,2023Q1,1,5,24.82,461.37
H086,2023-08-01,4,Gyeonggi,Low,2022-08-01,2022Q3,1,12,24.82,415.95
H087,2023-08-01,2,Daegu,Low,,,0,,24.82,310.15
H088,2023-08-01,3,Seoul,High,2024-02-01,2024Q1,0,-6,24.82,329.51
H089,2023-08-01,4,Seoul,High,2022-04-01,2022Q2,1,16,24.82,425.95
H090,2023-08-01,1,Seoul,Middle,2024-05-01,2024Q2,0,-9,24.82,245.76
H091,2023-08-01,4,Gyeonggi,Middle,,,0,,24.82,371.74
H092,2023-08-01,2,Busan,Low,2023-10-01,2023Q4,0,-2,24.82,283.22
H093,2023-08-01,3,Daegu,Middle,,,0,,24.82,310.07
H094,2023-08-01,3,Seoul,Middle,2024-10-01,2024Q4,0,-14,24.82,274.79
H095,2023-08-01,4,Seoul,Middle,,,0,,24.82,334.78
H096,2023-08-01,2,Daegu,High,2023-11-01,2023Q4,0,-3,24.82,329.61
H097,2023-08-01,4,Daegu,Middle,,,0,,24.82,337.09
H098,2023-08-01,2,Daegu,Middle,,,0,,24.82,318.38
H099,2023-08-01,3,Busan,High,,,0,,24.82,397.45
H100,2023-08-01,2,Daegu,Middle,,,0,,24.82,266.52
H101,2023-08-01,2,Daegu,High,,,0,,24.82,351.44
H102,2023-08-01,2,Busan,Middle,,,0,,24.82,325.45
H103,2023-08-01,2,Gyeonggi,Middle,,,0,,24.82,249.3
H104,2023-08-01,3,Daegu,Middle,2023-04-01,2023Q2,1,4,24.82,401.91
H105,2023-08-01,3,Gyeonggi,Middle,,,0,,24.82,289.9
H106,2023-08-01,3,Busan,Middle,,,0,,24.82,302.34
H107,2023-08-01,2,Gyeonggi,Low,,,0,,24.82,284.81
H108,2023-08-01,4,Gyeonggi,Low,,,0,,24.82,347.23
H109,2023-08-01,2,Busan,High,2023-01-01,2023Q1,1,7,24.82,400.45
H110,2023-08-01,4,Gyeonggi,Low,,,0,,24.82,306.65
H111,2023-08-01,3,Gyeonggi,Middle,2023-08-01,2023Q3,1,0,24.82,428.69
H112,2023-08-01,3,Busan,Low,2023-02-01,2023Q1,1,6,24.82,400.56
H113,2023-08-01,4,Daegu,Middle,2024-05-01,2024Q2,0,-9,24.82,305.18
H114,2023-08-01,1,Gyeonggi,Low,,,0,,24.82,268.64
H115,2023-08-01,3,Gyeonggi,High,2024-07-01,2024Q3,0,-11,24.82,287.14
H116,2023-08-01,2,Seoul,Middle,,,0,,24.82,288.56
H117,2023-08-01,5,Gyeonggi,Middle,2024-02-01,2024Q1,0,-6,24.82,392.25
H118,2023-08-01,2,Daegu,Middle,,,0,,24.82,317.65
H119,2023-08-01,2,Gyeonggi,Low,2022-05-01,2022Q2,1,15,24.82,357.28
H120,2023-08-01,4,Gyeonggi,Middle,,,0,,24.82,412.83
H001,2023-09-01,3,Seoul,Middle,2024-09-01,2024Q3,0,-12,26.14,388.28
H002,2023-09-01,1,Daegu,Low,2022-09-01,2022Q3,1,12,26.14,330.1
H003,2023-09-01,3,Gyeonggi,Middle,,,0,,26.14,319.52
H004,2023-09-01,2,Seoul,High,2023-06-01,2023Q2,1,3,26.14,331.33
H005,2023-09-01,2,Gyeonggi,High,2023-10-01,2023Q4,0,-1,26.14,371.52
H006,2023-09-01,2,Seoul,Middle,,,0,,26.14,285.44
H007,2023-09-01,5,Daegu,Low,,,0,,26.14,370.93
H008,2023-09-01,2,Gyeonggi,Middle,2022-05-01,2022Q2,1,16,26.14,415.09
H009,2023-09-01,5,Gyeonggi,High,,,0,,26.14,349.58
H010,2023-09-01,2,Busan,Low,2024-11-01,2024Q4,0,-14,26.14,280.17
H011,2023-09-01,1,Gyeonggi,Middle,2024-12-01,2024Q4,0,-15,26.14,230.9
H012,2023-09-01,3,Busan,High,,,0,,26.14,333.73
H013,2023-09-01,2,Seoul,High,,,0,,26.14,292.54
H014,2023-09-01,3,Busan,Low,,,0,,26.14,306.73
H015,2023-09-01,4,Daegu,Low,,,0,,26.14,299.32
H016,2023-09-01,4,Daegu,High,2022-03-01,2022Q1,1,18,26.14,477.39
H017,2023-09-01,3,Seoul,High,2024-07-01,2024Q3,0,-10,26.14,403.01
H018,2023-09-01,3,Daegu,Middle,,,0,,26.14,280.04
H019,2023-09-01,3,Seoul,Middle,,,0,,26.14,357.81
H020,2023-09-01,4,Busan,Low,,,0,,26.14,344.59
H021,2023-09-01,3,Busan,High,2024-05-01,2024Q2,0,-8,26.14,258.83
H022,2023-09-01,4,Gyeonggi,Low,,,0,,26.14,286.59
H023,2023-09-01,3,Seoul,Middle,2023-04-01,2023Q2,1,5,26.14,369.0
H024,2023-09-01,1,Seoul,Low,,,0,,26.14,270.69
H025,2023-09-01,1,Gyeonggi,Low,2024-07-01,2024Q3,0,-10,26.14,224.29
H026,2023-09-01,5,Gyeonggi,Middle,2024-11-01,2024Q4,0,-14,26.14,373.6
H027,2023-09-01,2,Daegu,Low,,,0,,26.14,293.91
H028,2023-09-01,2,Gyeonggi,Low,,,0,,26.14,303.42
H029,2023-09-01,1,Seoul,High,2024-08-01,2024Q3,0,-11,26.14,279.0
H030,2023-09-01,2,Gyeonggi,Middle,,,0,,26.14,300.12
H031,2023-09-01,3,Gyeonggi,High,2023-06-01,2023Q2,1,3,26.14,385.72
H032,2023-09-01,3,Daegu,High,2024-11-01,2024Q4,0,-14,26.14,312.27
H033,2023-09-01,1,Daegu,Middle,2024-08-01,2024Q3,0,-11,26.14,289.98
H034,2023-09-01,1,Gyeonggi,Low,2022-08-01,2022Q3,1,13,26.14,283.58
H035,2023-09-01,4,Seoul,Low,,,0,,26.14,356.45
H036,2023-09-01,5,Gyeonggi,Low,,,0,,26.14,368.16
H037,2023-09-01,2,Daegu,High,2023-05-01,2023Q2,1,4,26.14,387.63
H038,2023-09-01,3,Daegu,Low,2022-10-01,2022Q4,1,11,26.14,386.46
H039,2023-09-01,4,Seoul,Middle,,,0,,26.14,381.2
H040,2023-09-01,4,Gyeonggi,Low,,,0,,26.14,325.56
H041,2023-09-01,4,Seoul,Middle,2024-04-01,2024Q2,0,-7,26.14,359.8
H042,2023-09-01,3,Seoul,Middle,2024-10-01,2024Q4,0,-13,26.14,305.9
H043,2023-09-01,3,Busan,Low,2024-11-01,2024Q4,0,-14,26.14,336.73
H044,2023-09-01,2,Busan,High,,,0,,26.14,301.03
H045,2023-09-01,1,Seoul,Low,,,0,,26.14,266.79
H046,2023-09-01,4,Gyeonggi,Middle,2024-12-01,2024Q4,0,-15,26.14,397.39
H047,2023-09-01,2,Seoul,Middle,2022-05-01,2022Q2,1,16,26.14,312.71
H048,2023-09-01,1,Seoul,Middle,2023-10-01,2023Q4,0,-1,26.14,235.41
H049,2023-09-01,2,Busan,Low,,,0,,26.14,215.14
H050,2023-09-01,4,Seoul,Low,,,0,,26.14,341.62
H051,2023-09-01,2,Seoul,Middle,2023-09-01,2023Q3,1,0,26.14,441.13
H052,2023-09-01,4,Seoul,Low,,,0,,26.14,366.96
H053,2023-09-01,3,Gyeonggi,Middle,2022-01-01,2022Q1,1,20,26.14,396.52
H054,2023-09-01,2,Seoul,High,2022-11-01,2022Q4,1,10,26.14,396.52
H055,2023-09-01,1,Daegu,High,2022-03-01,2022Q1,1,18,26.14,349.13
H056,2023-09-01,4,Seoul,Low,,,0,,26.14,271.31
H057,2023-09-01,4,Daegu,High,2024-02-01,2024Q1,0,-5,26.14,421.91
H058,2023-09-01,2,Seoul,High,2023-06-01,2023Q2,1,3,26.14,343.82
H059,2023-09-01,2,Gyeonggi,Low,2022-05-01,2022Q2,1,16,26.14,356.64
H060,2023-09-01,2,Daegu,Middle,,,0,,26.14,304.55
H061,2023-09-01,2,Seoul,Low,,,0,,26.14,305.33
H062,2023-09-01,2,Seoul,Middle,2023-07-01,2023Q3,1,2,26.14,334.9
H063,2023-09-01,3,Seoul,Middle,,,0,,26.14,336.77
H064,2023-09-01,1,Gyeonggi,Middle,2024-06-01,2024Q2,0,-9,26.14,212.99
H065,2023-09-01,3,Seoul,Middle,2023-12-01,2023Q4,0,-3,26.14,333.89
H066,2023-09-01,2,Gyeonggi,Low,,,0,,26.14,310.34
H067,2023-09-01,2,Gyeonggi,Middle,2023-04-01,2023Q2,1,5,26.14,349.81
H068,2023-09-01,3,Busan,Middle,,,0,,26.14,314.21
H069,2023-09-01,2,Daegu,High,,,0,,26.14,310.66
H070,2023-09-01,2,Busan,Low,,,0,,26.14,301.12
H071,2023-09-01,2,Busan,Low,2023-10-01,2023Q4,0,-1,26.14,273.12
H072,2023-09-01,4,Seoul,Middle,,,0,,26.14,333.1
H073,2023-09-01,3,Daegu,Middle,2022-07-01,2022Q3,1,14,26.14,419.98
H074,2023-09-01,2,Daegu,Low,2022-08-01,2022Q3,1,13,26.14,428.02
H075,2023-09-01,1,Daegu,Middle,,,0,,26.14,293.76
H076,2023-09-01,4,Daegu,High,,,0,,26.14,373.07
H077,2023-09-01,4,Daegu,Middle,2024-08-01,2024Q3,0,-11,26.14,363.96
H078,2023-09-01,3,Busan,Middle,,,0,,26.14,265.9
H079,2023-09-01,2,Busan,Middle,2024-03-01,2024Q1,0,-6,26.14,274.56
H080,2023-09-01,4,Seoul,Middle,2023-07-01,2023Q3,1,2,26.14,413.23
H081,2023-09-01,1,Daegu,Middle,2024-07-01,2024Q3,0,-10,26.14,239.37
H082,2023-09-01,3,Busan,Low,2023-09-01,2023Q3,1,0,26.14,285.43
H083,2023-09-01,4,Gyeonggi,Middle,2024-11-01,2024Q4,0,-14,26.14,353.76
H084,2023-09-01,4,Gyeonggi,High,,,0,,26.14,372.7
H085,2023-09-01,5,Seoul,High,2023-03-01,2023Q1,1,6,26.14,444.1
H086,2023-09-01,4,Gyeonggi,Low,2022-08-01,2022Q3,1,13,26.14,405.34
H087,2023-09-01,2,Daegu,Low,,,0,,26.14,319.83
H088,2023-09-01,3,Seoul,High,2024-02-01,2024Q1,0,-5,26.14,333.36
H089,2023-09-01,4,Seoul,High,2022-04-01,2022Q2,1,17,26.14,475.29
H090,2023-09-01,1,Seoul,Middle,2024-05-01,2024Q2,0,-8,26.14,248.15
H091,2023-09-01,4,Gyeonggi,Middle,,,0,,26.14,377.4
H092,2023-09-01,2,Busan,Low,2023-10-01,2023Q4,0,-1,26.14,252.52
H093,2023-09-01,3,Daegu,Middle,,,0,,26.14,316.68
H094,2023-09-01,3,Seoul,Middle,2024-10-01,2024Q4,0,-13,26.14,265.68
H095,2023-09-01,4,Seoul,Middle,,,0,,26.14,324.06
H096,2023-09-01,2,Daegu,High,2023-11-01,2023Q4,0,-2,26.14,320.62
H097,2023-09-01,4,Daegu,Middle,,,0,,26.14,317.14
H098,2023-09-01,2,Daegu,Middle,,,0,,26.14,272.85
H099,2023-09-01,3,Busan,High,,,0,,26.14,319.04
H100,2023-09-01,2,Daegu,Middle,,,0,,26.14,267.27
H101,2023-09-01,2,Daegu,High,,,0,,26.14,295.94
H102,2023-09-01,2,Busan,Middle,,,0,,26.14,263.21
H103,2023-09-01,2,Gyeonggi,Middle,,,0,,26.14,227.54
H104,2023-09-01,3,Daegu,Middle,2023-04-01,2023Q2,1,5,26.14,395.97
H105,2023-09-01,3,Gyeonggi,Middle,,,0,,26.14,306.13
H106,2023-09-01,3,Busan,Middle,,,0,,26.14,297.93
H107,2023-09-01,2,Gyeonggi,Low,,,0,,26.14,263.6
H108,2023-09-01,4,Gyeonggi,Low,,,0,,26.14,356.22
H109,2023-09-01,2,Busan,High,2023-01-01,2023Q1,1,8,26.14,386.57
H110,2023-09-01,4,Gyeonggi,Low,,,0,,26.14,308.69
H111,2023-09-01,3,Gyeonggi,Middle,2023-08-01,2023Q3,1,1,26.14,370.27
H112,2023-09-01,3,Busan,Low,2023-02-01,2023Q1,1,7,26.14,358.03
H113,2023-09-01,4,Daegu,Middle,2024-05-01,2024Q2,0,-8,26.14,328.14
H114,2023-09-01,1,Gyeonggi,Low,,,0,,26.14,232.59
H115,2023-09-01,3,Gyeonggi,High,2024-07-01,2024Q3,0,-10,26.14,298.49
H116,2023-09-01,2,Seoul,Middle,,,0,,26.14,296.42
H117,2023-09-01,5,Gyeonggi,Middle,2024-02-01,2024Q1,0,-5,26.14,440.73
H118,2023-09-01,2,Daegu,Middle,,,0,,26.14,239.25
H119,2023-09-01,2,Gyeonggi,Low,2022-05-01,2022Q2,1,16,26.14,315.42
H120,2023-09-01,4,Gyeonggi,Middle,,,0,,26.14,376.67
H001,2023-10-01,3,Seoul,Middle,2024-09-01,2024Q3,0,-11,19.28,345.65
H002,2023-10-01,1,Daegu,Low,2022-09-01,2022Q3,1,13,19.28,350.48
H003,2023-10-01,3,Gyeonggi,Middle,,,0,,19.28,306.01
H004,2023-10-01,2,Seoul,High,2023-06-01,2023Q2,1,4,19.28,371.69
H005,2023-10-01,2,Gyeonggi,High,2023-10-01,2023Q4,1,0,19.28,364.95
H006,2023-10-01,2,Seoul,Middle,,,0,,19.28,236.08
H007,2023-10-01,5,Daegu,Low,,,0,,19.28,343.51
H008,2023-10-01,2,Gyeonggi,Middle,2022-05-01,2022Q2,1,17,19.28,405.14
H009,2023-10-01,5,Gyeonggi,High,,,0,,19.28,414.13
H010,2023-10-01,2,Busan,Low,2024-11-01,2024Q4,0,-13,19.28,254.93
H011,2023-10-01,1,Gyeonggi,Middle,2024-12-01,2024Q4,0,-14,19.28,280.67
H012,2023-10-01,3,Busan,High,,,0,,19.28,303.54
H013,2023-10-01,2,Seoul,High,,,0,,19.28,322.86
H014,2023-10-01,3,Busan,Low,,,0,,19.28,291.62
H015,2023-10-01,4,Daegu,Low,,,0,,19.28,361.03
H016,2023-10-01,4,Daegu,High,2022-03-01,2022Q1,1,19,19.28,482.96
H017,2023-10-01,3,Seoul,High,2024-07-01,2024Q3,0,-9,19.28,345.11
H018,2023-10-01,3,Daegu,Middle,,,0,,19.28,292.33
H019,2023-10-01,3,Seoul,Middle,,,0,,19.28,321.35
H020,2023-10-01,4,Busan,Low,,,0,,19.28,338.01
H021,2023-10-01,3,Busan,High,2024-05-01,2024Q2,0,-7,19.28,295.29
H022,2023-10-01,4,Gyeonggi,Low,,,0,,19.28,294.87
H023,2023-10-01,3,Seoul,Middle,2023-04-01,2023Q2,1,6,19.28,335.59
H024,2023-10-01,1,Seoul,Low,,,0,,19.28,241.6
H025,2023-10-01,1,Gyeonggi,Low,2024-07-01,2024Q3,0,-9,19.28,235.69
H026,2023-10-01,5,Gyeonggi,Middle,2024-11-01,2024Q4,0,-13,19.28,394.84
H027,2023-10-01,2,Daegu,Low,,,0,,19.28,296.39
H028,2023-10-01,2,Gyeonggi,Low,,,0,,19.28,291.09
H029,2023-10-01,1,Seoul,High,2024-08-01,2024Q3,0,-10,19.28,266.36
H030,2023-10-01,2,Gyeonggi,Middle,,,0,,19.28,265.06
H031,2023-10-01,3,Gyeonggi,High,2023-06-01,2023Q2,1,4,19.28,416.97
H032,2023-10-01,3,Daegu,High,2024-11-01,2024Q4,0,-13,19.28,321.53
H033,2023-10-01,1,Daegu,Middle,2024-08-01,2024Q3,0,-10,19.28,255.12
H034,2023-10-01,1,Gyeonggi,Low,2022-08-01,2022Q3,1,14,19.28,289.75
H035,2023-10-01,4,Seoul,Low,,,0,,19.28,395.6
H036,2023-10-01,5,Gyeonggi,Low,,,0,,19.28,362.97
H037,2023-10-01,2,Daegu,High,2023-05-01,2023Q2,1,5,19.28,394.71
H038,2023-10-01,3,Daegu,Low,2022-10-01,2022Q4,1,12,19.28,384.58
H039,2023-10-01,4,Seoul,Middle,,,0,,19.28,351.72
H040,2023-10-01,4,Gyeonggi,Low,,,0,,19.28,380.44
H041,2023-10-01,4,Seoul,Middle,2024-04-01,2024Q2,0,-6,19.28,297.72
H042,2023-10-01,3,Seoul,Middle,2024-10-01,2024Q4,0,-12,19.28,247.82
H043,2023-10-01,3,Busan,Low,2024-11-01,2024Q4,0,-13,19.28,328.17
H044,2023-10-01,2,Busan,High,,,0,,19.28,273.58
H045,2023-10-01,1,Seoul,Low,,,0,,19.28,230.38
H046,2023-10-01,4,Gyeonggi,Middle,2024-12-01,2024Q4,0,-14,19.28,336.47
H047,2023-10-01,2,Seoul,Middle,2022-05-01,2022Q2,1,17,19.28,270.94
H048,2023-10-01,1,Seoul,Middle,2023-10-01,2023Q4,1,0,19.28,346.36
H049,2023-10-01,2,Busan,Low,,,0,,19.28,261.18
H050,2023-10-01,4,Seoul,Low,,,0,,19.28,320.07
H051,2023-10-01,2,Seoul,Middle,2023-09-01,2023Q3,1,1,19.28,410.03
H052,2023-10-01,4,Seoul,Low,,,0,,19.28,343.76
H053,2023-10-01,3,Gyeonggi,Middle,2022-01-01,2022Q1,1,21,19.28,423.84
H054,2023-10-01,2,Seoul,High,2022-11-01,2022Q4,1,11,19.28,384.39
H055,2023-10-01,1,Daegu,High,2022-03-01,2022Q1,1,19,19.28,301.01
H056,2023-10-01,4,Seoul,Low,,,0,,19.28,284.83
H057,2023-10-01,4,Daegu,High,2024-02-01,2024Q1,0,-4,19.28,389.99
H058,2023-10-01,2,Seoul,High,2023-06-01,2023Q2,1,4,19.28,343.66
H059,2023-10-01,2,Gyeonggi,Low,2022-05-01,2022Q2,1,17,19.28,326.96
H060,2023-10-01,2,Daegu,Middle,,,0,,19.28,248.99
H061,2023-10-01,2,Seoul,Low,,,0,,19.28,267.26
H062,2023-10-01,2,Seoul,Middle,2023-07-01,2023Q3,1,3,19.28,357.95
H063,2023-10-01,3,Seoul,Middle,,,0,,19.28,274.97
H064,2023-10-01,1,Gyeonggi,Middle,2024-06-01,2024Q2,0,-8,19.28,260.23
H065,2023-10-01,3,Seoul,Middle,2023-12-01,2023Q4,0,-2,19.28,284.37
H066,2023-10-01,2,Gyeonggi,Low,,,0,,19.28,273.21
H067,2023-10-01,2,Gyeonggi,Middle,2023-04-01,2023Q2,1,6,19.28,379.22
H068,2023-10-01,3,Busan,Middle,,,0,,19.28,316.15
H069,2023-10-01,2,Daegu,High,,,0,,19.28,337.22
H070,2023-10-01,2,Busan,Low,,,0,,19.28,215.59
H071,2023-10-01,2,Busan,Low,2023-10-01,2023Q4,1,0,19.28,365.73
H072,2023-10-01,4,Seoul,Middle,,,0,,19.28,300.49
H073,2023-10-01,3,Daegu,Middle,2022-07-01,2022Q3,1,15,19.28,395.64
H074,2023-10-01,2,Daegu,Low,2022-08-01,2022Q3,1,14,19.28,380.83
H075,2023-10-01,1,Daegu,Middle,,,0,,19.28,254.89
H076,2023-10-01,4,Daegu,High,,,0,,19.28,336.86
H077,2023-10-01,4,Daegu,Middle,2024-08-01,2024Q3,0,-10,19.28,357.81
H078,2023-10-01,3,Busan,Middle,,,0,,19.28,293.33
H079,2023-10-01,2,Busan,Middle,2024-03-01,2024Q1,0,-5,19.28,248.39
H080,2023-10-01,4,Seoul,Middle,2023-07-01,2023Q3,1,3,19.28,396.22
H081,2023-10-01,1,Daegu,Middle,2024-07-01,2024Q3,0,-9,19.28,205.22
H082,2023-10-01,3,Busan,Low,2023-09-01,2023Q3,1,1,19.28,345.8
H083,2023-10-01,4,Gyeonggi,Middle,2024-11-01,2024Q4,0,-13,19.28,304.47
H084,2023-10-01,4,Gyeonggi,High,,,0,,19.28,354.96
H085,2023-10-01,5,Seoul,High,2023-03-01,2023Q1,1,7,19.28,435.92
H086,2023-10-01,4,Gyeonggi,Low,2022-08-01,2022Q3,1,14,19.28,416.0
H087,2023-10-01,2,Daegu,Low,,,0,,19.28,320.2
H088,2023-10-01,3,Seoul,High,2024-02-01,2024Q1,0,-4,19.28,365.94
H089,2023-10-01,4,Seoul,High,2022-04-01,2022Q2,1,18,19.28,473.13
H090,2023-10-01,1,Seoul,Middle,2024-05-01,2024Q2,0,-7,19.28,230.6
H091,2023-10-01,4,Gyeonggi,Middle,,,0,,19.28,352.05
H092,2023-10-01,2,Busan,Low,2023-10-01,2023Q4,1,0,19.28,315.5
H093,2023-10-01,3,Daegu,Middle,,,0,,19.28,317.1
H094,2023-10-01,3,Seoul,Middle,2024-10-01,2024Q4,0,-12,19.28,317.08
H095,2023-10-01,4,Seoul,Middle,,,0,,19.28,326.44
H096,2023-10-01,2,Daegu,High,2023-11-01,2023Q4,0,-1,19.28,253.44
H097,2023-10-01,4,Daegu,Middle,,,0,,19.28,281.22
H098,2023-10-01,2,Daegu,Middle,,,0,,19.28,320.77
H099,2023-10-01,3,Busan,High,,,0,,19.28,303.45
H100,2023-10-01,2,Daegu,Middle,,,0,,19.28,261.58
H101,2023-10-01,2,Daegu,High,,,0,,19.28,361.45
H102,2023-10-01,2,Busan,Middle,,,0,,19.28,277.74
H103,2023-10-01,2,Gyeonggi,Middle,,,0,,19.28,274.89
H104,2023-10-01,3,Daegu,Middle,2023-04-01,2023Q2,1,6,19.28,428.68
H105,2023-10-01,3,Gyeonggi,Middle,,,0,,19.28,302.18
H106,2023-10-01,3,Busan,Middle,,,0,,19.28,271.04
H107,2023-10-01,2,Gyeonggi,Low,,,0,,19.28,216.89
H108,2023-10-01,4,Gyeonggi,Low,,,0,,19.28,313.47
H109,2023-10-01,2,Busan,High,2023-01-01,2023Q1,1,9,19.28,395.59
H110,2023-10-01,4,Gyeonggi,Low,,,0,,19.28,321.89
H111,2023-10-01,3,Gyeonggi,Middle,2023-08-01,2023Q3,1,2,19.28,409.41
H112,2023-10-01,3,Busan,Low,2023-02-01,2023Q1,1,8,19.28,332.52
H113,2023-10-01,4,Daegu,Middle,2024-05-01,2024Q2,0,-7,19.28,302.82
H114,2023-10-01,1,Gyeonggi,Low,,,0,,19.28,174.9
H115,2023-10-01,3,Gyeonggi,High,2024-07-01,2024Q3,0,-9,19.28,267.36
H116,2023-10-01,2,Seoul,Middle,,,0,,19.28,320.25
H117,2023-10-01,5,Gyeonggi,Middle,2024-02-01,2024Q1,0,-4,19.28,308.49
H118,2023-10-01,2,Daegu,Middle,,,0,,19.28,300.31
H119,2023-10-01,2,Gyeonggi,Low,2022-05-01,2022Q2,1,17,19.28,395.13
H120,2023-10-01,4,Gyeonggi,Middle,,,0,,19.28,341.91
H001,2023-11-01,3,Seoul,Middle,2024-09-01,2024Q3,0,-10,12.64,352.9
H002,2023-11-01,1,Daegu,Low,2022-09-01,2022Q3,1,14,12.64,358.74
H003,2023-11-01,3,Gyeonggi,Middle,,,0,,12.64,316.9
H004,2023-11-01,2,Seoul,High,2023-06-01,2023Q2,1,5,12.64,362.47
H005,2023-11-01,2,Gyeonggi,High,2023-10-01,2023Q4,1,1,12.64,340.02
H006,2023-11-01,2,Seoul,Middle,,,0,,12.64,288.29
H007,2023-11-01,5,Daegu,Low,,,0,,12.64,376.85
H008,2023-11-01,2,Gyeonggi,Middle,2022-05-01,2022Q2,1,18,12.64,410.59
H009,2023-11-01,5,Gyeonggi,High,,,0,,12.64,387.95
H010,2023-11-01,2,Busan,Low,2024-11-01,2024Q4,0,-12,12.64,272.13
H011,2023-11-01,1,Gyeonggi,Middle,2024-12-01,2024Q4,0,-13,12.64,238.15
H012,2023-11-01,3,Busan,High,,,0,,12.64,334.41
H013,2023-11-01,2,Seoul,High,,,0,,12.64,269.38
H014,2023-11-01,3,Busan,Low,,,0,,12.64,264.31
H015,2023-11-01,4,Daegu,Low,,,0,,12.64,349.04
H016,2023-11-01,4,Daegu,High,2022-03-01,2022Q1,1,20,12.64,469.15
H017,2023-11-01,3,Seoul,High,2024-07-01,2024Q3,0,-8,12.64,314.84
H018,2023-11-01,3,Daegu,Middle,,,0,,12.64,315.27
H019,2023-11-01,3,Seoul,Middle,,,0,,12.64,323.3
H020,2023-11-01,4,Busan,Low,,,0,,12.64,360.63
H021,2023-11-01,3,Busan,High,2024-05-01,2024Q2,0,-6,12.64,334.2
H022,2023-11-01,4,Gyeonggi,Low,,,0,,12.64,346.14
H023,2023-11-01,3,Seoul,Middle,2023-04-01,2023Q2,1,7,12.64,392.69
H024,2023-11-01,1,Seoul,Low,,,0,,12.64,264.99
H025,2023-11-01,1,Gyeonggi,Low,2024-07-01,2024Q3,0,-8,12.64,222.6
H026,2023-11-01,5,Gyeonggi,Middle,2024-11-01,2024Q4,0,-12,12.64,340.8
H027,2023-11-01,2,Daegu,Low,,,0,,12.64,293.97
H028,2023-11-01,2,Gyeonggi,Low,,,0,,12.64,336.31
H029,2023-11-01,1,Seoul,High,2024-08-01,2024Q3,0,-9,12.64,275.65
H030,2023-11-01,2,Gyeonggi,Middle,,,0,,12.64,330.01
H031,2023-11-01,3,Gyeonggi,High,2023-06-01,2023Q2,1,5,12.64,440.0
H032,2023-11-01,3,Daegu,High,2024-11-01,2024Q4,0,-12,12.64,360.92
H033,2023-11-01,1,Daegu,Middle,2024-08-01,2024Q3,0,-9,12.64,251.23
H034,2023-11-01,1,Gyeonggi,Low,2022-08-01,2022Q3,1,15,12.64,309.38
H035,2023-11-01,4,Seoul,Low,,,0,,12.64,372.45
H036,2023-11-01,5,Gyeonggi,Low,,,0,,12.64,342.65
H037,2023-11-01,2,Daegu,High,2023-05-01,2023Q2,1,6,12.64,385.97
H038,2023-11-01,3,Daegu,Low,2022-10-01,2022Q4,1,13,12.64,386.11
H039,2023-11-01,4,Seoul,Middle,,,0,,12.64,370.5
H040,2023-11-01,4,Gyeonggi,Low,,,0,,12.64,340.35
H041,2023-11-01,4,Seoul,Middle,2024-04-01,2024Q2,0,-5,12.64,308.59
H042,2023-11-01,3,Seoul,Middle,2024-10-01,2024Q4,0,-11,12.64,284.2
H043,2023-11-01,3,Busan,Low,2024-11-01,2024Q4,0,-12,12.64,319.3
H044,2023-11-01,2,Busan,High,,,0,,12.64,274.86
H045,2023-11-01,1,Seoul,Low,,,0,,12.64,217.05
H046,2023-11-01,4,Gyeonggi,Middle,2024-12-01,2024Q4,0,-13,12.64,310.68
H047,2023-11-01,2,Seoul,Middle,2022-05-01,2022Q2,1,18,12.64,319.92
H048,2023-11-01,1,Seoul,Middle,2023-10-01,2023Q4,1,1,12.64,318.51
H049,2023-11-01,2,Busan,Low,,,0,,12.64,224.49
H050,2023-11-01,4,Seoul,Low,,,0,,12.64,273.51
H051,2023-11-01,2,Seoul,Middle,2023-09-01,2023Q3,1,2,12.64,413.97
H052,2023-11-01,4,Seoul,Low,,,0,,12.64,450.95
H053,2023-11-01,3,Gyeonggi,Middle,2022-01-01,2022Q1,1,22,12.64,442.34
H054,2023-11-01,2,Seoul,High,2022-11-01,2022Q4,1,12,12.64,344.68
H055,2023-11-01,1,Daegu,High,2022-03-01,2022Q1,1,20,12.64,359.68
H056,2023-11-01,4,Seoul,Low,,,0,,12.64,276.25
H057,2023-11-01,4,Daegu,High,2024-02-01,2024Q1,0,-3,12.64,350.12
H058,2023-11-01,2,Seoul,High,2023-06-01,2023Q2,1,5,12.64,317.8
H059,2023-11-01,2,Gyeonggi,Low,2022-05-01,2022Q2,1,18,12.64,353.36
H060,2023-11-01,2,Daegu,Middle,,,0,,12.64,280.5
H061,2023-11-01,2,Seoul,Low,,,0,,12.64,292.9
H062,2023-11-01,2,Seoul,Middle,2023-07-01,2023Q3,1,4,12.64,343.12
H063,2023-11-01,3,Seoul,Middle,,,0,,12.64,308.54
H064,2023-11-01,1,Gyeonggi,Middle,2024-06-01,2024Q2,0,-7,12.64,262.97
H065,2023-11-01,3,Seoul,Middle,2023-12-01,2023Q4,0,-1,12.64,281.8
H066,2023-11-01,2,Gyeonggi,Low,,,0,,12.64,265.03
H067,2023-11-01,2,Gyeonggi,Middle,2023-04-01,2023Q2,1,7,12.64,376.93
H068,2023-11-01,3,Busan,Middle,,,0,,12.64,355.85
H069,2023-11-01,2,Daegu,High,,,0,,12.64,342.77
H070,2023-11-01,2,Busan,Low,,,0,,12.64,283.61
H071,2023-11-01,2,Busan,Low,2023-10-01,2023Q4,1,1,12.64,374.71
H072,2023-11-01,4,Seoul,Middle,,,0,,12.64,307.23
H073,2023-11-01,3,Daegu,Middle,2022-07-01,2022Q3,1,16,12.64,413.37
H074,2023-11-01,2,Daegu,Low,2022-08-01,2022Q3,1,15,12.64,426.37
H075,2023-11-01,1,Daegu,Middle,,,0,,12.64,308.99
H076,2023-11-01,4,Daegu,High,,,0,,12.64,386.27
H077,2023-11-01,4,Daegu,Middle,2024-08-01,2024Q3,0,-9,12.64,322.64
H078,2023-11-01,3,Busan,Middle,,,0,,12.64,276.53
H079,2023-11-01,2,Busan,Middle,2024-03-01,2024Q1,0,-4,12.64,281.27
H080,2023-11-01,4,Seoul,Middle,2023-07-01,2023Q3,1,4,12.64,400.72
H081,2023-11-01,1,Daegu,Middle,2024-07-01,2024Q3,0,-8,12.64,263.44
H082,2023-11-01,3,Busan,Low,2023-09-01,2023Q3,1,2,12.64,282.95
H083,2023-11-01,4,Gyeonggi,Middle,2024-11-01,2024Q4,0,-12,12.64,318.25
H084,2023-11-01,4,Gyeonggi,High,,,0,,12.64,393.24
H085,2023-11-01,5,Seoul,High,2023-03-01,2023Q1,1,8,12.64,468.92
H086,2023-11-01,4,Gyeonggi,Low,2022-08-01,2022Q3,1,15,12.64,406.94
H087,2023-11-01,2,Daegu,Low,,,0,,12.64,329.03
H088,2023-11-01,3,Seoul,High,2024-02-01,2024Q1,0,-3,12.64,358.07
H089,2023-11-01,4,Seoul,High,2022-04-01,2022Q2,1,19,12.64,440.02
H090,2023-11-01,1,Seoul,Middle,2024-05-01,2024Q2,0,-6,12.64,248.27
H091,2023-11-01,4,Gyeonggi,Middle,,,0,,12.64,364.3
H092,2023-11-01,2,Busan,Low,2023-10-01,2023Q4,1,1,12.64,349.82
H093,2023-11-01,3,Daegu,Middle,,,0,,12.64,323.6
H094,2023-11-01,3,Seoul,Middle,2024-10-01,2024Q4,0,-11,12.64,283.68
H095,2023-11-01,4,Seoul,Middle,,,0,,12.64,342.39
H096,2023-11-01,2,Daegu,High,2023-11-01,2023Q4,1,0,12.64,347.78
H097,2023-11-01,4,Daegu,Middle,,,0,,12.64,331.65
H098,2023-11-01,2,Daegu,Middle,,,0,,12.64,235.84
H099,2023-11-01,3,Busan,High,,,0,,12.64,320.52
H100,2023-11-01,2,Daegu,Middle,,,0,,12.64,255.09
H101,2023-11-01,2,Daegu,High,,,0,,12.64,320.8
H102,2023-11-01,2,Busan,Middle,,,0,,12.64,294.15
H103,2023-11-01,2,Gyeonggi,Middle,,,0,,12.64,196.7
H104,2023-11-01,3,Daegu,Middle,2023-04-01,2023Q2,1,7,12.64,362.54
H105,2023-11-01,3,Gyeonggi,Middle,,,0,,12.64,278.47
H106,2023-11-01,3,Busan,Middle,,,0,,12.64,318.47
H107,2023-11-01,2,Gyeonggi,Low,,,0,,12.64,319.34
H108,2023-11-01,4,Gyeonggi,Low,,,0,,12.64,359.03
H109,2023-11-01,2,Busan,High,2023-01-01,2023Q1,1,10,12.64,424.57
H110,2023-11-01,4,Gyeonggi,Low,,,0,,12.64,298.18
H111,2023-11-01,3,Gyeonggi,Middle,2023-08-01,2023Q3,1,3,12.64,401.55
H112,2023-11-01,3,Busan,Low,2023-02-01,2023Q1,1,9,12.64,372.38
H113,2023-11-01,4,Daegu,Middle,2024-05-01,2024Q2,0,-6,12.64,280.7
H114,2023-11-01,1,Gyeonggi,Low,,,0,,12.64,224.27
H115,2023-11-01,3,Gyeonggi,High,2024-07-01,2024Q3,0,-8,12.64,288.55
H116,2023-11-01,2,Seoul,Middle,,,0,,12.64,327.07
H117,2023-11-01,5,Gyeonggi,Middle,2024-02-01,2024Q1,0,-3,12.64,381.33
H118,2023-11-01,2,Daegu,Middle,,,0,,12.64,276.12
H119,2023-11-01,2,Gyeonggi,Low,2022-05-01,2022Q2,1,18,12.64,347.01
H120,2023-11-01,4,Gyeonggi,Middle,,,0,,12.64,339.33
H001,2023-12-01,3,Seoul,Middle,2024-09-01,2024Q3,0,-9,7.71,319.3
H002,2023-12-01,1,Daegu,Low,2022-09-01,2022Q3,1,15,7.71,356.15
H003,2023-12-01,3,Gyeonggi,Middle,,,0,,7.71,330.58
H004,2023-12-01,2,Seoul,High,2023-06-01,2023Q2,1,6,7.71,359.82
H005,2023-12-01,2,Gyeonggi,High,2023-10-01,2023Q4,1,2,7.71,361.64
H006,2023-12-01,2,Seoul,Middle,,,0,,7.71,287.25
H007,2023-12-01,5,Daegu,Low,,,0,,7.71,347.85
H008,2023-12-01,2,Gyeonggi,Middle,2022-05-01,2022Q2,1,19,7.71,423.85
H009,2023-12-01,5,Gyeonggi,High,,,0,,7.71,366.21
H010,2023-12-01,2,Busan,Low,2024-11-01,2024Q4,0,-11,7.71,280.36
H011,2023-12-01,1,Gyeonggi,Middle,2024-12-01,2024Q4,0,-12,7.71,237.28
H012,2023-12-01,3,Busan,High,,,0,,7.71,345.1
H013,2023-12-01,2,Seoul,High,,,0,,7.71,262.84
H014,2023-12-01,3,Busan,Low,,,0,,7.71,291.27
H015,2023-12-01,4,Daegu,Low,,,0,,7.71,372.6
H016,2023-12-01,4,Daegu,High,2022-03-01,2022Q1,1,21,7.71,488.88
H017,2023-12-01,3,Seoul,High,2024-07-01,2024Q3,0,-7,7.71,343.79
H018,2023-12-01,3,Daegu,Middle,,,0,,7.71,303.3
H019,2023-12-01,3,Seoul,Middle,,,0,,7.71,377.39
H020,2023-12-01,4,Busan,Low,,,0,,7.71,332.26
H021,2023-12-01,3,Busan,High,2024-05-01,2024Q2,0,-5,7.71,342.97
H022,2023-12-01,4,Gyeonggi,Low,,,0,,7.71,299.08
H023,2023-12-01,3,Seoul,Middle,2023-04-01,2023Q2,1,8,7.71,402.98
H024,2023-12-01,1,Seoul,Low,,,0,,7.71,252.51
H025,2023-12-01,1,Gyeonggi,Low,2024-07-01,2024Q3,0,-7,7.71,217.9
H026,2023-12-01,5,Gyeonggi,Middle,2024-11-01,2024Q4,0,-11,7.71,392.19
H027,2023-12-01,2,Daegu,Low,,,0,,7.71,268.05
H028,2023-12-01,2,Gyeonggi,Low,,,0,,7.71,277.02
H029,2023-12-01,1,Seoul,High,2024-08-01,2024Q3,0,-8,7.71,277.16
H030,2023-12-01,2,Gyeonggi,Middle,,,0,,7.71,259.77
H031,2023-12-01,3,Gyeonggi,High,2023-06-01,2023Q2,1,6,7.71,433.13
H032,2023-12-01,3,Daegu,High,2024-11-01,2024Q4,0,-11,7.71,308.43
H033,2023-12-01,1,Daegu,Middle,2024-08-01,2024Q3,0,-8,7.71,235.37
H034,2023-12-01,1,Gyeonggi,Low,2022-08-01,2022Q3,1,16,7.71,349.48
H035,2023-12-01,4,Seoul,Low,,,0,,7.71,390.87
H036,2023-12-01,5,Gyeonggi,Low,,,0,,7.71,365.78
H037,2023-12-01,2,Daegu,High,2023-05-01,2023Q2,1,7,7.71,386.02
H038,2023-12-01,3,Daegu,Low,2022-10-01,2022Q4,1,14,7.71,423.96
H039,2023-12-01,4,Seoul,Middle,,,0,,7.71,370.17
H040,2023-12-01,4,Gyeonggi,Low,,,0,,7.71,358.83
H041,2023-12-01,4,Seoul,Middle,2024-04-01,2024Q2,0,-4,7.71,314.86
H042,2023-12-01,3,Seoul,Middle,2024-10-01,2024Q4,0,-10,7.71,320.41
H043,2023-12-01,3,Busan,Low,2024-11-01,2024Q4,0,-11,7.71,295.54
H044,2023-12-01,2,Busan,High,,,0,,7.71,298.95
H045,2023-12-01,1,Seoul,Low,,,0,,7.71,252.8
H046,2023-12-01,4,Gyeonggi,Middle,2024-12-01,2024Q4,0,-12,7.71,351.13
H047,2023-12-01,2,Seoul,Middle,2022-05-01,2022Q2,1,19,7.71,308.94
H048,2023-12-01,1,Seoul,Middle,2023-10-01,2023Q4,1,2,7.71,318.69
H049,2023-12-01,2,Busan,Low,,,0,,7.71,251.92
H050,2023-12-01,4,Seoul,Low,,,0,,7.71,295.4
H051,2023-12-01,2,Seoul,Middle,2023-09-01,2023Q3,1,3,7.71,442.36
H052,2023-12-01,4,Seoul,Low,,,0,,7.71,409.03
H053,2023-12-01,3,Gyeonggi,Middle,2022-01-01,2022Q1,1,23,7.71,382.7
H054,2023-12-01,2,Seoul,High,2022-11-01,2022Q4,1,13,7.71,327.39
H055,2023-12-01,1,Daegu,High,2022-03-01,2022Q1,1,21,7.71,336.16
H056,2023-12-01,4,Seoul,Low,,,0,,7.71,292.98
H057,2023-12-01,4,Daegu,High,2024-02-01,2024Q1,0,-2,7.71,455.08
H058,2023-12-01,2,Seoul,High,2023-06-01,2023Q2,1,6,7.71,334.96
H059,2023-12-01,2,Gyeonggi,Low,2022-05-01,2022Q2,1,19,7.71,359.3
H060,2023-12-01,2,Daegu,Middle,,,0,,7.71,303.65
H061,2023-12-01,2,Seoul,Low,,,0,,7.71,285.07
H062,2023-12-01,2,Seoul,Middle,2023-07-01,2023Q3,1,5,7.71,398.12
H063,2023-12-01,3,Seoul,Middle,,,0,,7.71,328.86
H064,2023-12-01,1,Gyeonggi,Middle,2024-06-01,2024Q2,0,-6,7.71,259.88
H065,2023-12-01,3,Seoul,Middle,2023-12-01,2023Q4,1,0,7.71,408.68
H066,2023-12-01,2,Gyeonggi,Low,,,0,,7.71,326.84
H067,2023-12-01,2,Gyeonggi,Middle,2023-04-01,2023Q2,1,8,7.71,339.6
H068,2023-12-01,3,Busan,Middle,,,0,,7.71,334.52
H069,2023-12-01,2,Daegu,High,,,0,,7.71,328.06
H070,2023-12-01,2,Busan,Low,,,0,,7.71,266.14
H071,2023-12-01,2,Busan,Low,2023-10-01,2023Q4,1,2,7.71,322.2
H072,2023-12-01,4,Seoul,Middle,,,0,,7.71,330.12
H073,2023-12-01,3,Daegu,Middle,2022-07-01,2022Q3,1,17,7.71,413.35
H074,2023-12-01,2,Daegu,Low,2022-08-01,2022Q3,1,16,7.71,404.74
H075,2023-12-01,1,Daegu,Middle,,,0,,7.71,325.16
H076,2023-12-01,4,Daegu,High,,,0,,7.71,367.19
H077,2023-12-01,4,Daegu,Middle,2024-08-01,2024Q3,0,-8,7.71,381.24
H078,2023-12-01,3,Busan,Middle,,,0,,7.71,301.74
H079,2023-12-01,2,Busan,Middle,2024-03-01,2024Q1,0,-3,7.71,300.08
H080,2023-12-01,4,Seoul,Middle,2023-07-01,2023Q3,1,5,7.71,342.06
H081,2023-12-01,1,Daegu,Middle,2024-07-01,2024Q3,0,-7,7.71,250.44
H082,2023-12-01,3,Busan,Low,2023-09-01,2023Q3,1,3,7.71,337.86
H083,2023-12-01,4,Gyeonggi,Middle,2024-11-01,2024Q4,0,-11,7.71,316.99
H084,2023-12-01,4,Gyeonggi,High,,,0,,7.71,382.83
H085,2023-12-01,5,Seoul,High,2023-03-01,2023Q1,1,9,7.71,471.55
H086,2023-12-01,4,Gyeonggi,Low,2022-08-01,2022Q3,1,16,7.71,418.22
H087,2023-12-01,2,Daegu,Low,,,0,,7.71,293.97
H088,2023-12-01,3,Seoul,High,2024-02-01,2024Q1,0,-2,7.71,374.03
H089,2023-12-01,4,Seoul,High,2022-04-01,2022Q2,1,20,7.71,463.61
H090,2023-12-01,1,Seoul,Middle,2024-05-01,2024Q2,0,-5,7.71,287.5
H091,2023-12-01,4,Gyeonggi,Middle,,,0,,7.71,385.32
H092,2023-12-01,2,Busan,Low,2023-10-01,2023Q4,1,2,7.71,344.26
H093,2023-12-01,3,Daegu,Middle,,,0,,7.71,307.88
H094,2023-12-01,3,Seoul,Middle,2024-10-01,2024Q4,0,-10,7.71,292.68
H095,2023-12-01,4,Seoul,Middle,,,0,,7.71,325.01
H096,2023-12-01,2,Daegu,High,2023-11-01,2023Q4,1,1,7.71,358.53
H097,2023-12-01,4,Daegu,Middle,,,0,,7.71,328.17
H098,2023-12-01,2,Daegu,Middle,,,0,,7.71,307.22
H099,2023-12-01,3,Busan,High,,,0,,7.71,324.38
H100,2023-12-01,2,Daegu,Middle,,,0,,7.71,301.27
H101,2023-12-01,2,Daegu,High,,,0,,7.71,289.69
H102,2023-12-01,2,Busan,Middle,,,0,,7.71,250.99
H103,2023-12-01,2,Gyeonggi,Middle,,,0,,7.71,269.54
H104,2023-12-01,3,Daegu,Middle,2023-04-01,2023Q2,1,8,7.71,373.59
H105,2023-12-01,3,Gyeonggi,Middle,,,0,,7.71,269.2
H106,2023-12-01,3,Busan,Middle,,,0,,7.71,304.09
H107,2023-12-01,2,Gyeonggi,Low,,,0,,7.71,313.5
H108,2023-12-01,4,Gyeonggi,Low,,,0,,7.71,334.1
H109,2023-12-01,2,Busan,High,2023-01-01,2023Q1,1,11,7.71,380.83
H110,2023-12-01,4,Gyeonggi,Low,,,0,,7.71,362.53
H111,2023-12-01,3,Gyeonggi,Middle,2023-08-01,2023Q3,1,4,7.71,369.47
H112,2023-12-01,3,Busan,Low,2023-02-01,2023Q1,1,10,7.71,401.51
H113,2023-12-01,4,Daegu,Middle,2024-05-01,2024Q2,0,-5,7.71,327.05
H114,2023-12-01,1,Gyeonggi,Low,,,0,,7.71,225.39
H115,2023-12-01,3,Gyeonggi,High,2024-07-01,2024Q3,0,-7,7.71,303.97
H116,2023-12-01,2,Seoul,Middle,,,0,,7.71,305.61
H117,2023-12-01,5,Gyeonggi,Middle,2024-02-01,2024Q1,0,-2,7.71,363.58
H118,2023-12-01,2,Daegu,Middle,,,0,,7.71,295.74
H119,2023-12-01,2,Gyeonggi,Low,2022-05-01,2022Q2,1,19,7.71,352.93
H120,2023-12-01,4,Gyeonggi,Middle,,,0,,7.71,355.53
H001,2024-01-01,3,Seoul,Middle,2024-09-01,2024Q3,0,-8,3.6,308.08
H002,2024-01-01,1,Daegu,Low,2022-09-01,2022Q3,1,16,3.6,376.77
H003,2024-01-01,3,Gyeonggi,Middle,,,0,,3.6,314.6
H004,2024-01-01,2,Seoul,High,2023-06-01,2023Q2,1,7,3.6,441.73
H005,2024-01-01,2,Gyeonggi,High,2023-10-01,2023Q4,1,3,3.6,400.67
H006,2024-01-01,2,Seoul,Middle,,,0,,3.6,270.19
H007,2024-01-01,5,Daegu,Low,,,0,,3.6,323.97
H008,2024-01-01,2,Gyeonggi,Middle,2022-05-01,2022Q2,1,20,3.6,397.92
H009,2024-01-01,5,Gyeonggi,High,,,0,,3.6,371.27
H010,2024-01-01,2,Busan,Low,2024-11-01,2024Q4,0,-10,3.6,252.08
H011,2024-01-01,1,Gyeonggi,Middle,2024-12-01,2024Q4,0,-11,3.6,242.97
H012,2024-01-01,3,Busan,High,,,0,,3.6,356.06
H013,2024-01-01,2,Seoul,High,,,0,,3.6,268.07
H014,2024-01-01,3,Busan,Low,,,0,,3.6,305.54
H015,2024-01-01,4,Daegu,Low,,,0,,3.6,366.04
H016,2024-01-01,4,Daegu,High,2022-03-01,2022Q1,1,22,3.6,461.45
H017,2024-01-01,3,Seoul,High,2024-07-01,2024Q3,0,-6,3.6,362.84
H018,2024-01-01,3,Daegu,Middle,,,0,,3.6,311.53
H019,2024-01-01,3,Seoul,Middle,,,0,,3.6,382.83
H020,2024-01-01,4,Busan,Low,,,0,,3.6,377.3
H021,2024-01-01,3,Busan,High,2024-05-01,2024Q2,0,-4,3.6,328.06
H022,2024-01-01,4,Gyeonggi,Low,,,0,,3.6,313.3
H023,2024-01-01,3,Seoul,Middle,2023-04-01,2023Q2,1,9,3.6,409.89
H024,2024-01-01,1,Seoul,Low,,,0,,3.6,266.03
H025,2024-01-01,1,Gyeonggi,Low,2024-07-01,2024Q3,0,-6,3.6,191.11
H026,2024-01-01,5,Gyeonggi,Middle,2024-11-01,2024Q4,0,-10,3.6,407.74
H027,2024-01-01,2,Daegu,Low,,,0,,3.6,270.9
H028,2024-01-01,2,Gyeonggi,Low,,,0,,3.6,334.15
H029,2024-01-01,1,Seoul,High,2024-08-01,2024Q3,0,-7,3.6,293.86
H030,2024-01-01,2,Gyeonggi,Middle,,,0,,3.6,275.1
H031,2024-01-01,3,Gyeonggi,High,2023-06-01,2023Q2,1,7,3.6,432.15
H032,2024-01-01,3,Daegu,High,2024-11-01,2024Q4,0,-10,3.6,358.4
H033,2024-01-01,1,Daegu,Middle,2024-08-01,2024Q3,0,-7,3.6,248.52
H034,2024-01-01,1,Gyeonggi,Low,2022-08-01,2022Q3,1,17,3.6,300.52
H035,2024-01-01,4,Seoul,Low,,,0,,3.6,375.9
H036,2024-01-01,5,Gyeonggi,Low,,,0,,3.6,401.24
H037,2024-01-01,2,Daegu,High,2023-05-01,2023Q2,1,8,3.6,433.65
H038,2024-01-01,3,Daegu,Low,2022-10-01,2022Q4,1,15,3.6,427.63
H039,2024-01-01,4,Seoul,Middle,,,0,,3.6,326.6
H040,2024-01-01,4,Gyeonggi,Low,,,0,,3.6,347.75
H041,2024-01-01,4,Seoul,Middle,2024-04-01,2024Q2,0,-3,3.6,331.43
H042,2024-01-01,3,Seoul,Middle,2024-10-01,2024Q4,0,-9,3.6,303.6
H043,2024-01-01,3,Busan,Low,2024-11-01,2024Q4,0,-10,3.6,273.5
H044,2024-01-01,2,Busan,High,,,0,,3.6,280.72
H045,2024-01-01,1,Seoul,Low,,,0,,3.6,231.74
H046,2024-01-01,4,Gyeonggi,Middle,2024-12-01,2024Q4,0,-11,3.6,425.69
H047,2024-01-01,2,Seoul,Middle,2022-05-01,2022Q2,1,20,3.6,340.03
H048,2024-01-01,1,Seoul,Middle,2023-10-01,2023Q4,1,3,3.6,313.73
H049,2024-01-01,2,Busan,Low,,,0,,3.6,234.0
H050,2024-01-01,4,Seoul,Low,,,0,,3.6,350.32
H051,2024-01-01,2,Seoul,Middle,2023-09-01,2023Q3,1,4,3.6,428.84
H052,2024-01-01,4,Seoul,Low,,,0,,3.6,413.1
H053,2024-01-01,3,Gyeonggi,Middle,2022-01-01,2022Q1,1,24,3.6,440.66
H054,2024-01-01,2,Seoul,High,2022-11-01,2022Q4,1,14,3.6,368.29
H055,2024-01-01,1,Daegu,High,2022-03-01,2022Q1,1,22,3.6,355.97
H056,2024-01-01,4,Seoul,Low,,,0,,3.6,271.68
H057,2024-01-01,4,Daegu,High,2024-02-01,2024Q1,0,-1,3.6,381.85
H058,2024-01-01,2,Seoul,High,2023-06-01,2023Q2,1,7,3.6,382.28
H059,2024-01-01,2,Gyeonggi,Low,2022-05-01,2022Q2,1,20,3.6,354.48
H060,2024-01-01,2,Daegu,Middle,,,0,,3.6,279.29
H061,2024-01-01,2,Seoul,Low,,,0,,3.6,315.83
H062,2024-01-01,2,Seoul,Middle,2023-07-01,2023Q3,1,6,3.6,362.95
H063,2024-01-01,3,Seoul,Middle,,,0,,3.6,330.73
H064,2024-01-01,1,Gyeonggi,Middle,2024-06-01,2024Q2,0,-5,3.6,271.48
H065,2024-01-01,3,Seoul,Middle,2023-12-01,2023Q4,1,1,3.6,399.21
H066,2024-01-01,2,Gyeonggi,Low,,,0,,3.6,304.56
H067,2024-01-01,2,Gyeonggi,Middle,2023-04-01,2023Q2,1,9,3.6,379.94
H068,2024-01-01,3,Busan,Middle,,,0,,3.6,318.86
H069,2024-01-01,2,Daegu,High,,,0,,3.6,323.84
H070,2024-01-01,2,Busan,Low,,,0,,3.6,272.24
H071,2024-01-01,2,Busan,Low,2023-10-01,2023Q4,1,3,3.6,375.3
H072,2024-01-01,4,Seoul,Middle,,,0,,3.6,349.31
H073,2024-01-01,3,Daegu,Middle,2022-07-01,2022Q3,1,18,3.6,424.87
H074,2024-01-01,2,Daegu,Low,2022-08-01,2022Q3,1,17,3.6,400.18
H075,2024-01-01,1,Daegu,Middle,,,0,,3.6,273.92
H076,2024-01-01,4,Daegu,High,,,0,,3.6,363.25
H077,2024-01-01,4,Daegu,Middle,2024-08-01,2024Q3,0,-7,3.6,356.89
H078,2024-01-01,3,Busan,Middle,,,0,,3.6,254.56
H079,2024-01-01,2,Busan,Middle,2024-03-01,2024Q1,0,-2,3.6,259.32
H080,2024-01-01,4,Seoul,Middle,2023-07-01,2023Q3,1,6,3.6,417.52
H081,2024-01-01,1,Daegu,Middle,2024-07-01,2024Q3,0,-6,3.6,274.19
H082,2024-01-01,3,Busan,Low,2023-09-01,2023Q3,1,4,3.6,293.85
H083,2024-01-01,4,Gyeonggi,Middle,2024-11-01,2024Q4,0,-10,3.6,356.14
H084,2024-01-01,4,Gyeonggi,High,,,0,,3.6,402.58
H085,2024-01-01,5,Seoul,High,2023-03-01,2023Q1,1,10,3.6,462.94
H086,2024-01-01,4,Gyeonggi,Low,2022-08-01,2022Q3,1,17,3.6,404.4
H087,2024-01-01,2,Daegu,Low,,,0,,3.6,309.87
H088,2024-01-01,3,Seoul,High,2024-02-01,2024Q1,0,-1,3.6,306.77
H089,2024-01-01,4,Seoul,High,2022-04-01,2022Q2,1,21,3.6,456.27
H090,2024-01-01,1,Seoul,Middle,2024-05-01,2024Q2,0,-4,3.6,280.81
H091,2024-01-01,4,Gyeonggi,Middle,,,0,,3.6,355.43
H092,2024-01-01,2,Busan,Low,2023-10-01,2023Q4,1,3,3.6,328.92
H093,2024-01-01,3,Daegu,Middle,,,0,,3.6,303.43
H094,2024-01-01,3,Seoul,Middle,2024-10-01,2024Q4,0,-9,3.6,329.25
H095,2024-01-01,4,Seoul,Middle,,,0,,3.6,296.58
H096,2024-01-01,2,Daegu,High,2023-11-01,2023Q4,1,2,3.6,379.67
H097,2024-01-01,4,Daegu,Middle,,,0,,3.6,288.26
H098,2024-01-01,2,Daegu,Middle,,,0,,3.6,345.06
H099,2024-01-01,3,Busan,High,,,0,,3.6,329.12
H100,2024-01-01,2,Daegu,Middle,,,0,,3.6,270.55
H101,2024-01-01,2,Daegu,High,,,0,,3.6,318.24
H102,2024-01-01,2,Busan,Middle,,,0,,3.6,319.76
H103,2024-01-01,2,Gyeonggi,Middle,,,0,,3.6,210.48
H104,2024-01-01,3,Daegu,Middle,2023-04-01,2023Q2,1,9,3.6,383.22
H105,2024-01-01,3,Gyeonggi,Middle,,,0,,3.6,308.73
H106,2024-01-01,3,Busan,Middle,,,0,,3.6,285.87
H107,2024-01-01,2,Gyeonggi,Low,,,0,,3.6,256.5
H108,2024-01-01,4,Gyeonggi,Low,,,0,,3.6,336.57
H109,2024-01-01,2,Busan,High,2023-01-01,2023Q1,1,12,3.6,408.51
H110,2024-01-01,4,Gyeonggi,Low,,,0,,3.6,335.01
H111,2024-01-01,3,Gyeonggi,Middle,2023-08-01,2023Q3,1,5,3.6,452.92
H112,2024-01-01,3,Busan,Low,2023-02-01,2023Q1,1,11,3.6,344.33
H113,2024-01-01,4,Daegu,Middle,2024-05-01,2024Q2,0,-4,3.6,282.0
H114,2024-01-01,1,Gyeonggi,Low,,,0,,3.6,214.62
H115,2024-01-01,3,Gyeonggi,High,2024-07-01,2024Q3,0,-6,3.6,331.4
H116,2024-01-01,2,Seoul,Middle,,,0,,3.6,305.55
H117,2024-01-01,5,Gyeonggi,Middle,2024-02-01,2024Q1,0,-1,3.6,343.91
H118,2024-01-01,2,Daegu,Middle,,,0,,3.6,319.71
H119,2024-01-01,2,Gyeonggi,Low,2022-05-01,2022Q2,1,20,3.6,352.94
H120,2024-01-01,4,Gyeonggi,Middle,,,0,,3.6,422.64
H001,2024-02-01,3,Seoul,Middle,2024-09-01,2024Q3,0,-7,1.3,295.95
H002,2024-02-01,1,Daegu,Low,2022-09-01,2022Q3,1,17,1.3,368.36
H003,2024-02-01,3,Gyeonggi,Middle,,,0,,1.3,327.12
H004,2024-02-01,2,Seoul,High,2023-06-01,2023Q2,1,8,1.3,401.22
H005,2024-02-01,2,Gyeonggi,High,2023-10-01,2023Q4,1,4,1.3,368.3
H006,2024-02-01,2,Seoul,Middle,,,0,,1.3,284.11
H007,2024-02-01,5,Daegu,Low,,,0,,1.3,381.48
H008,2024-02-01,2,Gyeonggi,Middle,2022-05-01,2022Q2,1,21,1.3,435.36
H009,2024-02-01,5,Gyeonggi,High,,,0,,1.3,376.98
H010,2024-02-01,2,Busan,Low,2024-11-01,2024Q4,0,-9,1.3,260.59
H011,2024-02-01,1,Gyeonggi,Middle,2024-12-01,2024Q4,0,-10,1.3,234.12
H012,2024-02-01,3,Busan,High,,,0,,1.3,310.6
H013,2024-02-01,2,Seoul,High,,,0,,1.3,271.05
H014,2024-02-01,3,Busan,Low,,,0,,1.3,292.23
H015,2024-02-01,4,Daegu,Low,,,0,,1.3,321.1
H016,2024-02-01,4,Daegu,High,2022-03-01,2022Q1,1,23,1.3,492.12
H017,2024-02-01,3,Seoul,High,2024-07-01,2024Q3,0,-5,1.3,275.71
H018,2024-02-01,3,Daegu,Middle,,,0,,1.3,279.51
H019,2024-02-01,3,Seoul,Middle,,,0,,1.3,329.52
H020,2024-02-01,4,Busan,Low,,,0,,1.3,365.21
H021,2024-02-01,3,Busan,High,2024-05-01,2024Q2,0,-3,1.3,334.96
H022,2024-02-01,4,Gyeonggi,Low,,,0,,1.3,276.8
H023,2024-02-01,3,Seoul,Middle,2023-04-01,2023Q2,1,10,1.3,395.25
H024,2024-02-01,1,Seoul,Low,,,0,,1.3,221.15
H025,2024-02-01,1,Gyeonggi,Low,2024-07-01,2024Q3,0,-5,1.3,227.99
H026,2024-02-01,5,Gyeonggi,Middle,2024-11-01,2024Q4,0,-9,1.3,345.48
H027,2024-02-01,2,Daegu,Low,,,0,,1.3,276.69
H028,2024-02-01,2,Gyeonggi,Low,,,0,,1.3,331.43
H029,2024-02-01,1,Seoul,High,2024-08-01,2024Q3,0,-6,1.3,327.78
H030,2024-02-01,2,Gyeonggi,Middle,,,0,,1.3,306.02
H031,2024-02-01,3,Gyeonggi,High,2023-06-01,2023Q2,1,8,1.3,398.35
H032,2024-02-01,3,Daegu,High,2024-11-01,2024Q4,0,-9,1.3,300.62
H033,2024-02-01,1,Daegu,Middle,2024-08-01,2024Q3,0,-6,1.3,233.36
H034,2024-02-01,1,Gyeonggi,Low,2022-08-01,2022Q3,1,18,1.3,316.15
H035,2024-02-01,4,Seoul,Low,,,0,,1.3,329.34
H036,2024-02-01,5,Gyeonggi,Low,,,0,,1.3,345.13
H037,2024-02-01,2,Daegu,High,2023-05-01,2023Q2,1,9,1.3,413.32
H038,2024-02-01,3,Daegu,Low,2022-10-01,2022Q4,1,16,1.3,445.72
H039,2024-02-01,4,Seoul,Middle,,,0,,1.3,377.17
H040,2024-02-01,4,Gyeonggi,Low,,,0,,1.3,347.57
H041,2024-02-01,4,Seoul,Middle,2024-04-01,2024Q2,0,-2,1.3,348.31
H042,2024-02-01,3,Seoul,Middle,2024-10-01,2024Q4,0,-8,1.3,259.15
H043,2024-02-01,3,Busan,Low,2024-11-01,2024Q4,0,-9,1.3,268.73
H044,2024-02-01,2,Busan,High,,,0,,1.3,295.89
H045,2024-02-01,1,Seoul,Low,,,0,,1.3,243.82
H046,2024-02-01,4,Gyeonggi,Middle,2024-12-01,2024Q4,0,-10,1.3,350.43
H047,2024-02-01,2,Seoul,Middle,2022-05-01,2022Q2,1,21,1.3,348.34
H048,2024-02-01,1,Seoul,Middle,2023-10-01,2023Q4,1,4,1.3,271.34
H049,2024-02-01,2,Busan,Low,,,0,,1.3,281.01
H050,2024-02-01,4,Seoul,Low,,,0,,1.3,297.09
H051,2024-02-01,2,Seoul,Middle,2023-09-01,2023Q3,1,5,1.3,419.31
H052,2024-02-01,4,Seoul,Low,,,0,,1.3,374.48
H053,2024-02-01,3,Gyeonggi,Middle,2022-01-01,2022Q1,1,25,1.3,439.07
H054,2024-02-01,2,Seoul,High,2022-11-01,2022Q4,1,15,1.3,392.6
H055,2024-02-01,1,Daegu,High,2022-03-01,2022Q1,1,23,1.3,338.4
H056,2024-02-01,4,Seoul,Low,,,0,,1.3,299.37
H057,2024-02-01,4,Daegu,High,2024-02-01,2024Q1,1,0,1.3,464.97
H058,2024-02-01,2,Seoul,High,2023-06-01,2023Q2,1,8,1.3,390.99
H059,2024-02-01,2,Gyeonggi,Low,2022-05-01,2022Q2,1,21,1.3,344.29
H060,2024-02-01,2,Daegu,Middle,,,0,,1.3,290.22
H061,2024-02-01,2,Seoul,Low,,,0,,1.3,304.5
H062,2024-02-01,2,Seoul,Middle,2023-07-01,2023Q3,1,7,1.3,354.19
H063,2024-02-01,3,Seoul,Middle,,,0,,1.3,320.52
H064,2024-02-01,1,Gyeonggi,Middle,2024-06-01,2024Q2,0,-4,1.3,241.71
H065,2024-02-01,3,Seoul,Middle,2023-12-01,2023Q4,1,2,1.3,402.88
H066,2024-02-01,2,Gyeonggi,Low,,,0,,1.3,292.03
H067,2024-02-01,2,Gyeonggi,Middle,2023-04-01,2023Q2,1,10,1.3,369.32
H068,2024-02-01,3,Busan,Middle,,,0,,1.3,330.4
H069,2024-02-01,2,Daegu,High,,,0,,1.3,357.55
H070,2024-02-01,2,Busan,Low,,,0,,1.3,253.4
H071,2024-02-01,2,Busan,Low,2023-10-01,2023Q4,1,4,1.3,358.72
H072,2024-02-01,4,Seoul,Middle,,,0,,1.3,358.49
H073,2024-02-01,3,Daegu,Middle,2022-07-01,2022Q3,1,19,1.3,381.44
H074,2024-02-01,2,Daegu,Low,2022-08-01,2022Q3,1,18,1.3,417.15
H075,2024-02-01,1,Daegu,Middle,,,0,,1.3,317.31
H076,2024-02-01,4,Daegu,High,,,0,,1.3,364.46
H077,2024-02-01,4,Daegu,Middle,2024-08-01,2024Q3,0,-6,1.3,346.66
H078,2024-02-01,3,Busan,Middle,,,0,,1.3,239.9
H079,2024-02-01,2,Busan,Middle,2024-03-01,2024Q1,0,-1,1.3,293.77
H080,2024-02-01,4,Seoul,Middle,2023-07-01,2023Q3,1,7,1.3,383.54
H081,2024-02-01,1,Daegu,Middle,2024-07-01,2024Q3,0,-5,1.3,262.51
H082,2024-02-01,3,Busan,Low,2023-09-01,2023Q3,1,5,1.3,357.39
H083,2024-02-01,4,Gyeonggi,Middle,2024-11-01,2024Q4,0,-9,1.3,322.27
H084,2024-02-01,4,Gyeonggi,High,,,0,,1.3,398.51
H085,2024-02-01,5,Seoul,High,2023-03-01,2023Q1,1,11,1.3,431.53
H086,2024-02-01,4,Gyeonggi,Low,2022-08-01,2022Q3,1,18,1.3,422.94
H087,2024-02-01,2,Daegu,Low,,,0,,1.3,258.44
H088,2024-02-01,3,Seoul,High,2024-02-01,2024Q1,1,0,1.3,384.61
H089,2024-02-01,4,Seoul,High,2022-04-01,2022Q2,1,22,1.3,448.49
H090,2024-02-01,1,Seoul,Middle,2024-05-01,2024Q2,0,-3,1.3,253.32
H091,2024-02-01,4,Gyeonggi,Middle,,,0,,1.3,335.74
H092,2024-02-01,2,Busan,Low,2023-10-01,2023Q4,1,4,1.3,371.52
H093,2024-02-01,3,Daegu,Middle,,,0,,1.3,313.99
H094,2024-02-01,3,Seoul,Middle,2024-10-01,2024Q4,0,-8,1.3,291.18
H095,2024-02-01,4,Seoul,Middle,,,0,,1.3,356.13
H096,2024-02-01,2,Daegu,High,2023-11-01,2023Q4,1,3,1.3,384.19
H097,2024-02-01,4,Daegu,Middle,,,0,,1.3,309.71
H098,2024-02-01,2,Daegu,Middle,,,0,,1.3,301.48
H099,2024-02-01,3,Busan,High,,,0,,1.3,363.18
H100,2024-02-01,2,Daegu,Middle,,,0,,1.3,276.04
H101,2024-02-01,2,Daegu,High,,,0,,1.3,279.13
H102,2024-02-01,2,Busan,Middle,,,0,,1.3,290.42
H103,2024-02-01,2,Gyeonggi,Middle,,,0,,1.3,259.55
H104,2024-02-01,3,Daegu,Middle,2023-04-01,2023Q2,1,10,1.3,399.49
H105,2024-02-01,3,Gyeonggi,Middle,,,0,,1.3,277.15
H106,2024-02-01,3,Busan,Middle,,,0,,1.3,270.84
H107,2024-02-01,2,Gyeonggi,Low,,,0,,1.3,239.64
H108,2024-02-01,4,Gyeonggi,Low,,,0,,1.3,354.39
H109,2024-02-01,2,Busan,High,2023-01-01,2023Q1,1,13,1.3,373.97
H110,2024-02-01,4,Gyeonggi,Low,,,0,,1.3,301.02
H111,2024-02-01,3,Gyeonggi,Middle,2023-08-01,2023Q3,1,6,1.3,409.06
H112,2024-02-01,3,Busan,Low,2023-02-01,2023Q1,1,12,1.3,400.52
H113,2024-02-01,4,Daegu,Middle,2024-05-01,2024Q2,0,-3,1.3,281.94
H114,2024-02-01,1,Gyeonggi,Low,,,0,,1.3,224.43
H115,2024-02-01,3,Gyeonggi,High,2024-07-01,2024Q3,0,-5,1.3,287.84
H116,2024-02-01,2,Seoul,Middle,,,0,,1.3,328.44
H117,2024-02-01,5,Gyeonggi,Middle,2024-02-01,2024Q1,1,0,1.3,416.66
H118,2024-02-01,2,Daegu,Middle,,,0,,1.3,270.21
H119,2024-02-01,2,Gyeonggi,Low,2022-05-01,2022Q2,1,21,1.3,370.03
H120,2024-02-01,4,Gyeonggi,Middle,,,0,,1.3,370.65
H001,2024-03-01,3,Seoul,Middle,2024-09-01,2024Q3,0,-6,1.17,292.84
H002,2024-03-01,1,Daegu,Low,2022-09-01,2022Q3,1,18,1.17,306.18
H003,2024-03-01,3,Gyeonggi,Middle,,,0,,1.17,282.24
H004,2024-03-01,2,Seoul,High,2023-06-01,2023Q2,1,9,1.17,378.95
H005,2024-03-01,2,Gyeonggi,High,2023-10-01,2023Q4,1,5,1.17,356.95
H006,2024-03-01,2,Seoul,Middle,,,0,,1.17,269.73
H007,2024-03-01,5,Daegu,Low,,,0,,1.17,316.13
H008,2024-03-01,2,Gyeonggi,Middle,2022-05-01,2022Q2,1,22,1.17,353.44
H009,2024-03-01,5,Gyeonggi,High,,,0,,1.17,356.33
H010,2024-03-01,2,Busan,Low,2024-11-01,2024Q4,0,-8,1.17,286.66
H011,2024-03-01,1,Gyeonggi,Middle,2024-12-01,2024Q4,0,-9,1.17,270.82
H012,2024-03-01,3,Busan,High,,,0,,1.17,394.69
H013,2024-03-01,2,Seoul,High,,,0,,1.17,269.01
H014,2024-03-01,3,Busan,Low,,,0,,1.17,283.3
H015,2024-03-01,4,Daegu,Low,,,0,,1.17,304.57
H016,2024-03-01,4,Daegu,High,2022-03-01,2022Q1,1,24,1.17,500.53
H017,2024-03-01,3,Seoul,High,2024-07-01,2024Q3,0,-4,1.17,342.66
H018,2024-03-01,3,Daegu,Middle,,,0,,1.17,303.07
H019,2024-03-01,3,Seoul,Middle,,,0,,1.17,341.43
H020,2024-03-01,4,Busan,Low,,,0,,1.17,328.68
H021,2024-03-01,3,Busan,High,2024-05-01,2024Q2,0,-2,1.17,242.78
H022,2024-03-01,4,Gyeonggi,Low,,,0,,1.17,317.6
H023,2024-03-01,3,Seoul,Middle,2023-04-01,2023Q2,1,11,1.17,388.75
H024,2024-03-01,1,Seoul,Low,,,0,,1.17,233.67
H025,2024-03-01,1,Gyeonggi,Low,2024-07-01,2024Q3,0,-4,1.17,182.42
H026,2024-03-01,5,Gyeonggi,Middle,2024-11-01,2024Q4,0,-8,1.17,376.84
H027,2024-03-01,2,Daegu,Low,,,0,,1.17,262.05
H028,2024-03-01,2,Gyeonggi,Low,,,0,,1.17,282.26
H029,2024-03-01,1,Seoul,High,2024-08-01,2024Q3,0,-5,1.17,233.51
H030,2024-03-01,2,Gyeonggi,Middle,,,0,,1.17,234.28
H031,2024-03-01,3,Gyeonggi,High,2023-06-01,2023Q2,1,9,1.17,403.92
H032,2024-03-01,3,Daegu,High,2024-11-01,2024Q4,0,-8,1.17,291.79
H033,2024-03-01,1,Daegu,Middle,2024-08-01,2024Q3,0,-5,1.17,212.06
H034,2024-03-01,1,Gyeonggi,Low,2022-08-01,2022Q3,1,19,1.17,353.69
H035,2024-03-01,4,Seoul,Low,,,0,,1.17,342.03
H036,2024-03-01,5,Gyeonggi,Low,,,0,,1.17,339.96
H037,2024-03-01,2,Daegu,High,2023-05-01,2023Q2,1,10,1.17,375.7
H038,2024-03-01,3,Daegu,Low,2022-10-01,2022Q4,1,17,1.17,408.69
H039,2024-03-01,4,Seoul,Middle,,,0,,1.17,329.4
H040,2024-03-01,4,Gyeonggi,Low,,,0,,1.17,319.51
H041,2024-03-01,4,Seoul,Middle,2024-04-01,2024Q2,0,-1,1.17,282.83
H042,2024-03-01,3,Seoul,Middle,2024-10-01,2024Q4,0,-7,1.17,303.53
H043,2024-03-01,3,Busan,Low,2024-11-01,2024Q4,0,-8,1.17,280.52
H044,2024-03-01,2,Busan,High,,,0,,1.17,261.64
H045,2024-03-01,1,Seoul,Low,,,0,,1.17,237.51
H046,2024-03-01,4,Gyeonggi,Middle,2024-12-01,2024Q4,0,-9,1.17,384.11
H047,2024-03-01,2,Seoul,Middle,2022-05-01,2022Q2,1,22,1.17,306.47
H048,2024-03-01,1,Seoul,Middle,2023-10-01,2023Q4,1,5,1.17,286.06
H049,2024-03-01,2,Busan,Low,,,0,,1.17,220.37
H050,2024-03-01,4,Seoul,Low,,,0,,1.17,322.6
H051,2024-03-01,2,Seoul,Middle,2023-09-01,2023Q3,1,6,1.17,402.87
H052,2024-03-01,4,Seoul,Low,,,0,,1.17,367.26
H053,2024-03-01,3,Gyeonggi,Middle,2022-01-01,2022Q1,1,26,1.17,387.29
H054,2024-03-01,2,Seoul,High,2022-11-01,2022Q4,1,16,1.17,363.17
H055,2024-03-01,1,Daegu,High,2022-03-01,2022Q1,1,24,1.17,358.37
H056,2024-03-01,4,Seoul,Low,,,0,,1.17,263.09
H057,2024-03-01,4,Daegu,High,2024-02-01,2024Q1,1,1,1.17,432.62
H058,2024-03-01,2,Seoul,High,2023-06-01,2023Q2,1,9,1.17,351.11
H059,2024-03-01,2,Gyeonggi,Low,2022-05-01,2022Q2,1,22,1.17,347.82
H060,2024-03-01,2,Daegu,Middle,,,0,,1.17,231.47
H061,2024-03-01,2,Seoul,Low,,,0,,1.17,260.79
H062,2024-03-01,2,Seoul,Middle,2023-07-01,2023Q3,1,8,1.17,306.6
H063,2024-03-01,3,Seoul,Middle,,,0,,1.17,292.1
H064,2024-03-01,1,Gyeonggi,Middle,2024-06-01,2024Q2,0,-3,1.17,229.28
H065,2024-03-01,3,Seoul,Middle,2023-12-01,2023Q4,1,3,1.17,401.12
H066,2024-03-01,2,Gyeonggi,Low,,,0,,1.17,232.88
H067,2024-03-01,2,Gyeonggi,Middle,2023-04-01,2023Q2,1,11,1.17,353.76
H068,2024-03-01,3,Busan,Middle,,,0,,1.17,324.26
H069,2024-03-01,2,Daegu,High,,,0,,1.17,297.72
H070,2024-03-01,2,Busan,Low,,,0,,1.17,248.34
H071,2024-03-01,2,Busan,Low,2023-10-01,2023Q4,1,5,1.17,334.55
H072,2024-03-01,4,Seoul,Middle,,,0,,1.17,338.07
H073,2024-03-01,3,Daegu,Middle,2022-07-01,2022Q3,1,20,1.17,377.73
H074,2024-03-01,2,Daegu,Low,2022-08-01,2022Q3,1,19,1.17,299.99
H075,2024-03-01,1,Daegu,Middle,,,0,,1.17,265.17
H076,2024-03-01,4,Daegu,High,,,0,,1.17,335.73
H077,2024-03-01,4,Daegu,Middle,2024-08-01,2024Q3,0,-5,1.17,300.64
H078,2024-03-01,3,Busan,Middle,,,0,,1.17,209.8
H079,2024-03-01,2,Busan,Middle,2024-03-01,2024Q1,1,0,1.17,328.64
H080,2024-03-01,4,Seoul,Middle,2023-07-01,2023Q3,1,8,1.17,412.84
H081,2024-03-01,1,Daegu,Middle,2024-07-01,2024Q3,0,-4,1.17,278.22
H082,2024-03-01,3,Busan,Low,2023-09-01,2023Q3,1,6,1.17,283.81
H083,2024-03-01,4,Gyeonggi,Middle,2024-11-01,2024Q4,0,-8,1.17,348.53
H084,2024-03-01,4,Gyeonggi,High,,,0,,1.17,367.23
H085,2024-03-01,5,Seoul,High,2023-03-01,2023Q1,1,12,1.17,420.02
H086,2024-03-01,4,Gyeonggi,Low,2022-08-01,2022Q3,1,19,1.17,400.39
H087,2024-03-01,2,Daegu,Low,,,0,,1.17,294.7
H088,2024-03-01,3,Seoul,High,2024-02-01,2024Q1,1,1,1.17,364.86
H089,2024-03-01,4,Seoul,High,2022-04-01,2022Q2,1,23,1.17,482.75
H090,2024-03-01,1,Seoul,Middle,2024-05-01,2024Q2,0,-2,1.17,232.6
H091,2024-03-01,4,Gyeonggi,Middle,,,0,,1.17,328.24
H092,2024-03-01,2,Busan,Low,2023-10-01,2023Q4,1,5,1.17,290.98
H093,2024-03-01,3,Daegu,Middle,,,0,,1.17,313.54
H094,2024-03-01,3,Seoul,Middle,2024-10-01,2024Q4,0,-7,1.17,270.91
H095,2024-03-01,4,Seoul,Middle,,,0,,1.17,303.79
H096,2024-03-01,2,Daegu,High,2023-11-01,2023Q4,1,4,1.17,370.27
H097,2024-03-01,4,Daegu,Middle,,,0,,1.17,282.13
H098,2024-03-01,2,Daegu,Middle,,,0,,1.17,299.34
H099,2024-03-01,3,Busan,High,,,0,,1.17,294.7
H100,2024-03-01,2,Daegu,Middle,,,0,,1.17,226.9
H101,2024-03-01,2,Daegu,High,,,0,,1.17,230.79
H102,2024-03-01,2,Busan,Middle,,,0,,1.17,266.69
H103,2024-03-01,2,Gyeonggi,Middle,,,0,,1.17,224.41
H104,2024-03-01,3,Daegu,Middle,2023-04-01,2023Q2,1,11,1.17,412.79
H105,2024-03-01,3,Gyeonggi,Middle,,,0,,1.17,257.11
H106,2024-03-01,3,Busan,Middle,,,0,,1.17,296.06
H107,2024-03-01,2,Gyeonggi,Low,,,0,,1.17,254.7
H108,2024-03-01,4,Gyeonggi,Low,,,0,,1.17,365.4
H109,2024-03-01,2,Busan,High,2023-01-01,2023Q1,1,14,1.17,351.9
H110,2024-03-01,4,Gyeonggi,Low,,,0,,1.17,288.08
H111,2024-03-01,3,Gyeonggi,Middle,2023-08-01,2023Q3,1,7,1.17,396.08
H112,2024-03-01,3,Busan,Low,2023-02-01,2023Q1,1,13,1.17,384.41
H113,2024-03-01,4,Daegu,Middle,2024-05-01,2024Q2,0,-2,1.17,308.31
H114,2024-03-01,1,Gyeonggi,Low,,,0,,1.17,182.09
H115,2024-03-01,3,Gyeonggi,High,2024-07-01,2024Q3,0,-4,1.17,304.69
H116,2024-03-01,2,Seoul,Middle,,,0,,1.17,297.35
H117,2024-03-01,5,Gyeonggi,Middle,2024-02-01,2024Q1,1,1,1.17,385.51
H118,2024-03-01,2,Daegu,Middle,,,0,,1.17,257.32
H119,2024-03-01,2,Gyeonggi,Low,2022-05-01,2022Q2,1,22,1.17,332.86
H120,2024-03-01,4,Gyeonggi,Middle,,,0,,1.17,347.21
H001,2024-04-01,3,Seoul,Middle,2024-09-01,2024Q3,0,-5,8.83,297.26
H002,2024-04-01,1,Daegu,Low,2022-09-01,2022Q3,1,19,8.83,346.79
H003,2024-04-01,3,Gyeonggi,Middle,,,0,,8.83,258.96
H004,2024-04-01,2,Seoul,High,2023-06-01,2023Q2,1,10,8.83,301.03
H005,2024-04-01,2,Gyeonggi,High,2023-10-01,2023Q4,1,6,8.83,365.02
H006,2024-04-01,2,Seoul,Middle,,,0,,8.83,265.11
H007,2024-04-01,5,Daegu,Low,,,0,,8.83,339.41
H008,2024-04-01,2,Gyeonggi,Middle,2022-05-01,2022Q2,1,23,8.83,397.07
H009,2024-04-01,5,Gyeonggi,High,,,0,,8.83,347.09
H010,2024-04-01,2,Busan,Low,2024-11-01,2024Q4,0,-7,8.83,272.76
H011,2024-04-01,1,Gyeonggi,Middle,2024-12-01,2024Q4,0,-8,8.83,233.63
H012,2024-04-01,3,Busan,High,,,0,,8.83,322.41
H013,2024-04-01,2,Seoul,High,,,0,,8.83,314.85
H014,2024-04-01,3,Busan,Low,,,0,,8.83,300.68
H015,2024-04-01,4,Daegu,Low,,,0,,8.83,296.99
H016,2024-04-01,4,Daegu,High,2022-03-01,2022Q1,1,25,8.83,409.39
H017,2024-04-01,3,Seoul,High,2024-07-01,2024Q3,0,-3,8.83,342.71
H018,2024-04-01,3,Daegu,Middle,,,0,,8.83,260.81
H019,2024-04-01,3,Seoul,Middle,,,0,,8.83,315.23
H020,2024-04-01,4,Busan,Low,,,0,,8.83,311.43
H021,2024-04-01,3,Busan,High,2024-05-01,2024Q2,0,-1,8.83,302.81
H022,2024-04-01,4,Gyeonggi,Low,,,0,,8.83,268.94
H023,2024-04-01,3,Seoul,Middle,2023-04-01,2023Q2,1,12,8.83,337.13
H024,2024-04-01,1,Seoul,Low,,,0,,8.83,175.92
H025,2024-04-01,1,Gyeonggi,Low,2024-07-01,2024Q3,0,-3,8.83,136.13
H026,2024-04-01,5,Gyeonggi,Middle,2024-11-01,2024Q4,0,-7,8.83,321.99
H027,2024-04-01,2,Daegu,Low,,,0,,8.83,275.55
H028,2024-04-01,2,Gyeonggi,Low,,,0,,8.83,246.22
H029,2024-04-01,1,Seoul,High,2024-08-01,2024Q3,0,-4,8.83,250.79
H030,2024-04-01,2,Gyeonggi,Middle,,,0,,8.83,279.4
H031,2024-04-01,3,Gyeonggi,High,2023-06-01,2023Q2,1,10,8.83,430.58
H032,2024-04-01,3,Daegu,High,2024-11-01,2024Q4,0,-7,8.83,272.25
H033,2024-04-01,1,Daegu,Middle,2024-08-01,2024Q3,0,-4,8.83,245.37
H034,2024-04-01,1,Gyeonggi,Low,2022-08-01,2022Q3,1,20,8.83,294.33
H035,2024-04-01,4,Seoul,Low,,,0,,8.83,297.3
H036,2024-04-01,5,Gyeonggi,Low,,,0,,8.83,355.78
H037,2024-04-01,2,Daegu,High,2023-05-01,2023Q2,1,11,8.83,365.07
H038,2024-04-01,3,Daegu,Low,2022-10-01,2022Q4,1,18,8.83,343.58
H039,2024-04-01,4,Seoul,Middle,,,0,,8.83,344.22
H040,2024-04-01,4,Gyeonggi,Low,,,0,,8.83,323.24
H041,2024-04-01,4,Seoul,Middle,2024-04-01,2024Q2,1,0,8.83,380.69
H042,2024-04-01,3,Seoul,Middle,2024-10-01,2024Q4,0,-6,8.83,246.39
H043,2024-04-01,3,Busan,Low,2024-11-01,2024Q4,0,-7,8.83,257.37
H044,2024-04-01,2,Busan,High,,,0,,8.83,256.44
H045,2024-04-01,1,Seoul,Low,,,0,,8.83,240.05
H046,2024-04-01,4,Gyeonggi,Middle,2024-12-01,2024Q4,0,-8,8.83,326.62
H047,2024-04-01,2,Seoul,Middle,2022-05-01,2022Q2,1,23,8.83,274.39
H048,2024-04-01,1,Seoul,Middle,2023-10-01,2023Q4,1,6,8.83,303.23
H049,2024-04-01,2,Busan,Low,,,0,,8.83,255.23
H050,2024-04-01,4,Seoul,Low,,,0,,8.83,274.83
H051,2024-04-01,2,Seoul,Middle,2023-09-01,2023Q3,1,7,8.83,393.87
H052,2024-04-01,4,Seoul,Low,,,0,,8.83,372.17
H053,2024-04-01,3,Gyeonggi,Middle,2022-01-01,2022Q1,1,27,8.83,419.53
H054,2024-04-01,2,Seoul,High,2022-11-01,2022Q4,1,17,8.83,373.6
H055,2024-04-01,1,Daegu,High,2022-03-01,2022Q1,1,25,8.83,342.03
H056,2024-04-01,4,Seoul,Low,,,0,,8.83,285.6
H057,2024-04-01,4,Daegu,High,2024-02-01,2024Q1,1,2,8.83,461.22
H058,2024-04-01,2,Seoul,High,2023-06-01,2023Q2,1,10,8.83,312.87
H059,2024-04-01,2,Gyeonggi,Low,2022-05-01,2022Q2,1,23,8.83,336.95
H060,2024-04-01,2,Daegu,Middle,,,0,,8.83,239.91
H061,2024-04-01,2,Seoul,Low,,,0,,8.83,243.12
H062,2024-04-01,2,Seoul,Middle,2023-07-01,2023Q3,1,9,8.83,332.84
H063,2024-04-01,3,Seoul,Middle,,,0,,8.83,220.85
H064,2024-04-01,1,Gyeonggi,Middle,2024-06-01,2024Q2,0,-2,8.83,240.23
H065,2024-04-01,3,Seoul,Middle,2023-12-01,2023Q4,1,4,8.83,377.28
H066,2024-04-01,2,Gyeonggi,Low,,,0,,8.83,294.6
H067,2024-04-01,2,Gyeonggi,Middle,2023-04-01,2023Q2,1,12,8.83,375.04
H068,2024-04-01,3,Busan,Middle,,,0,,8.83,286.79
H069,2024-04-01,2,Daegu,High,,,0,,8.83,301.92
H070,2024-04-01,2,Busan,Low,,,0,,8.83,265.07
H071,2024-04-01,2,Busan,Low,2023-10-01,2023Q4,1,6,8.83,346.64
H072,2024-04-01,4,Seoul,Middle,,,0,,8.83,298.94
H073,2024-04-01,3,Daegu,Middle,2022-07-01,2022Q3,1,21,8.83,317.96
H074,2024-04-01,2,Daegu,Low,2022-08-01,2022Q3,1,20,8.83,362.02
H075,2024-04-01,1,Daegu,Middle,,,0,,8.83,228.86
H076,2024-04-01,4,Daegu,High,,,0,,8.83,326.25
H077,2024-04-01,4,Daegu,Middle,2024-08-01,2024Q3,0,-4,8.83,332.76
H078,2024-04-01,3,Busan,Middle,,,0,,8.83,198.16
H079,2024-04-01,2,Busan,Middle,2024-03-01,2024Q1,1,1,8.83,315.66
H080,2024-04-01,4,Seoul,Middle,2023-07-01,2023Q3,1,9,8.83,367.12
H081,2024-04-01,1,Daegu,Middle,2024-07-01,2024Q3,0,-3,8.83,291.17
H082,2024-04-01,3,Busan,Low,2023-09-01,2023Q3,1,7,8.83,297.38
H083,2024-04-01,4,Gyeonggi,Middle,2024-11-01,2024Q4,0,-7,8.83,322.75
H084,2024-04-01,4,Gyeonggi,High,,,0,,8.83,333.04
H085,2024-04-01,5,Seoul,High,2023-03-01,2023Q1,1,13,8.83,372.02
H086,2024-04-01,4,Gyeonggi,Low,2022-08-01,2022Q3,1,20,8.83,356.67
H087,2024-04-01,2,Daegu,Low,,,0,,8.83,241.98
H088,2024-04-01,3,Seoul,High,2024-02-01,2024Q1,1,2,8.83,398.59
H089,2024-04-01,4,Seoul,High,2022-04-01,2022Q2,1,24,8.83,408.79
H090,2024-04-01,1,Seoul,Middle,2024-05-01,2024Q2,0,-1,8.83,243.27
H091,2024-04-01,4,Gyeonggi,Middle,,,0,,8.83,359.22
H092,2024-04-01,2,Busan,Low,2023-10-01,2023Q4,1,6,8.83,308.6
H093,2024-04-01,3,Daegu,Middle,,,0,,8.83,219.41
H094,2024-04-01,3,Seoul,Middle,2024-10-01,2024Q4,0,-6,8.83,262.26
H095,2024-04-01,4,Seoul,Middle,,,0,,8.83,316.23
H096,2024-04-01,2,Daegu,High,2023-11-01,2023Q4,1,5,8.83,373.6
H097,2024-04-01,4,Daegu,Middle,,,0,,8.83,279.69
H098,2024-04-01,2,Daegu,Middle,,,0,,8.83,232.62
H099,2024-04-01,3,Busan,High,,,0,,8.83,300.57
H100,2024-04-01,2,Daegu,Middle,,,0,,8.83,250.89
H101,2024-04-01,2,Daegu,High,,,0,,8.83,265.63
H102,2024-04-01,2,Busan,Middle,,,0,,8.83,271.21
H103,2024-04-01,2,Gyeonggi,Middle,,,0,,8.83,204.97
H104,2024-04-01,3,Daegu,Middle,2023-04-01,2023Q2,1,12,8.83,327.86
H105,2024-04-01,3,Gyeonggi,Middle,,,0,,8.83,249.84
H106,2024-04-01,3,Busan,Middle,,,0,,8.83,246.21
H107,2024-04-01,2,Gyeonggi,Low,,,0,,8.83,282.17
H108,2024-04-01,4,Gyeonggi,Low,,,0,,8.83,332.65
H109,2024-04-01,2,Busan,High,2023-01-01,2023Q1,1,15,8.83,365.33
H110,2024-04-01,4,Gyeonggi,Low,,,0,,8.83,275.86
H111,2024-04-01,3,Gyeonggi,Middle,2023-08-01,2023Q3,1,8,8.83,386.17
H112,2024-04-01,3,Busan,Low,2023-02-01,2023Q1,1,14,8.83,383.02
H113,2024-04-01,4,Daegu,Middle,2024-05-01,2024Q2,0,-1,8.83,256.12
H114,2024-04-01,1,Gyeonggi,Low,,,0,,8.83,190.06
H115,2024-04-01,3,Gyeonggi,High,2024-07-01,2024Q3,0,-3,8.83,297.46
H116,2024-04-01,2,Seoul,Middle,,,0,,8.83,300.39
H117,2024-04-01,5,Gyeonggi,Middle,2024-02-01,2024Q1,1,2,8.83,407.04
H118,2024-04-01,2,Daegu,Middle,,,0,,8.83,289.73
H119,2024-04-01,2,Gyeonggi,Low,2022-05-01,2022Q2,1,23,8.83,345.73
H120,2024-04-01,4,Gyeonggi,Middle,,,0,,8.83,335.04
H001,2024-05-01,3,Seoul,Middle,2024-09-01,2024Q3,0,-4,13.38,285.96
H002,2024-05-01,1,Daegu,Low,2022-09-01,2022Q3,1,20,13.38,360.86
H003,2024-05-01,3,Gyeonggi,Middle,,,0,,13.38,296.41
H004,2024-05-01,2,Seoul,High,2023-06-01,2023Q2,1,11,13.38,356.17
H005,2024-05-01,2,Gyeonggi,High,2023-10-01,2023Q4,1,7,13.38,360.82
H006,2024-05-01,2,Seoul,Middle,,,0,,13.38,278.55
H007,2024-05-01,5,Daegu,Low,,,0,,13.38,287.1
H008,2024-05-01,2,Gyeonggi,Middle,2022-05-01,2022Q2,1,24,13.38,348.07
H009,2024-05-01,5,Gyeonggi,High,,,0,,13.38,354.45
H010,2024-05-01,2,Busan,Low,2024-11-01,2024Q4,0,-6,13.38,264.87
H011,2024-05-01,1,Gyeonggi,Middle,2024-12-01,2024Q4,0,-7,13.38,223.86
H012,2024-05-01,3,Busan,High,,,0,,13.38,271.28
H013,2024-05-01,2,Seoul,High,,,0,,13.38,243.01
H014,2024-05-01,3,Busan,Low,,,0,,13.38,284.39
H015,2024-05-01,4,Daegu,Low,,,0,,13.38,327.04
H016,2024-05-01,4,Daegu,High,2022-03-01,2022Q1,1,26,13.38,433.72
H017,2024-05-01,3,Seoul,High,2024-07-01,2024Q3,0,-2,13.38,289.59
H018,2024-05-01,3,Daegu,Middle,,,0,,13.38,279.43
H019,2024-05-01,3,Seoul,Middle,,,0,,13.38,316.51
H020,2024-05-01,4,Busan,Low,,,0,,13.38,321.07
H021,2024-05-01,3,Busan,High,2024-05-01,2024Q2,1,0,13.38,356.6
H022,2024-05-01,4,Gyeonggi,Low,,,0,,13.38,284.23
H023,2024-05-01,3,Seoul,Middle,2023-04-01,2023Q2,1,13,13.38,374.24
H024,2024-05-01,1,Seoul,Low,,,0,,13.38,205.48
H025,2024-05-01,1,Gyeonggi,Low,2024-07-01,2024Q3,0,-2,13.38,235.19
H026,2024-05-01,5,Gyeonggi,Middle,2024-11-01,2024Q4,0,-6,13.38,334.91
H027,2024-05-01,2,Daegu,Low,,,0,,13.38,251.9
H028,2024-05-01,2,Gyeonggi,Low,,,0,,13.38,233.24
H029,2024-05-01,1,Seoul,High,2024-08-01,2024Q3,0,-3,13.38,229.13
H030,2024-05-01,2,Gyeonggi,Middle,,,0,,13.38,276.32
H031,2024-05-01,3,Gyeonggi,High,2023-06-01,2023Q2,1,11,13.38,419.93
H032,2024-05-01,3,Daegu,High,2024-11-01,2024Q4,0,-6,13.38,292.52
H033,2024-05-01,1,Daegu,Middle,2024-08-01,2024Q3,0,-3,13.38,213.91
H034,2024-05-01,1,Gyeonggi,Low,2022-08-01,2022Q3,1,21,13.38,313.58
H035,2024-05-01,4,Seoul,Low,,,0,,13.38,321.75
H036,2024-05-01,5,Gyeonggi,Low,,,0,,13.38,360.23
H037,2024-05-01,2,Daegu,High,2023-05-01,2023Q2,1,12,13.38,302.79
H038,2024-05-01,3,Daegu,Low,2022-10-01,2022Q4,1,19,13.38,357.14
H039,2024-05-01,4,Seoul,Middle,,,0,,13.38,321.89
H040,2024-05-01,4,Gyeonggi,Low,,,0,,13.38,348.06
H041,2024-05-01,4,Seoul,Middle,2024-04-01,2024Q2,1,1,13.38,375.4
H042,2024-05-01,3,Seoul,Middle,2024-10-01,2024Q4,0,-5,13.38,301.07
H043,2024-05-01,3,Busan,Low,2024-11-01,2024Q4,0,-6,13.38,298.01
H044,2024-05-01,2,Busan,High,,,0,,13.38,261.77
H045,2024-05-01,1,Seoul,Low,,,0,,13.38,184.39
H046,2024-05-01,4,Gyeonggi,Middle,2024-12-01,2024Q4,0,-7,13.38,315.46
H047,2024-05-01,2,Seoul,Middle,2022-05-01,2022Q2,1,24,13.38,290.16
H048,2024-05-01,1,Seoul,Middle,2023-10-01,2023Q4,1,7,13.38,306.11
H049,2024-05-01,2,Busan,Low,,,0,,13.38,236.4
H050,2024-05-01,4,Seoul,Low,,,0,,13.38,258.97
H051,2024-05-01,2,Seoul,Middle,2023-09-01,2023Q3,1,8,13.38,404.01
H052,2024-05-01,4,Seoul,Low,,,0,,13.38,324.41
H053,2024-05-01,3,Gyeonggi,Middle,2022-01-01,2022Q1,1,28,13.38,387.39
H054,2024-05-01,2,Seoul,High,2022-11-01,2022Q4,1,18,13.38,349.25
H055,2024-05-01,1,Daegu,High,2022-03-01,2022Q1,1,26,13.38,333.86
H056,2024-05-01,4,Seoul,Low,,,0,,13.38,291.22
H057,2024-05-01,4,Daegu,High,2024-02-01,2024Q1,1,3,13.38,459.56
H058,2024-05-01,2,Seoul,High,2023-06-01,2023Q2,1,11,13.38,304.52
H059,2024-05-01,2,Gyeonggi,Low,2022-05-01,2022Q2,1,24,13.38,304.24
H060,2024-05-01,2,Daegu,Middle,,,0,,13.38,263.61
H061,2024-05-01,2,Seoul,Low,,,0,,13.38,264.02
H062,2024-05-01,2,Seoul,Middle,2023-07-01,2023Q3,1,10,13.38,359.27
H063,2024-05-01,3,Seoul,Middle,,,0,,13.38,271.39
H064,2024-05-01,1,Gyeonggi,Middle,2024-06-01,2024Q2,0,-1,13.38,254.47
H065,2024-05-01,3,Seoul,Middle,2023-12-01,2023Q4,1,5,13.38,378.88
H066,2024-05-01,2,Gyeonggi,Low,,,0,,13.38,287.6
H067,2024-05-01,2,Gyeonggi,Middle,2023-04-01,2023Q2,1,13,13.38,328.18
H068,2024-05-01,3,Busan,Middle,,,0,,13.38,317.63
H069,2024-05-01,2,Daegu,High,,,0,,13.38,268.86
H070,2024-05-01,2,Busan,Low,,,0,,13.38,224.0
H071,2024-05-01,2,Busan,Low,2023-10-01,2023Q4,1,7,13.38,308.93
H072,2024-05-01,4,Seoul,Middle,,,0,,13.38,299.75
H073,2024-05-01,3,Daegu,Middle,2022-07-01,2022Q3,1,22,13.38,353.87
H074,2024-05-01,2,Daegu,Low,2022-08-01,2022Q3,1,21,13.38,321.08
H075,2024-05-01,1,Daegu,Middle,,,0,,13.38,285.98
H076,2024-05-01,4,Daegu,High,,,0,,13.38,321.39
H077,2024-05-01,4,Daegu,Middle,2024-08-01,2024Q3,0,-3,13.38,306.96
H078,2024-05-01,3,Busan,Middle,,,0,,13.38,246.67
H079,2024-05-01,2,Busan,Middle,2024-03-01,2024Q1,1,2,13.38,338.08
H080,2024-05-01,4,Seoul,Middle,2023-07-01,2023Q3,1,10,13.38,431.83
H081,2024-05-01,1,Daegu,Middle,2024-07-01,2024Q3,0,-2,13.38,222.98
H082,2024-05-01,3,Busan,Low,2023-09-01,2023Q3,1,8,13.38,304.1
H083,2024-05-01,4,Gyeonggi,Middle,2024-11-01,2024Q4,0,-6,13.38,291.37
H084,2024-05-01,4,Gyeonggi,High,,,0,,13.38,377.43
H085,2024-05-01,5,Seoul,High,2023-03-01,2023Q1,1,14,13.38,425.46
H086,2024-05-01,4,Gyeonggi,Low,2022-08-01,2022Q3,1,21,13.38,403.25
H087,2024-05-01,2,Daegu,Low,,,0,,13.38,286.54
H088,2024-05-01,3,Seoul,High,2024-02-01,2024Q1,1,3,13.38,392.66
H089,2024-05-01,4,Seoul,High,2022-04-01,2022Q2,1,25,13.38,450.95
H090,2024-05-01,1,Seoul,Middle,2024-05-01,2024Q2,1,0,13.38,299.26
H091,2024-05-01,4,Gyeonggi,Middle,,,0,,13.38,321.03
H092,2024-05-01,2,Busan,Low,2023-10-01,2023Q4,1,7,13.38,322.63
H093,2024-05-01,3,Daegu,Middle,,,0,,13.38,321.24
H094,2024-05-01,3,Seoul,Middle,2024-10-01,2024Q4,0,-5,13.38,266.79
H095,2024-05-01,4,Seoul,Middle,,,0,,13.38,278.42
H096,2024-05-01,2,Daegu,High,2023-11-01,2023Q4,1,6,13.38,378.98
H097,2024-05-01,4,Daegu,Middle,,,0,,13.38,318.03
H098,2024-05-01,2,Daegu,Middle,,,0,,13.38,243.87
H099,2024-05-01,3,Busan,High,,,0,,13.38,241.31
H100,2024-05-01,2,Daegu,Middle,,,0,,13.38,231.8
H101,2024-05-01,2,Daegu,High,,,0,,13.38,281.44
H102,2024-05-01,2,Busan,Middle,,,0,,13.38,259.13
H103,2024-05-01,2,Gyeonggi,Middle,,,0,,13.38,217.52
H104,2024-05-01,3,Daegu,Middle,2023-04-01,2023Q2,1,13,13.38,365.74
H105,2024-05-01,3,Gyeonggi,Middle,,,0,,13.38,251.51
H106,2024-05-01,3,Busan,Middle,,,0,,13.38,244.68
H107,2024-05-01,2,Gyeonggi,Low,,,0,,13.38,263.3
H108,2024-05-01,4,Gyeonggi,Low,,,0,,13.38,330.87
H109,2024-05-01,2,Busan,High,2023-01-01,2023Q1,1,16,13.38,330.24
H110,2024-05-01,4,Gyeonggi,Low,,,0,,13.38,328.7
H111,2024-05-01,3,Gyeonggi,Middle,2023-08-01,2023Q3,1,9,13.38,386.82
H112,2024-05-01,3,Busan,Low,2023-02-01,2023Q1,1,15,13.38,362.2
H113,2024-05-01,4,Daegu,Middle,2024-05-01,2024Q2,1,0,13.38,346.29
H114,2024-05-01,1,Gyeonggi,Low,,,0,,13.38,213.27
H115,2024-05-01,3,Gyeonggi,High,2024-07-01,2024Q3,0,-2,13.38,244.62
H116,2024-05-01,2,Seoul,Middle,,,0,,13.38,328.6
H117,2024-05-01,5,Gyeonggi,Middle,2024-02-01,2024Q1,1,3,13.38,454.97
H118,2024-05-01,2,Daegu,Middle,,,0,,13.38,258.01
H119,2024-05-01,2,Gyeonggi,Low,2022-05-01,2022Q2,1,24,13.38,302.59
H120,2024-05-01,4,Gyeonggi,Middle,,,0,,13.38,352.08
H001,2024-06-01,3,Seoul,Middle,2024-09-01,2024Q3,0,-3,19.83,290.16
H002,2024-06-01,1,Daegu,Low,2022-09-01,2022Q3,1,21,19.83,315.58
H003,2024-06-01,3,Gyeonggi,Middle,,,0,,19.83,299.18
H004,2024-06-01,2,Seoul,High,2023-06-01,2023Q2,1,12,19.83,338.77
H005,2024-06-01,2,Gyeonggi,High,2023-10-01,2023Q4,1,8,19.83,404.85
H006,2024-06-01,2,Seoul,Middle,,,0,,19.83,302.22
H007,2024-06-01,5,Daegu,Low,,,0,,19.83,349.86
H008,2024-06-01,2,Gyeonggi,Middle,2022-05-01,2022Q2,1,25,19.83,379.47
H009,2024-06-01,5,Gyeonggi,High,,,0,,19.83,363.55
H010,2024-06-01,2,Busan,Low,2024-11-01,2024Q4,0,-5,19.83,295.39
H011,2024-06-01,1,Gyeonggi,Middle,2024-12-01,2024Q4,0,-6,19.83,196.79
H012,2024-06-01,3,Busan,High,,,0,,19.83,337.65
H013,2024-06-01,2,Seoul,High,,,0,,19.83,316.35
H014,2024-06-01,3,Busan,Low,,,0,,19.83,328.44
H015,2024-06-01,4,Daegu,Low,,,0,,19.83,314.66
H016,2024-06-01,4,Daegu,High,2022-03-01,2022Q1,1,27,19.83,469.22
H017,2024-06-01,3,Seoul,High,2024-07-01,2024Q3,0,-1,19.83,350.43
H018,2024-06-01,3,Daegu,Middle,,,0,,19.83,315.46
H019,2024-06-01,3,Seoul,Middle,,,0,,19.83,289.46
H020,2024-06-01,4,Busan,Low,,,0,,19.83,290.14
H021,2024-06-01,3,Busan,High,2024-05-01,2024Q2,1,1,19.83,387.59
H022,2024-06-01,4,Gyeonggi,Low,,,0,,19.83,306.07
H023,2024-06-01,3,Seoul,Middle,2023-04-01,2023Q2,1,14,19.83,377.95
H024,2024-06-01,1,Seoul,Low,,,0,,19.83,226.12
H025,2024-06-01,1,Gyeonggi,Low,2024-07-01,2024Q3,0,-1,19.83,239.44
H026,2024-06-01,5,Gyeonggi,Middle,2024-11-01,2024Q4,0,-5,19.83,397.98
H027,2024-06-01,2,Daegu,Low,,,0,,19.83,247.17
H028,2024-06-01,2,Gyeonggi,Low,,,0,,19.83,287.74
H029,2024-06-01,1,Seoul,High,2024-08-01,2024Q3,0,-2,19.83,238.82
H030,2024-06-01,2,Gyeonggi,Middle,,,0,,19.83,309.36
H031,2024-06-01,3,Gyeonggi,High,2023-06-01,2023Q2,1,12,19.83,383.98
H032,2024-06-01,3,Daegu,High,2024-11-01,2024Q4,0,-5,19.83,275.17
H033,2024-06-01,1,Daegu,Middle,2024-08-01,2024Q3,0,-2,19.83,222.18
H034,2024-06-01,1,Gyeonggi,Low,2022-08-01,2022Q3,1,22,19.83,293.41
H035,2024-06-01,4,Seoul,Low,,,0,,19.83,389.72
H036,2024-06-01,5,Gyeonggi,Low,,,0,,19.83,403.75
H037,2024-06-01,2,Daegu,High,2023-05-01,2023Q2,1,13,19.83,385.62
H038,2024-06-01,3,Daegu,Low,2022-10-01,2022Q4,1,20,19.83,371.8
H039,2024-06-01,4,Seoul,Middle,,,0,,19.83,371.83
H040,2024-06-01,4,Gyeonggi,Low,,,0,,19.83,308.7
H041,2024-06-01,4,Seoul,Middle,2024-04-01,2024Q2,1,2,19.83,427.43
H042,2024-06-01,3,Seoul,Middle,2024-10-01,2024Q4,0,-4,19.83,283.98
H043,2024-06-01,3,Busan,Low,2024-11-01,2024Q4,0,-5,19.83,286.89
H044,2024-06-01,2,Busan,High,,,0,,19.83,247.75
H045,2024-06-01,1,Seoul,Low,,,0,,19.83,232.28
H046,2024-06-01,4,Gyeonggi,Middle,2024-12-01,2024Q4,0,-6,19.83,308.16
H047,2024-06-01,2,Seoul,Middle,2022-05-01,2022Q2,1,25,19.83,316.07
H048,2024-06-01,1,Seoul,Middle,2023-10-01,2023Q4,1,8,19.83,333.04
H049,2024-06-01,2,Busan,Low,,,0,,19.83,196.33
H050,2024-06-01,4,Seoul,Low,,,0,,19.83,280.12
H051,2024-06-01,2,Seoul,Middle,2023-09-01,2023Q3,1,9,19.83,388.94
H052,2024-06-01,4,Seoul,Low,,,0,,19.83,354.81
H053,2024-06-01,3,Gyeonggi,Middle,2022-01-01,2022Q1,1,29,19.83,407.2
H054,2024-06-01,2,Seoul,High,2022-11-01,2022Q4,1,19,19.83,355.48
H055,2024-06-01,1,Daegu,High,2022-03-01,2022Q1,1,27,19.83,357.27
H056,2024-06-01,4,Seoul,Low,,,0,,19.83,266.2
H057,2024-06-01,4,Daegu,High,2024-02-01,2024Q1,1,4,19.83,407.03
H058,2024-06-01,2,Seoul,High,2023-06-01,2023Q2,1,12,19.83,358.89
H059,2024-06-01,2,Gyeonggi,Low,2022-05-01,2022Q2,1,25,19.83,373.62
H060,2024-06-01,2,Daegu,Middle,,,0,,19.83,255.69
H061,2024-06-01,2,Seoul,Low,,,0,,19.83,232.22
H062,2024-06-01,2,Seoul,Middle,2023-07-01,2023Q3,1,11,19.83,364.95
H063,2024-06-01,3,Seoul,Middle,,,0,,19.83,295.68
H064,2024-06-01,1,Gyeonggi,Middle,2024-06-01,2024Q2,1,0,19.83,286.67
H065,2024-06-01,3,Seoul,Middle,2023-12-01,2023Q4,1,6,19.83,377.37
H066,2024-06-01,2,Gyeonggi,Low,,,0,,19.83,312.85
H067,2024-06-01,2,Gyeonggi,Middle,2023-04-01,2023Q2,1,14,19.83,396.72
H068,2024-06-01,3,Busan,Middle,,,0,,19.83,319.57
H069,2024-06-01,2,Daegu,High,,,0,,19.83,333.17
H070,2024-06-01,2,Busan,Low,,,0,,19.83,239.3
H071,2024-06-01,2,Busan,Low,2023-10-01,2023Q4,1,8,19.83,329.52
H072,2024-06-01,4,Seoul,Middle,,,0,,19.83,365.11
H073,2024-06-01,3,Daegu,Middle,2022-07-01,2022Q3,1,23,19.83,412.94
H074,2024-06-01,2,Daegu,Low,2022-08-01,2022Q3,1,22,19.83,397.55
H075,2024-06-01,1,Daegu,Middle,,,0,,19.83,257.1
H076,2024-06-01,4,Daegu,High,,,0,,19.83,375.19
H077,2024-06-01,4,Daegu,Middle,2024-08-01,2024Q3,0,-2,19.83,349.66
H078,2024-06-01,3,Busan,Middle,,,0,,19.83,217.12
H079,2024-06-01,2,Busan,Middle,2024-03-01,2024Q1,1,3,19.83,353.82
H080,2024-06-01,4,Seoul,Middle,2023-07-01,2023Q3,1,11,19.83,418.97
H081,2024-06-01,1,Daegu,Middle,2024-07-01,2024Q3,0,-1,19.83,253.5
H082,2024-06-01,3,Busan,Low,2023-09-01,2023Q3,1,9,19.83,266.36
H083,2024-06-01,4,Gyeonggi,Middle,2024-11-01,2024Q4,0,-5,19.83,291.46
H084,2024-06-01,4,Gyeonggi,High,,,0,,19.83,397.08
H085,2024-06-01,5,Seoul,High,2023-03-01,2023Q1,1,15,19.83,420.03
H086,2024-06-01,4,Gyeonggi,Low,2022-08-01,2022Q3,1,22,19.83,414.41
H087,2024-06-01,2,Daegu,Low,,,0,,19.83,248.32
H088,2024-06-01,3,Seoul,High,2024-02-01,2024Q1,1,4,19.83,353.67
H089,2024-06-01,4,Seoul,High,2022-04-01,2022Q2,1,26,19.83,497.42
H090,2024-06-01,1,Seoul,Middle,2024-05-01,2024Q2,1,1,19.83,334.18
H091,2024-06-01,4,Gyeonggi,Middle,,,0,,19.83,361.26
H092,2024-06-01,2,Busan,Low,2023-10-01,2023Q4,1,8,19.83,335.28
H093,2024-06-01,3,Daegu,Middle,,,0,,19.83,277.31
H094,2024-06-01,3,Seoul,Middle,2024-10-01,2024Q4,0,-4,19.83,299.23
H095,2024-06-01,4,Seoul,Middle,,,0,,19.83,336.47
H096,2024-06-01,2,Daegu,High,2023-11-01,2023Q4,1,7,19.83,369.36
H097,2024-06-01,4,Daegu,Middle,,,0,,19.83,302.99
H098,2024-06-01,2,Daegu,Middle,,,0,,19.83,241.72
H099,2024-06-01,3,Busan,High,,,0,,19.83,356.01
H100,2024-06-01,2,Daegu,Middle,,,0,,19.83,284.15
H101,2024-06-01,2,Daegu,High,,,0,,19.83,291.81
H102,2024-06-01,2,Busan,Middle,,,0,,19.83,268.02
H103,2024-06-01,2,Gyeonggi,Middle,,,0,,19.83,271.11
H104,2024-06-01,3,Daegu,Middle,2023-04-01,2023Q2,1,14,19.83,379.17
H105,2024-06-01,3,Gyeonggi,Middle,,,0,,19.83,289.39
H106,2024-06-01,3,Busan,Middle,,,0,,19.83,270.48
H107,2024-06-01,2,Gyeonggi,Low,,,0,,19.83,246.0
H108,2024-06-01,4,Gyeonggi,Low,,,0,,19.83,355.54
H109,2024-06-01,2,Busan,High,2023-01-01,2023Q1,1,17,19.83,371.88
H110,2024-06-01,4,Gyeonggi,Low,,,0,,19.83,315.35
H111,2024-06-01,3,Gyeonggi,Middle,2023-08-01,2023Q3,1,10,19.83,383.07
H112,2024-06-01,3,Busan,Low,2023-02-01,2023Q1,1,16,19.83,359.16
H113,2024-06-01,4,Daegu,Middle,2024-05-01,2024Q2,1,1,19.83,364.16
H114,2024-06-01,1,Gyeonggi,Low,,,0,,19.83,204.92
H115,2024-06-01,3,Gyeonggi,High,2024-07-01,2024Q3,0,-1,19.83,302.67
H116,2024-06-01,2,Seoul,Middle,,,0,,19.83,301.99
H117,2024-06-01,5,Gyeonggi,Middle,2024-02-01,2024Q1,1,4,19.83,456.9
H118,2024-06-01,2,Daegu,Middle,,,0,,19.83,295.16
H119,2024-06-01,2,Gyeonggi,Low,2022-05-01,2022Q2,1,25,19.83,377.06
H120,2024-06-01,4,Gyeonggi,Middle,,,0,,19.83,361.1
H001,2024-07-01,3,Seoul,Middle,2024-09-01,2024Q3,0,-2,24.32,321.02
H002,2024-07-01,1,Daegu,Low,2022-09-01,2022Q3,1,22,24.32,359.73
H003,2024-07-01,3,Gyeonggi,Middle,,,0,,24.32,303.76
H004,2024-07-01,2,Seoul,High,2023-06-01,2023Q2,1,13,24.32,373.95
H005,2024-07-01,2,Gyeonggi,High,2023-10-01,2023Q4,1,9,24.32,415.21
H006,2024-07-01,2,Seoul,Middle,,,0,,24.32,296.91
H007,2024-07-01,5,Daegu,Low,,,0,,24.32,342.01
H008,2024-07-01,2,Gyeonggi,Middle,2022-05-01,2022Q2,1,26,24.32,442.41
H009,2024-07-01,5,Gyeonggi,High,,,0,,24.32,392.74
H010,2024-07-01,2,Busan,Low,2024-11-01,2024Q4,0,-4,24.32,265.11
H011,2024-07-01,1,Gyeonggi,Middle,2024-12-01,2024Q4,0,-5,24.32,275.15
H012,2024-07-01,3,Busan,High,,,0,,24.32,385.39
H013,2024-07-01,2,Seoul,High,,,0,,24.32,334.5
H014,2024-07-01,3,Busan,Low,,,0,,24.32,297.66
H015,2024-07-01,4,Daegu,Low,,,0,,24.32,336.41
H016,2024-07-01,4,Daegu,High,2022-03-01,2022Q1,1,28,24.32,479.41
H017,2024-07-01,3,Seoul,High,2024-07-01,2024Q3,1,0,24.32,455.22
H018,2024-07-01,3,Daegu,Middle,,,0,,24.32,329.96
H019,2024-07-01,3,Seoul,Middle,,,0,,24.32,304.16
H020,2024-07-01,4,Busan,Low,,,0,,24.32,384.57
H021,2024-07-01,3,Busan,High,2024-05-01,2024Q2,1,2,24.32,357.95
H022,2024-07-01,4,Gyeonggi,Low,,,0,,24.32,366.08
H023,2024-07-01,3,Seoul,Middle,2023-04-01,2023Q2,1,15,24.32,426.81
H024,2024-07-01,1,Seoul,Low,,,0,,24.32,250.11
H025,2024-07-01,1,Gyeonggi,Low,2024-07-01,2024Q3,1,0,24.32,308.92
H026,2024-07-01,5,Gyeonggi,Middle,2024-11-01,2024Q4,0,-4,24.32,403.98
H027,2024-07-01,2,Daegu,Low,,,0,,24.32,275.14
H028,2024-07-01,2,Gyeonggi,Low,,,0,,24.32,320.67
H029,2024-07-01,1,Seoul,High,2024-08-01,2024Q3,0,-1,24.32,289.07
H030,2024-07-01,2,Gyeonggi,Middle,,,0,,24.32,287.28
H031,2024-07-01,3,Gyeonggi,High,2023-06-01,2023Q2,1,13,24.32,479.87
H032,2024-07-01,3,Daegu,High,2024-11-01,2024Q4,0,-4,24.32,277.51
H033,2024-07-01,1,Daegu,Middle,2024-08-01,2024Q3,0,-1,24.32,270.25
H034,2024-07-01,1,Gyeonggi,Low,2022-08-01,2022Q3,1,23,24.32,310.73
H035,2024-07-01,4,Seoul,Low,,,0,,24.32,380.28
H036,2024-07-01,5,Gyeonggi,Low,,,0,,24.32,356.63
H037,2024-07-01,2,Daegu,High,2023-05-01,2023Q2,1,14,24.32,466.06
H038,2024-07-01,3,Daegu,Low,2022-10-01,2022Q4,1,21,24.32,393.12
H039,2024-07-01,4,Seoul,Middle,,,0,,24.32,376.81
H040,2024-07-01,4,Gyeonggi,Low,,,0,,24.32,341.22
H041,2024-07-01,4,Seoul,Middle,2024-04-01,2024Q2,1,3,24.32,443.97
H042,2024-07-01,3,Seoul,Middle,2024-10-01,2024Q4,0,-3,24.32,298.21
H043,2024-07-01,3,Busan,Low,2024-11-01,2024Q4,0,-4,24.32,286.67
H044,2024-07-01,2,Busan,High,,,0,,24.32,334.82
H045,2024-07-01,1,Seoul,Low,,,0,,24.32,281.52
H046,2024-07-01,4,Gyeonggi,Middle,2024-12-01,2024Q4,0,-5,24.32,379.08
H047,2024-07-01,2,Seoul,Middle,2022-05-01,2022Q2,1,26,24.32,399.11
H048,2024-07-01,1,Seoul,Middle,2023-10-01,2023Q4,1,9,24.32,323.77
H049,2024-07-01,2,Busan,Low,,,0,,24.32,246.86
H050,2024-07-01,4,Seoul,Low,,,0,,24.32,310.91
H051,2024-07-01,2,Seoul,Middle,2023-09-01,2023Q3,1,10,24.32,456.53
H052,2024-07-01,4,Seoul,Low,,,0,,24.32,372.98
H053,2024-07-01,3,Gyeonggi,Middle,2022-01-01,2022Q1,1,30,24.32,463.52
H054,2024-07-01,2,Seoul,High,2022-11-01,2022Q4,1,20,24.32,367.04
H055,2024-07-01,1,Daegu,High,2022-03-01,2022Q1,1,28,24.32,332.5
H056,2024-07-01,4,Seoul,Low,,,0,,24.32,273.4
H057,2024-07-01,4,Daegu,High,2024-02-01,2024Q1,1,5,24.32,481.58
H058,2024-07-01,2,Seoul,High,2023-06-01,2023Q2,1,13,24.32,405.56
H059,2024-07-01,2,Gyeonggi,Low,2022-05-01,2022Q2,1,26,24.32,401.57
H060,2024-07-01,2,Daegu,Middle,,,0,,24.32,283.88
H061,2024-07-01,2,Seoul,Low,,,0,,24.32,316.79
H062,2024-07-01,2,Seoul,Middle,2023-07-01,2023Q3,1,12,24.32,323.2
H063,2024-07-01,3,Seoul,Middle,,,0,,24.32,316.17
H064,2024-07-01,1,Gyeonggi,Middle,2024-06-01,2024Q2,1,1,24.32,338.63
H065,2024-07-01,3,Seoul,Middle,2023-12-01,2023Q4,1,7,24.32,395.41
H066,2024-07-01,2,Gyeonggi,Low,,,0,,24.32,291.82
H067,2024-07-01,2,Gyeonggi,Middle,2023-04-01,2023Q2,1,15,24.32,404.6
H068,2024-07-01,3,Busan,Middle,,,0,,24.32,369.47
H069,2024-07-01,2,Daegu,High,,,0,,24.32,393.73
H070,2024-07-01,2,Busan,Low,,,0,,24.32,264.18
H071,2024-07-01,2,Busan,Low,2023-10-01,2023Q4,1,9,24.32,347.55
H072,2024-07-01,4,Seoul,Middle,,,0,,24.32,402.71
H073,2024-07-01,3,Daegu,Middle,2022-07-01,2022Q3,1,24,24.32,407.74
H074,2024-07-01,2,Daegu,Low,2022-08-01,2022Q3,1,23,24.32,395.84
H075,2024-07-01,1,Daegu,Middle,,,0,,24.32,262.03
H076,2024-07-01,4,Daegu,High,,,0,,24.32,375.65
H077,2024-07-01,4,Daegu,Middle,2024-08-01,2024Q3,0,-1,24.32,364.82
H078,2024-07-01,3,Busan,Middle,,,0,,24.32,293.96
H079,2024-07-01,2,Busan,Middle,2024-03-01,2024Q1,1,4,24.32,360.34
H080,2024-07-01,4,Seoul,Middle,2023-07-01,2023Q3,1,12,24.32,455.28
H081,2024-07-01,1,Daegu,Middle,2024-07-01,2024Q3,1,0,24.32,357.71
H082,2024-07-01,3,Busan,Low,2023-09-01,2023Q3,1,10,24.32,354.41
H083,2024-07-01,4,Gyeonggi,Middle,2024-11-01,2024Q4,0,-4,24.32,380.45
H084,2024-07-01,4,Gyeonggi,High,,,0,,24.32,419.38
H085,2024-07-01,5,Seoul,High,2023-03-01,2023Q1,1,16,24.32,468.56
H086,2024-07-01,4,Gyeonggi,Low,2022-08-01,2022Q3,1,23,24.32,407.61
H087,2024-07-01,2,Daegu,Low,,,0,,24.32,325.03
H088,2024-07-01,3,Seoul,High,2024-02-01,2024Q1,1,5,24.32,402.52
H089,2024-07-01,4,Seoul,High,2022-04-01,2022Q2,1,27,24.32,473.61
H090,2024-07-01,1,Seoul,Middle,2024-05-01,2024Q2,1,2,24.32,322.46
H091,2024-07-01,4,Gyeonggi,Middle,,,0,,24.32,441.12
H092,2024-07-01,2,Busan,Low,2023-10-01,2023Q4,1,9,24.32,333.9
H093,2024-07-01,3,Daegu,Middle,,,0,,24.32,335.84
H094,2024-07-01,3,Seoul,Middle,2024-10-01,2024Q4,0,-3,24.32,332.51
H095,2024-07-01,4,Seoul,Middle,,,0,,24.32,354.78
H096,2024-07-01,2,Daegu,High,2023-11-01,2023Q4,1,8,24.32,405.67
H097,2024-07-01,4,Daegu,Middle,,,0,,24.32,318.94
H098,2024-07-01,2,Daegu,Middle,,,0,,24.32,303.21
H099,2024-07-01,3,Busan,High,,,0,,24.32,273.13
H100,2024-07-01,2,Daegu,Middle,,,0,,24.32,267.29
H101,2024-07-01,2,Daegu,High,,,0,,24.32,350.86
H102,2024-07-01,2,Busan,Middle,,,0,,24.32,282.04
H103,2024-07-01,2,Gyeonggi,Middle,,,0,,24.32,266.08
H104,2024-07-01,3,Daegu,Middle,2023-04-01,2023Q2,1,15,24.32,480.18
H105,2024-07-01,3,Gyeonggi,Middle,,,0,,24.32,282.87
H106,2024-07-01,3,Busan,Middle,,,0,,24.32,291.49
H107,2024-07-01,2,Gyeonggi,Low,,,0,,24.32,287.68
H108,2024-07-01,4,Gyeonggi,Low,,,0,,24.32,308.24
H109,2024-07-01,2,Busan,High,2023-01-01,2023Q1,1,18,24.32,386.53
H110,2024-07-01,4,Gyeonggi,Low,,,0,,24.32,295.52
H111,2024-07-01,3,Gyeonggi,Middle,2023-08-01,2023Q3,1,11,24.32,431.75
H112,2024-07-01,3,Busan,Low,2023-02-01,2023Q1,1,17,24.32,382.05
H113,2024-07-01,4,Daegu,Middle,2024-05-01,2024Q2,1,2,24.32,344.38
H114,2024-07-01,1,Gyeonggi,Low,,,0,,24.32,265.67
H115,2024-07-01,3,Gyeonggi,High,2024-07-01,2024Q3,1,0,24.32,405.99
H116,2024-07-01,2,Seoul,Middle,,,0,,24.32,320.99
H117,2024-07-01,5,Gyeonggi,Middle,2024-02-01,2024Q1,1,5,24.32,486.2
H118,2024-07-01,2,Daegu,Middle,,,0,,24.32,316.93
H119,2024-07-01,2,Gyeonggi,Low,2022-05-01,2022Q2,1,26,24.32,351.37
H120,2024-07-01,4,Gyeonggi,Middle,,,0,,24.32,405.24
H001,2024-08-01,3,Seoul,Middle,2024-09-01,2024Q3,0,-1,25.26,321.27
H002,2024-08-01,1,Daegu,Low,2022-09-01,2022Q3,1,23,25.26,351.74
H003,2024-08-01,3,Gyeonggi,Middle,,,0,,25.26,346.8
H004,2024-08-01,2,Seoul,High,2023-06-01,2023Q2,1,14,25.26,456.8
H005,2024-08-01,2,Gyeonggi,High,2023-10-01,2023Q4,1,10,25.26,417.0
H006,2024-08-01,2,Seoul,Middle,,,0,,25.26,326.27
H007,2024-08-01,5,Daegu,Low,,,0,,25.26,350.32
H008,2024-08-01,2,Gyeonggi,Middle,2022-05-01,2022Q2,1,27,25.26,431.93
H009,2024-08-01,5,Gyeonggi,High,,,0,,25.26,395.43
H010,2024-08-01,2,Busan,Low,2024-11-01,2024Q4,0,-3,25.26,301.42
H011,2024-08-01,1,Gyeonggi,Middle,2024-12-01,2024Q4,0,-4,25.26,272.98
H012,2024-08-01,3,Busan,High,,,0,,25.26,373.25
H013,2024-08-01,2,Seoul,High,,,0,,25.26,310.79
H014,2024-08-01,3,Busan,Low,,,0,,25.26,356.45
H015,2024-08-01,4,Daegu,Low,,,0,,25.26,428.37
H016,2024-08-01,4,Daegu,High,2022-03-01,2022Q1,1,29,25.26,486.02
H017,2024-08-01,3,Seoul,High,2024-07-01,2024Q3,1,1,25.26,432.04
H018,2024-08-01,3,Daegu,Middle,,,0,,25.26,338.62
H019,2024-08-01,3,Seoul,Middle,,,0,,25.26,389.31
H020,2024-08-01,4,Busan,Low,,,0,,25.26,361.75
H021,2024-08-01,3,Busan,High,2024-05-01,2024Q2,1,3,25.26,415.29
H022,2024-08-01,4,Gyeonggi,Low,,,0,,25.26,349.88
H023,2024-08-01,3,Seoul,Middle,2023-04-01,2023Q2,1,16,25.26,383.31
H024,2024-08-01,1,Seoul,Low,,,0,,25.26,328.85
H025,2024-08-01,1,Gyeonggi,Low,2024-07-01,2024Q3,1,1,25.26,331.4
H026,2024-08-01,5,Gyeonggi,Middle,2024-11-01,2024Q4,0,-3,25.26,396.92
H027,2024-08-01,2,Daegu,Low,,,0,,25.26,299.48
H028,2024-08-01,2,Gyeonggi,Low,,,0,,25.26,299.89
H029,2024-08-01,1,Seoul,High,2024-08-01,2024Q3,1,0,25.26,423.54
H030,2024-08-01,2,Gyeonggi,Middle,,,0,,25.26,307.4
H031,2024-08-01,3,Gyeonggi,High,2023-06-01,2023Q2,1,14,25.26,448.93
H032,2024-08-01,3,Daegu,High,2024-11-01,2024Q4,0,-3,25.26,384.71
H033,2024-08-01,1,Daegu,Middle,2024-08-01,2024Q3,1,0,25.26,382.0
H034,2024-08-01,1,Gyeonggi,Low,2022-08-01,2022Q3,1,24,25.26,355.6
H035,2024-08-01,4,Seoul,Low,,,0,,25.26,411.23
H036,2024-08-01,5,Gyeonggi,Low,,,0,,25.26,381.76
H037,2024-08-01,2,Daegu,High,2023-05-01,2023Q2,1,15,25.26,412.37
H038,2024-08-01,3,Daegu,Low,2022-10-01,2022Q4,1,22,25.26,416.26
H039,2024-08-01,4,Seoul,Middle,,,0,,25.26,403.35
H040,2024-08-01,4,Gyeonggi,Low,,,0,,25.26,398.44
H041,2024-08-01,4,Seoul,Middle,2024-04-01,2024Q2,1,4,25.26,487.89
H042,2024-08-01,3,Seoul,Middle,2024-10-01,2024Q4,0,-2,25.26,274.42
H043,2024-08-01,3,Busan,Low,2024-11-01,2024Q4,0,-3,25.26,374.23
H044,2024-08-01,2,Busan,High,,,0,,25.26,330.62
H045,2024-08-01,1,Seoul,Low,,,0,,25.26,279.28
H046,2024-08-01,4,Gyeonggi,Middle,2024-12-01,2024Q4,0,-4,25.26,378.41
H047,2024-08-01,2,Seoul,Middle,2022-05-01,2022Q2,1,27,25.26,312.48
H048,2024-08-01,1,Seoul,Middle,2023-10-01,2023Q4,1,10,25.26,385.44
H049,2024-08-01,2,Busan,Low,,,0,,25.26,256.2
H050,2024-08-01,4,Seoul,Low,,,0,,25.26,361.7
H051,2024-08-01,2,Seoul,Middle,2023-09-01,2023Q3,1,11,25.26,435.51
H052,2024-08-01,4,Seoul,Low,,,0,,25.26,364.92
H053,2024-08-01,3,Gyeonggi,Middle,2022-01-01,2022Q1,1,31,25.26,461.1
H054,2024-08-01,2,Seoul,High,2022-11-01,2022Q4,1,21,25.26,409.93
H055,2024-08-01,1,Daegu,High,2022-03-01,2022Q1,1,29,25.26,369.7
H056,2024-08-01,4,Seoul,Low,,,0,,25.26,329.38
H057,2024-08-01,4,Daegu,High,2024-02-01,2024Q1,1,6,25.26,535.82
H058,2024-08-01,2,Seoul,High,2023-06-01,2023Q2,1,14,25.26,404.83
H059,2024-08-01,2,Gyeonggi,Low,2022-05-01,2022Q2,1,27,25.26,396.79
H060,2024-08-01,2,Daegu,Middle,,,0,,25.26,273.58
H061,2024-08-01,2,Seoul,Low,,,0,,25.26,291.54
H062,2024-08-01,2,Seoul,Middle,2023-07-01,2023Q3,1,13,25.26,393.02
H063,2024-08-01,3,Seoul,Middle,,,0,,25.26,327.62
H064,2024-08-01,1,Gyeonggi,Middle,2024-06-01,2024Q2,1,2,25.26,355.8
H065,2024-08-01,3,Seoul,Middle,2023-12-01,2023Q4,1,8,25.26,415.86
H066,2024-08-01,2,Gyeonggi,Low,,,0,,25.26,383.71
H067,2024-08-01,2,Gyeonggi,Middle,2023-04-01,2023Q2,1,16,25.26,413.31
H068,2024-08-01,3,Busan,Middle,,,0,,25.26,334.81
H069,2024-08-01,2,Daegu,High,,,0,,25.26,333.87
H070,2024-08-01,2,Busan,Low,,,0,,25.26,243.23
H071,2024-08-01,2,Busan,Low,2023-10-01,2023Q4,1,10,25.26,360.23
H072,2024-08-01,4,Seoul,Middle,,,0,,25.26,387.46
H073,2024-08-01,3,Daegu,Middle,2022-07-01,2022Q3,1,25,25.26,424.69
H074,2024-08-01,2,Daegu,Low,2022-08-01,2022Q3,1,24,25.26,407.81
H075,2024-08-01,1,Daegu,Middle,,,0,,25.26,325.59
H076,2024-08-01,4,Daegu,High,,,0,,25.26,394.85
H077,2024-08-01,4,Daegu,Middle,2024-08-01,2024Q3,1,0,25.26,447.31
H078,2024-08-01,3,Busan,Middle,,,0,,25.26,289.5
H079,2024-08-01,2,Busan,Middle,2024-03-01,2024Q1,1,5,25.26,371.91
H080,2024-08-01,4,Seoul,Middle,2023-07-01,2023Q3,1,13,25.26,426.68
H081,2024-08-01,1,Daegu,Middle,2024-07-01,2024Q3,1,1,25.26,317.93
H082,2024-08-01,3,Busan,Low,2023-09-01,2023Q3,1,11,25.26,340.51
H083,2024-08-01,4,Gyeonggi,Middle,2024-11-01,2024Q4,0,-3,25.26,349.35
H084,2024-08-01,4,Gyeonggi,High,,,0,,25.26,395.37
H085,2024-08-01,5,Seoul,High,2023-03-01,2023Q1,1,17,25.26,475.98
H086,2024-08-01,4,Gyeonggi,Low,2022-08-01,2022Q3,1,24,25.26,425.23
H087,2024-08-01,2,Daegu,Low,,,0,,25.26,290.56
H088,2024-08-01,3,Seoul,High,2024-02-01,2024Q1,1,6,25.26,431.71
H089,2024-08-01,4,Seoul,High,2022-04-01,2022Q2,1,28,25.26,501.33
H090,2024-08-01,1,Seoul,Middle,2024-05-01,2024Q2,1,3,25.26,345.63
H091,2024-08-01,4,Gyeonggi,Middle,,,0,,25.26,425.7
H092,2024-08-01,2,Busan,Low,2023-10-01,2023Q4,1,10,25.26,382.58
H093,2024-08-01,3,Daegu,Middle,,,0,,25.26,345.36
H094,2024-08-01,3,Seoul,Middle,2024-10-01,2024Q4,0,-2,25.26,323.42
H095,2024-08-01,4,Seoul,Middle,,,0,,25.26,359.78
H096,2024-08-01,2,Daegu,High,2023-11-01,2023Q4,1,9,25.26,440.81
H097,2024-08-01,4,Daegu,Middle,,,0,,25.26,286.73
H098,2024-08-01,2,Daegu,Middle,,,0,,25.26,349.68
H099,2024-08-01,3,Busan,High,,,0,,25.26,342.21
H100,2024-08-01,2,Daegu,Middle,,,0,,25.26,317.35
H101,2024-08-01,2,Daegu,High,,,0,,25.26,278.88
H102,2024-08-01,2,Busan,Middle,,,0,,25.26,307.32
H103,2024-08-01,2,Gyeonggi,Middle,,,0,,25.26,238.17
H104,2024-08-01,3,Daegu,Middle,2023-04-01,2023Q2,1,16,25.26,429.42
H105,2024-08-01,3,Gyeonggi,Middle,,,0,,25.26,326.57
H106,2024-08-01,3,Busan,Middle,,,0,,25.26,329.48
H107,2024-08-01,2,Gyeonggi,Low,,,0,,25.26,310.34
H108,2024-08-01,4,Gyeonggi,Low,,,0,,25.26,342.25
H109,2024-08-01,2,Busan,High,2023-01-01,2023Q1,1,19,25.26,454.74
H110,2024-08-01,4,Gyeonggi,Low,,,0,,25.26,313.62
H111,2024-08-01,3,Gyeonggi,Middle,2023-08-01,2023Q3,1,12,25.26,428.43
H112,2024-08-01,3,Busan,Low,2023-02-01,2023Q1,1,18,25.26,385.45
H113,2024-08-01,4,Daegu,Middle,2024-05-01,2024Q2,1,3,25.26,398.9
H114,2024-08-01,1,Gyeonggi,Low,,,0,,25.26,228.66
H115,2024-08-01,3,Gyeonggi,High,2024-07-01,2024Q3,1,1,25.26,426.53
H116,2024-08-01,2,Seoul,Middle,,,0,,25.26,363.68
H117,2024-08-01,5,Gyeonggi,Middle,2024-02-01,2024Q1,1,6,25.26,483.01
H118,2024-08-01,2,Daegu,Middle,,,0,,25.26,315.47
H119,2024-08-01,2,Gyeonggi,Low,2022-05-01,2022Q2,1,27,25.26,366.38
H120,2024-08-01,4,Gyeonggi,Middle,,,0,,25.26,411.96
H001,2024-09-01,3,Seoul,Middle,2024-09-01,2024Q3,1,0,22.12,404.45
H002,2024-09-01,1,Daegu,Low,2022-09-01,2022Q3,1,24,22.12,374.9
H003,2024-09-01,3,Gyeonggi,Middle,,,0,,22.12,320.15
H004,2024-09-01,2,Seoul,High,2023-06-01,2023Q2,1,15,22.12,400.09
H005,2024-09-01,2,Gyeonggi,High,2023-10-01,2023Q4,1,11,22.12,422.67
H006,2024-09-01,2,Seoul,Middle,,,0,,22.12,329.61
H007,2024-09-01,5,Daegu,Low,,,0,,22.12,412.09
H008,2024-09-01,2,Gyeonggi,Middle,2022-05-01,2022Q2,1,28,22.12,392.96
H009,2024-09-01,5,Gyeonggi,High,,,0,,22.12,359.74
H010,2024-09-01,2,Busan,Low,2024-11-01,2024Q4,0,-2,22.12,270.34
H011,2024-09-01,1,Gyeonggi,Middle,2024-12-01,2024Q4,0,-3,22.12,273.04
H012,2024-09-01,3,Busan,High,,,0,,22.12,325.22
H013,2024-09-01,2,Seoul,High,,,0,,22.12,300.64
H014,2024-09-01,3,Busan,Low,,,0,,22.12,335.84
H015,2024-09-01,4,Daegu,Low,,,0,,22.12,385.74
H016,2024-09-01,4,Daegu,High,2022-03-01,2022Q1,1,30,22.12,532.71
H017,2024-09-01,3,Seoul,High,2024-07-01,2024Q3,1,2,22.12,452.02
H018,2024-09-01,3,Daegu,Middle,,,0,,22.12,341.6
H019,2024-09-01,3,Seoul,Middle,,,0,,22.12,351.69
H020,2024-09-01,4,Busan,Low,,,0,,22.12,360.55
H021,2024-09-01,3,Busan,High,2024-05-01,2024Q2,1,4,22.12,440.85
H022,2024-09-01,4,Gyeonggi,Low,,,0,,22.12,345.48
H023,2024-09-01,3,Seoul,Middle,2023-04-01,2023Q2,1,17,22.12,365.71
H024,2024-09-01,1,Seoul,Low,,,0,,22.12,231.43
H025,2024-09-01,1,Gyeonggi,Low,2024-07-01,2024Q3,1,2,22.12,291.46
H026,2024-09-01,5,Gyeonggi,Middle,2024-11-01,2024Q4,0,-2,22.12,372.65
H027,2024-09-01,2,Daegu,Low,,,0,,22.12,323.77
H028,2024-09-01,2,Gyeonggi,Low,,,0,,22.12,358.07
H029,2024-09-01,1,Seoul,High,2024-08-01,2024Q3,1,1,22.12,378.97
H030,2024-09-01,2,Gyeonggi,Middle,,,0,,22.12,306.66
H031,2024-09-01,3,Gyeonggi,High,2023-06-01,2023Q2,1,15,22.12,495.05
H032,2024-09-01,3,Daegu,High,2024-11-01,2024Q4,0,-2,22.12,342.38
H033,2024-09-01,1,Daegu,Middle,2024-08-01,2024Q3,1,1,22.12,361.42
H034,2024-09-01,1,Gyeonggi,Low,2022-08-01,2022Q3,1,25,22.12,358.28
H035,2024-09-01,4,Seoul,Low,,,0,,22.12,398.81
H036,2024-09-01,5,Gyeonggi,Low,,,0,,22.12,411.18
H037,2024-09-01,2,Daegu,High,2023-05-01,2023Q2,1,16,22.12,427.56
H038,2024-09-01,3,Daegu,Low,2022-10-01,2022Q4,1,23,22.12,412.68
H039,2024-09-01,4,Seoul,Middle,,,0,,22.12,375.84
H040,2024-09-01,4,Gyeonggi,Low,,,0,,22.12,367.48
H041,2024-09-01,4,Seoul,Middle,2024-04-01,2024Q2,1,5,22.12,391.29
H042,2024-09-01,3,Seoul,Middle,2024-10-01,2024Q4,0,-1,22.12,326.69
H043,2024-09-01,3,Busan,Low,2024-11-01,2024Q4,0,-2,22.12,310.59
H044,2024-09-01,2,Busan,High,,,0,,22.12,302.81
H045,2024-09-01,1,Seoul,Low,,,0,,22.12,240.19
H046,2024-09-01,4,Gyeonggi,Middle,2024-12-01,2024Q4,0,-3,22.12,389.05
H047,2024-09-01,2,Seoul,Middle,2022-05-01,2022Q2,1,28,22.12,350.78
H048,2024-09-01,1,Seoul,Middle,2023-10-01,2023Q4,1,11,22.12,347.38
H049,2024-09-01,2,Busan,Low,,,0,,22.12,280.42
H050,2024-09-01,4,Seoul,Low,,,0,,22.12,315.21
H051,2024-09-01,2,Seoul,Middle,2023-09-01,2023Q3,1,12,22.12,401.28
H052,2024-09-01,4,Seoul,Low,,,0,,22.12,403.91
H053,2024-09-01,3,Gyeonggi,Middle,2022-01-01,2022Q1,1,32,22.12,387.29
H054,2024-09-01,2,Seoul,High,2022-11-01,2022Q4,1,22,22.12,401.61
H055,2024-09-01,1,Daegu,High,2022-03-01,2022Q1,1,30,22.12,430.85
H056,2024-09-01,4,Seoul,Low,,,0,,22.12,306.72
H057,2024-09-01,4,Daegu,High,2024-02-01,2024Q1,1,7,22.12,503.75
H058,2024-09-01,2,Seoul,High,2023-06-01,2023Q2,1,15,22.12,421.19
H059,2024-09-01,2,Gyeonggi,Low,2022-05-01,2022Q2,1,28,22.12,400.57
H060,2024-09-01,2,Daegu,Middle,,,0,,22.12,334.91
H061,2024-09-01,2,Seoul,Low,,,0,,22.12,284.65
H062,2024-09-01,2,Seoul,Middle,2023-07-01,2023Q3,1,14,22.12,383.65
H063,2024-09-01,3,Seoul,Middle,,,0,,22.12,326.64
H064,2024-09-01,1,Gyeonggi,Middle,2024-06-01,2024Q2,1,3,22.12,307.53
H065,2024-09-01,3,Seoul,Middle,2023-12-01,2023Q4,1,9,22.12,411.25
H066,2024-09-01,2,Gyeonggi,Low,,,0,,22.12,314.58
H067,2024-09-01,2,Gyeonggi,Middle,2023-04-01,2023Q2,1,17,22.12,419.82
H068,2024-09-01,3,Busan,Middle,,,0,,22.12,372.92
H069,2024-09-01,2,Daegu,High,,,0,,22.12,370.15
H070,2024-09-01,2,Busan,Low,,,0,,22.12,290.75
H071,2024-09-01,2,Busan,Low,2023-10-01,2023Q4,1,11,22.12,376.7
H072,2024-09-01,4,Seoul,Middle,,,0,,22.12,369.65
H073,2024-09-01,3,Daegu,Middle,2022-07-01,2022Q3,1,26,22.12,438.83
H074,2024-09-01,2,Daegu,Low,2022-08-01,2022Q3,1,25,22.12,437.79
H075,2024-09-01,1,Daegu,Middle,,,0,,22.12,283.25
H076,2024-09-01,4,Daegu,High,,,0,,22.12,381.53
H077,2024-09-01,4,Daegu,Middle,2024-08-01,2024Q3,1,1,22.12,427.35
H078,2024-09-01,3,Busan,Middle,,,0,,22.12,285.26
H079,2024-09-01,2,Busan,Middle,2024-03-01,2024Q1,1,6,22.12,391.27
H080,2024-09-01,4,Seoul,Middle,2023-07-01,2023Q3,1,14,22.12,441.38
H081,2024-09-01,1,Daegu,Middle,2024-07-01,2024Q3,1,2,22.12,330.86
H082,2024-09-01,3,Busan,Low,2023-09-01,2023Q3,1,12,22.12,328.77
H083,2024-09-01,4,Gyeonggi,Middle,2024-11-01,2024Q4,0,-2,22.12,343.59
H084,2024-09-01,4,Gyeonggi,High,,,0,,22.12,418.73
H085,2024-09-01,5,Seoul,High,2023-03-01,2023Q1,1,18,22.12,465.23
H086,2024-09-01,4,Gyeonggi,Low,2022-08-01,2022Q3,1,25,22.12,411.33
H087,2024-09-01,2,Daegu,Low,,,0,,22.12,329.49
H088,2024-09-01,3,Seoul,High,2024-02-01,2024Q1,1,7,22.12,428.78
H089,2024-09-01,4,Seoul,High,2022-04-01,2022Q2,1,29,22.12,499.15
H090,2024-09-01,1,Seoul,Middle,2024-05-01,2024Q2,1,4,22.12,400.86
H091,2024-09-01,4,Gyeonggi,Middle,,,0,,22.12,440.26
H092,2024-09-01,2,Busan,Low,2023-10-01,2023Q4,1,11,22.12,374.06
H093,2024-09-01,3,Daegu,Middle,,,0,,22.12,333.22
H094,2024-09-01,3,Seoul,Middle,2024-10-01,2024Q4,0,-1,22.12,348.18
H095,2024-09-01,4,Seoul,Middle,,,0,,22.12,369.6
H096,2024-09-01,2,Daegu,High,2023-11-01,2023Q4,1,10,22.12,406.6
H097,2024-09-01,4,Daegu,Middle,,,0,,22.12,292.7
H098,2024-09-01,2,Daegu,Middle,,,0,,22.12,333.82
H099,2024-09-01,3,Busan,High,,,0,,22.12,348.94
H100,2024-09-01,2,Daegu,Middle,,,0,,22.12,305.45
H101,2024-09-01,2,Daegu,High,,,0,,22.12,336.33
H102,2024-09-01,2,Busan,Middle,,,0,,22.12,290.05
H103,2024-09-01,2,Gyeonggi,Middle,,,0,,22.12,255.78
H104,2024-09-01,3,Daegu,Middle,2023-04-01,2023Q2,1,17,22.12,447.76
H105,2024-09-01,3,Gyeonggi,Middle,,,0,,22.12,307.4
H106,2024-09-01,3,Busan,Middle,,,0,,22.12,290.02
H107,2024-09-01,2,Gyeonggi,Low,,,0,,22.12,292.3
H108,2024-09-01,4,Gyeonggi,Low,,,0,,22.12,370.92
H109,2024-09-01,2,Busan,High,2023-01-01,2023Q1,1,20,22.12,400.3
H110,2024-09-01,4,Gyeonggi,Low,,,0,,22.12,376.68
H111,2024-09-01,3,Gyeonggi,Middle,2023-08-01,2023Q3,1,13,22.12,445.07
H112,2024-09-01,3,Busan,Low,2023-02-01,2023Q1,1,19,22.12,357.39
H113,2024-09-01,4,Daegu,Middle,2024-05-01,2024Q2,1,4,22.12,409.64
H114,2024-09-01,1,Gyeonggi,Low,,,0,,22.12,289.06
H115,2024-09-01,3,Gyeonggi,High,2024-07-01,2024Q3,1,2,22.12,470.35
H116,2024-09-01,2,Seoul,Middle,,,0,,22.12,323.55
H117,2024-09-01,5,Gyeonggi,Middle,2024-02-01,2024Q1,1,7,22.12,472.65
H118,2024-09-01,2,Daegu,Middle,,,0,,22.12,275.46
H119,2024-09-01,2,Gyeonggi,Low,2022-05-01,2022Q2,1,28,22.12,391.84
H120,2024-09-01,4,Gyeonggi,Middle,,,0,,22.12,415.16
H001,2024-10-01,3,Seoul,Middle,2024-09-01,2024Q3,1,1,19.4,365.16
H002,2024-10-01,1,Daegu,Low,2022-09-01,2022Q3,1,25,19.4,371.3
H003,2024-10-01,3,Gyeonggi,Middle,,,0,,19.4,357.06
H004,2024-10-01,2,Seoul,High,2023-06-01,2023Q2,1,16,19.4,410.22
H005,2024-10-01,2,Gyeonggi,High,2023-10-01,2023Q4,1,12,19.4,406.17
H006,2024-10-01,2,Seoul,Middle,,,0,,19.4,296.18
H007,2024-10-01,5,Daegu,Low,,,0,,19.4,373.36
H008,2024-10-01,2,Gyeonggi,Middle,2022-05-01,2022Q2,1,29,19.4,410.94
H009,2024-10-01,5,Gyeonggi,High,,,0,,19.4,315.76
H010,2024-10-01,2,Busan,Low,2024-11-01,2024Q4,0,-1,19.4,245.41
H011,2024-10-01,1,Gyeonggi,Middle,2024-12-01,2024Q4,0,-2,19.4,297.73
H012,2024-10-01,3,Busan,High,,,0,,19.4,382.52
H013,2024-10-01,2,Seoul,High,,,0,,19.4,297.46
H014,2024-10-01,3,Busan,Low,,,0,,19.4,283.68
H015,2024-10-01,4,Daegu,Low,,,0,,19.4,348.14
H016,2024-10-01,4,Daegu,High,2022-03-01,2022Q1,1,31,19.4,449.6
H017,2024-10-01,3,Seoul,High,2024-07-01,2024Q3,1,3,19.4,414.25
H018,2024-10-01,3,Daegu,Middle,,,0,,19.4,346.32
H019,2024-10-01,3,Seoul,Middle,,,0,,19.4,336.47
H020,2024-10-01,4,Busan,Low,,,0,,19.4,337.18
H021,2024-10-01,3,Busan,High,2024-05-01,2024Q2,1,5,19.4,376.31
H022,2024-10-01,4,Gyeonggi,Low,,,0,,19.4,316.92
H023,2024-10-01,3,Seoul,Middle,2023-04-01,2023Q2,1,18,19.4,376.01
H024,2024-10-01,1,Seoul,Low,,,0,,19.4,267.47
H025,2024-10-01,1,Gyeonggi,Low,2024-07-01,2024Q3,1,3,19.4,296.33
H026,2024-10-01,5,Gyeonggi,Middle,2024-11-01,2024Q4,0,-1,19.4,420.75
H027,2024-10-01,2,Daegu,Low,,,0,,19.4,293.45
H028,2024-10-01,2,Gyeonggi,Low,,,0,,19.4,313.28
H029,2024-10-01,1,Seoul,High,2024-08-01,2024Q3,1,2,19.4,326.09
H030,2024-10-01,2,Gyeonggi,Middle,,,0,,19.4,286.16
H031,2024-10-01,3,Gyeonggi,High,2023-06-01,2023Q2,1,16,19.4,442.84
H032,2024-10-01,3,Daegu,High,2024-11-01,2024Q4,0,-1,19.4,326.95
H033,2024-10-01,1,Daegu,Middle,2024-08-01,2024Q3,1,2,19.4,345.33
H034,2024-10-01,1,Gyeonggi,Low,2022-08-01,2022Q3,1,26,19.4,339.38
H035,2024-10-01,4,Seoul,Low,,,0,,19.4,348.91
H036,2024-10-01,5,Gyeonggi,Low,,,0,,19.4,308.14
H037,2024-10-01,2,Daegu,High,2023-05-01,2023Q2,1,17,19.4,370.45
H038,2024-10-01,3,Daegu,Low,2022-10-01,2022Q4,1,24,19.4,422.07
H039,2024-10-01,4,Seoul,Middle,,,0,,19.4,391.59
H040,2024-10-01,4,Gyeonggi,Low,,,0,,19.4,375.76
H041,2024-10-01,4,Seoul,Middle,2024-04-01,2024Q2,1,6,19.4,427.88
H042,2024-10-01,3,Seoul,Middle,2024-10-01,2024Q4,1,0,19.4,380.18
H043,2024-10-01,3,Busan,Low,2024-11-01,2024Q4,0,-1,19.4,295.09
H044,2024-10-01,2,Busan,High,,,0,,19.4,241.22
H045,2024-10-01,1,Seoul,Low,,,0,,19.4,259.34
H046,2024-10-01,4,Gyeonggi,Middle,2024-12-01,2024Q4,0,-2,19.4,349.36
H047,2024-10-01,2,Seoul,Middle,2022-05-01,2022Q2,1,29,19.4,318.87
H048,2024-10-01,1,Seoul,Middle,2023-10-01,2023Q4,1,12,19.4,312.63
H049,2024-10-01,2,Busan,Low,,,0,,19.4,257.03
H050,2024-10-01,4,Seoul,Low,,,0,,19.4,344.19
H051,2024-10-01,2,Seoul,Middle,2023-09-01,2023Q3,1,13,19.4,442.53
H052,2024-10-01,4,Seoul,Low,,,0,,19.4,356.81
H053,2024-10-01,3,Gyeonggi,Middle,2022-01-01,2022Q1,1,33,19.4,433.05
H054,2024-10-01,2,Seoul,High,2022-11-01,2022Q4,1,23,19.4,372.64
H055,2024-10-01,1,Daegu,High,2022-03-01,2022Q1,1,31,19.4,320.06
H056,2024-10-01,4,Seoul,Low,,,0,,19.4,307.49
H057,2024-10-01,4,Daegu,High,2024-02-01,2024Q1,1,8,19.4,456.54
H058,2024-10-01,2,Seoul,High,2023-06-01,2023Q2,1,16,19.4,383.16
H059,2024-10-01,2,Gyeonggi,Low,2022-05-01,2022Q2,1,29,19.4,343.63
H060,2024-10-01,2,Daegu,Middle,,,0,,19.4,286.04
H061,2024-10-01,2,Seoul,Low,,,0,,19.4,322.62
H062,2024-10-01,2,Seoul,Middle,2023-07-01,2023Q3,1,15,19.4,385.22
H063,2024-10-01,3,Seoul,Middle,,,0,,19.4,315.18
H064,2024-10-01,1,Gyeonggi,Middle,2024-06-01,2024Q2,1,4,19.4,319.4
H065,2024-10-01,3,Seoul,Middle,2023-12-01,2023Q4,1,10,19.4,392.6
H066,2024-10-01,2,Gyeonggi,Low,,,0,,19.4,273.23
H067,2024-10-01,2,Gyeonggi,Middle,2023-04-01,2023Q2,1,18,19.4,401.04
H068,2024-10-01,3,Busan,Middle,,,0,,19.4,362.88
H069,2024-10-01,2,Daegu,High,,,0,,19.4,327.35
H070,2024-10-01,2,Busan,Low,,,0,,19.4,262.04
H071,2024-10-01,2,Busan,Low,2023-10-01,2023Q4,1,12,19.4,348.03
H072,2024-10-01,4,Seoul,Middle,,,0,,19.4,318.32
H073,2024-10-01,3,Daegu,Middle,2022-07-01,2022Q3,1,27,19.4,395.36
H074,2024-10-01,2,Daegu,Low,2022-08-01,2022Q3,1,26,19.4,371.88
H075,2024-10-01,1,Daegu,Middle,,,0,,19.4,241.04
H076,2024-10-01,4,Daegu,High,,,0,,19.4,364.95
H077,2024-10-01,4,Daegu,Middle,2024-08-01,2024Q3,1,2,19.4,394.07
H078,2024-10-01,3,Busan,Middle,,,0,,19.4,264.99
H079,2024-10-01,2,Busan,Middle,2024-03-01,2024Q1,1,7,19.4,288.58
H080,2024-10-01,4,Seoul,Middle,2023-07-01,2023Q3,1,15,19.4,436.63
H081,2024-10-01,1,Daegu,Middle,2024-07-01,2024Q3,1,3,19.4,325.18
H082,2024-10-01,3,Busan,Low,2023-09-01,2023Q3,1,13,19.4,322.73
H083,2024-10-01,4,Gyeonggi,Middle,2024-11-01,2024Q4,0,-1,19.4,365.35
H084,2024-10-01,4,Gyeonggi,High,,,0,,19.4,388.27
H085,2024-10-01,5,Seoul,High,2023-03-01,2023Q1,1,19,19.4,463.49
H086,2024-10-01,4,Gyeonggi,Low,2022-08-01,2022Q3,1,26,19.4,414.07
H087,2024-10-01,2,Daegu,Low,,,0,,19.4,309.59
H088,2024-10-01,3,Seoul,High,2024-02-01,2024Q1,1,8,19.4,394.75
H089,2024-10-01,4,Seoul,High,2022-04-01,2022Q2,1,30,19.4,469.16
H090,2024-10-01,1,Seoul,Middle,2024-05-01,2024Q2,1,5,19.4,331.43
H091,2024-10-01,4,Gyeonggi,Middle,,,0,,19.4,399.23
H092,2024-10-01,2,Busan,Low,2023-10-01,2023Q4,1,12,19.4,340.75
H093,2024-10-01,3,Daegu,Middle,,,0,,19.4,330.27
H094,2024-10-01,3,Seoul,Middle,2024-10-01,2024Q4,1,0,19.4,393.24
H095,2024-10-01,4,Seoul,Middle,,,0,,19.4,312.09
H096,2024-10-01,2,Daegu,High,2023-11-01,2023Q4,1,11,19.4,421.44
H097,2024-10-01,4,Daegu,Middle,,,0,,19.4,299.62
H098,2024-10-01,2,Daegu,Middle,,,0,,19.4,284.85
H099,2024-10-01,3,Busan,High,,,0,,19.4,311.43
H100,2024-10-01,2,Daegu,Middle,,,0,,19.4,252.12
H101,2024-10-01,2,Daegu,High,,,0,,19.4,317.88
H102,2024-10-01,2,Busan,Middle,,,0,,19.4,289.2
H103,2024-10-01,2,Gyeonggi,Middle,,,0,,19.4,247.76
H104,2024-10-01,3,Daegu,Middle,2023-04-01,2023Q2,1,18,19.4,429.65
H105,2024-10-01,3,Gyeonggi,Middle,,,0,,19.4,319.55
H106,2024-10-01,3,Busan,Middle,,,0,,19.4,298.52
H107,2024-10-01,2,Gyeonggi,Low,,,0,,19.4,239.57
H108,2024-10-01,4,Gyeonggi,Low,,,0,,19.4,360.13
H109,2024-10-01,2,Busan,High,2023-01-01,2023Q1,1,21,19.4,352.63
H110,2024-10-01,4,Gyeonggi,Low,,,0,,19.4,300.66
H111,2024-10-01,3,Gyeonggi,Middle,2023-08-01,2023Q3,1,14,19.4,408.82
H112,2024-10-01,3,Busan,Low,2023-02-01,2023Q1,1,20,19.4,417.09
H113,2024-10-01,4,Daegu,Middle,2024-05-01,2024Q2,1,5,19.4,333.38
H114,2024-10-01,1,Gyeonggi,Low,,,0,,19.4,201.75
H115,2024-10-01,3,Gyeonggi,High,2024-07-01,2024Q3,1,3,19.4,362.87
H116,2024-10-01,2,Seoul,Middle,,,0,,19.4,338.54
H117,2024-10-01,5,Gyeonggi,Middle,2024-02-01,2024Q1,1,8,19.4,421.69
H118,2024-10-01,2,Daegu,Middle,,,0,,19.4,275.91
H119,2024-10-01,2,Gyeonggi,Low,2022-05-01,2022Q2,1,29,19.4,394.7
H120,2024-10-01,4,Gyeonggi,Middle,,,0,,19.4,411.94
H001,2024-11-01,3,Seoul,Middle,2024-09-01,2024Q3,1,2,12.15,425.79
H002,2024-11-01,1,Daegu,Low,2022-09-01,2022Q3,1,26,12.15,363.17
H003,2024-11-01,3,Gyeonggi,Middle,,,0,,12.15,300.0
H004,2024-11-01,2,Seoul,High,2023-06-01,2023Q2,1,17,12.15,369.07
H005,2024-11-01,2,Gyeonggi,High,2023-10-01,2023Q4,1,13,12.15,390.98
H006,2024-11-01,2,Seoul,Middle,,,0,,12.15,280.09
H007,2024-11-01,5,Daegu,Low,,,0,,12.15,371.38
H008,2024-11-01,2,Gyeonggi,Middle,2022-05-01,2022Q2,1,30,12.15,447.14
H009,2024-11-01,5,Gyeonggi,High,,,0,,12.15,350.46
H010,2024-11-01,2,Busan,Low,2024-11-01,2024Q4,1,0,12.15,383.2
H011,2024-11-01,1,Gyeonggi,Middle,2024-12-01,2024Q4,0,-1,12.15,248.4
H012,2024-11-01,3,Busan,High,,,0,,12.15,357.42
H013,2024-11-01,2,Seoul,High,,,0,,12.15,316.33
H014,2024-11-01,3,Busan,Low,,,0,,12.15,335.74
H015,2024-11-01,4,Daegu,Low,,,0,,12.15,363.34
H016,2024-11-01,4,Daegu,High,2022-03-01,2022Q1,1,32,12.15,495.01
H017,2024-11-01,3,Seoul,High,2024-07-01,2024Q3,1,4,12.15,469.72
H018,2024-11-01,3,Daegu,Middle,,,0,,12.15,351.73
H019,2024-11-01,3,Seoul,Middle,,,0,,12.15,385.34
H020,2024-11-01,4,Busan,Low,,,0,,12.15,382.83
H021,2024-11-01,3,Busan,High,2024-05-01,2024Q2,1,6,12.15,431.03
H022,2024-11-01,4,Gyeonggi,Low,,,0,,12.15,359.9
H023,2024-11-01,3,Seoul,Middle,2023-04-01,2023Q2,1,19,12.15,425.08
H024,2024-11-01,1,Seoul,Low,,,0,,12.15,244.17
H025,2024-11-01,1,Gyeonggi,Low,2024-07-01,2024Q3,1,4,12.15,316.56
H026,2024-11-01,5,Gyeonggi,Middle,2024-11-01,2024Q4,1,0,12.15,470.83
H027,2024-11-01,2,Daegu,Low,,,0,,12.15,254.41
H028,2024-11-01,2,Gyeonggi,Low,,,0,,12.15,296.53
H029,2024-11-01,1,Seoul,High,2024-08-01,2024Q3,1,3,12.15,411.19
H030,2024-11-01,2,Gyeonggi,Middle,,,0,,12.15,266.87
H031,2024-11-01,3,Gyeonggi,High,2023-06-01,2023Q2,1,17,12.15,456.36
H032,2024-11-01,3,Daegu,High,2024-11-01,2024Q4,1,0,12.15,406.81
H033,2024-11-01,1,Daegu,Middle,2024-08-01,2024Q3,1,3,12.15,370.24
H034,2024-11-01,1,Gyeonggi,Low,2022-08-01,2022Q3,1,27,12.15,326.36
H035,2024-11-01,4,Seoul,Low,,,0,,12.15,366.86
H036,2024-11-01,5,Gyeonggi,Low,,,0,,12.15,375.76
H037,2024-11-01,2,Daegu,High,2023-05-01,2023Q2,1,18,12.15,390.71
H038,2024-11-01,3,Daegu,Low,2022-10-01,2022Q4,1,25,12.15,443.47
H039,2024-11-01,4,Seoul,Middle,,,0,,12.15,385.32
H040,2024-11-01,4,Gyeonggi,Low,,,0,,12.15,377.39
H041,2024-11-01,4,Seoul,Middle,2024-04-01,2024Q2,1,7,12.15,406.37
H042,2024-11-01,3,Seoul,Middle,2024-10-01,2024Q4,1,1,12.15,399.17
H043,2024-11-01,3,Busan,Low,2024-11-01,2024Q4,1,0,12.15,434.99
H044,2024-11-01,2,Busan,High,,,0,,12.15,289.47
H045,2024-11-01,1,Seoul,Low,,,0,,12.15,236.73
H046,2024-11-01,4,Gyeonggi,Middle,2024-12-01,2024Q4,0,-1,12.15,400.81
H047,2024-11-01,2,Seoul,Middle,2022-05-01,2022Q2,1,30,12.15,330.68
H048,2024-11-01,1,Seoul,Middle,2023-10-01,2023Q4,1,13,12.15,314.0
H049,2024-11-01,2,Busan,Low,,,0,,12.15,240.15
H050,2024-11-01,4,Seoul,Low,,,0,,12.15,302.44
H051,2024-11-01,2,Seoul,Middle,2023-09-01,2023Q3,1,14,12.15,444.45
H052,2024-11-01,4,Seoul,Low,,,0,,12.15,368.29
H053,2024-11-01,3,Gyeonggi,Middle,2022-01-01,2022Q1,1,34,12.15,414.95
H054,2024-11-01,2,Seoul,High,2022-11-01,2022Q4,1,24,12.15,374.08
H055,2024-11-01,1,Daegu,High,2022-03-01,2022Q1,1,32,12.15,387.13
H056,2024-11-01,4,Seoul,Low,,,0,,12.15,314.86
H057,2024-11-01,4,Daegu,High,2024-02-01,2024Q1,1,9,12.15,511.93
H058,2024-11-01,2,Seoul,High,2023-06-01,2023Q2,1,17,12.15,369.83
H059,2024-11-01,2,Gyeonggi,Low,2022-05-01,2022Q2,1,30,12.15,395.58
H060,2024-11-01,2,Daegu,Middle,,,0,,12.15,257.04
H061,2024-11-01,2,Seoul,Low,,,0,,12.15,342.29
H062,2024-11-01,2,Seoul,Middle,2023-07-01,2023Q3,1,16,12.15,402.4
H063,2024-11-01,3,Seoul,Middle,,,0,,12.15,317.09
H064,2024-11-01,1,Gyeonggi,Middle,2024-06-01,2024Q2,1,5,12.15,307.24
H065,2024-11-01,3,Seoul,Middle,2023-12-01,2023Q4,1,11,12.15,433.86
H066,2024-11-01,2,Gyeonggi,Low,,,0,,12.15,297.43
H067,2024-11-01,2,Gyeonggi,Middle,2023-04-01,2023Q2,1,19,12.15,369.67
H068,2024-11-01,3,Busan,Middle,,,0,,12.15,323.28
H069,2024-11-01,2,Daegu,High,,,0,,12.15,332.89
H070,2024-11-01,2,Busan,Low,,,0,,12.15,281.55
H071,2024-11-01,2,Busan,Low,2023-10-01,2023Q4,1,13,12.15,382.86
H072,2024-11-01,4,Seoul,Middle,,,0,,12.15,359.56
H073,2024-11-01,3,Daegu,Middle,2022-07-01,2022Q3,1,28,12.15,461.24
H074,2024-11-01,2,Daegu,Low,2022-08-01,2022Q3,1,27,12.15,379.22
H075,2024-11-01,1,Daegu,Middle,,,0,,12.15,303.05
H076,2024-11-01,4,Daegu,High,,,0,,12.15,334.54
H077,2024-11-01,4,Daegu,Middle,2024-08-01,2024Q3,1,3,12.15,441.77
H078,2024-11-01,3,Busan,Middle,,,0,,12.15,288.32
H079,2024-11-01,2,Busan,Middle,2024-03-01,2024Q1,1,8,12.15,365.9
H080,2024-11-01,4,Seoul,Middle,2023-07-01,2023Q3,1,16,12.15,455.22
H081,2024-11-01,1,Daegu,Middle,2024-07-01,2024Q3,1,4,12.15,366.1
H082,2024-11-01,3,Busan,Low,2023-09-01,2023Q3,1,14,12.15,357.93
H083,2024-11-01,4,Gyeonggi,Middle,2024-11-01,2024Q4,1,0,12.15,391.81
H084,2024-11-01,4,Gyeonggi,High,,,0,,12.15,420.83
H085,2024-11-01,5,Seoul,High,2023-03-01,2023Q1,1,20,12.15,506.85
H086,2024-11-01,4,Gyeonggi,Low,2022-08-01,2022Q3,1,27,12.15,448.33
H087,2024-11-01,2,Daegu,Low,,,0,,12.15,300.37
H088,2024-11-01,3,Seoul,High,2024-02-01,2024Q1,1,9,12.15,471.21
H089,2024-11-01,4,Seoul,High,2022-04-01,2022Q2,1,31,12.15,483.94
H090,2024-11-01,1,Seoul,Middle,2024-05-01,2024Q2,1,6,12.15,375.44
H091,2024-11-01,4,Gyeonggi,Middle,,,0,,12.15,407.17
H092,2024-11-01,2,Busan,Low,2023-10-01,2023Q4,1,13,12.15,397.79
H093,2024-11-01,3,Daegu,Middle,,,0,,12.15,282.55
H094,2024-11-01,3,Seoul,Middle,2024-10-01,2024Q4,1,1,12.15,371.81
H095,2024-11-01,4,Seoul,Middle,,,0,,12.15,347.19
H096,2024-11-01,2,Daegu,High,2023-11-01,2023Q4,1,12,12.15,408.54
H097,2024-11-01,4,Daegu,Middle,,,0,,12.15,309.05
H098,2024-11-01,2,Daegu,Middle,,,0,,12.15,344.88
H099,2024-11-01,3,Busan,High,,,0,,12.15,325.75
H100,2024-11-01,2,Daegu,Middle,,,0,,12.15,293.9
H101,2024-11-01,2,Daegu,High,,,0,,12.15,328.02
H102,2024-11-01,2,Busan,Middle,,,0,,12.15,297.06
H103,2024-11-01,2,Gyeonggi,Middle,,,0,,12.15,208.17
H104,2024-11-01,3,Daegu,Middle,2023-04-01,2023Q2,1,19,12.15,373.05
H105,2024-11-01,3,Gyeonggi,Middle,,,0,,12.15,300.76
H106,2024-11-01,3,Busan,Middle,,,0,,12.15,357.28
H107,2024-11-01,2,Gyeonggi,Low,,,0,,12.15,277.3
H108,2024-11-01,4,Gyeonggi,Low,,,0,,12.15,356.49
H109,2024-11-01,2,Busan,High,2023-01-01,2023Q1,1,22,12.15,458.09
H110,2024-11-01,4,Gyeonggi,Low,,,0,,12.15,331.58
H111,2024-11-01,3,Gyeonggi,Middle,2023-08-01,2023Q3,1,15,12.15,433.47
H112,2024-11-01,3,Busan,Low,2023-02-01,2023Q1,1,21,12.15,396.31
H113,2024-11-01,4,Daegu,Middle,2024-05-01,2024Q2,1,6,12.15,383.11
H114,2024-11-01,1,Gyeonggi,Low,,,0,,12.15,226.49
H115,2024-11-01,3,Gyeonggi,High,2024-07-01,2024Q3,1,4,12.15,378.26
H116,2024-11-01,2,Seoul,Middle,,,0,,12.15,330.34
H117,2024-11-01,5,Gyeonggi,Middle,2024-02-01,2024Q1,1,9,12.15,453.53
H118,2024-11-01,2,Daegu,Middle,,,0,,12.15,291.83
H119,2024-11-01,2,Gyeonggi,Low,2022-05-01,2022Q2,1,30,12.15,380.41
H120,2024-11-01,4,Gyeonggi,Middle,,,0,,12.15,428.14
H001,2024-12-01,3,Seoul,Middle,2024-09-01,2024Q3,1,3,10.3,396.21
H002,2024-12-01,1,Daegu,Low,2022-09-01,2022Q3,1,27,10.3,378.07
H003,2024-12-01,3,Gyeonggi,Middle,,,0,,10.3,308.31
H004,2024-12-01,2,Seoul,High,2023-06-01,2023Q2,1,18,10.3,381.46
H005,2024-12-01,2,Gyeonggi,High,2023-10-01,2023Q4,1,14,10.3,374.88
H006,2024-12-01,2,Seoul,Middle,,,0,,10.3,357.54
H007,2024-12-01,5,Daegu,Low,,,0,,10.3,360.27
H008,2024-12-01,2,Gyeonggi,Middle,2022-05-01,2022Q2,1,31,10.3,456.06
H009,2024-12-01,5,Gyeonggi,High,,,0,,10.3,369.84
H010,2024-12-01,2,Busan,Low,2024-11-01,2024Q4,1,1,10.3,322.75
H011,2024-12-01,1,Gyeonggi,Middle,2024-12-01,2024Q4,1,0,10.3,396.59
H012,2024-12-01,3,Busan,High,,,0,,10.3,330.51
H013,2024-12-01,2,Seoul,High,,,0,,10.3,294.36
H014,2024-12-01,3,Busan,Low,,,0,,10.3,350.4
H015,2024-12-01,4,Daegu,Low,,,0,,10.3,376.19
H016,2024-12-01,4,Daegu,High,2022-03-01,2022Q1,1,33,10.3,494.7
H017,2024-12-01,3,Seoul,High,2024-07-01,2024Q3,1,5,10.3,474.48
H018,2024-12-01,3,Daegu,Middle,,,0,,10.3,316.31
H019,2024-12-01,3,Seoul,Middle,,,0,,10.3,389.41
H020,2024-12-01,4,Busan,Low,,,0,,10.3,345.26
H021,2024-12-01,3,Busan,High,2024-05-01,2024Q2,1,7,10.3,464.92
H022,2024-12-01,4,Gyeonggi,Low,,,0,,10.3,317.33
H023,2024-12-01,3,Seoul,Middle,2023-04-01,2023Q2,1,20,10.3,421.79
H024,2024-12-01,1,Seoul,Low,,,0,,10.3,253.32
H025,2024-12-01,1,Gyeonggi,Low,2024-07-01,2024Q3,1,5,10.3,306.31
H026,2024-12-01,5,Gyeonggi,Middle,2024-11-01,2024Q4,1,1,10.3,466.08
H027,2024-12-01,2,Daegu,Low,,,0,,10.3,319.97
H028,2024-12-01,2,Gyeonggi,Low,,,0,,10.3,314.65
H029,2024-12-01,1,Seoul,High,2024-08-01,2024Q3,1,4,10.3,386.62
H030,2024-12-01,2,Gyeonggi,Middle,,,0,,10.3,292.96
H031,2024-12-01,3,Gyeonggi,High,2023-06-01,2023Q2,1,18,10.3,486.02
H032,2024-12-01,3,Daegu,High,2024-11-01,2024Q4,1,1,10.3,375.96
H033,2024-12-01,1,Daegu,Middle,2024-08-01,2024Q3,1,4,10.3,318.66
H034,2024-12-01,1,Gyeonggi,Low,2022-08-01,2022Q3,1,28,10.3,389.08
H035,2024-12-01,4,Seoul,Low,,,0,,10.3,343.76
H036,2024-12-01,5,Gyeonggi,Low,,,0,,10.3,425.91
H037,2024-12-01,2,Daegu,High,2023-05-01,2023Q2,1,19,10.3,415.57
H038,2024-12-01,3,Daegu,Low,2022-10-01,2022Q4,1,26,10.3,426.87
H039,2024-12-01,4,Seoul,Middle,,,0,,10.3,398.84
H040,2024-12-01,4,Gyeonggi,Low,,,0,,10.3,351.26
H041,2024-12-01,4,Seoul,Middle,2024-04-01,2024Q2,1,8,10.3,454.53
H042,2024-12-01,3,Seoul,Middle,2024-10-01,2024Q4,1,2,10.3,445.73
H043,2024-12-01,3,Busan,Low,2024-11-01,2024Q4,1,1,10.3,416.35
H044,2024-12-01,2,Busan,High,,,0,,10.3,283.82
H045,2024-12-01,1,Seoul,Low,,,0,,10.3,303.51
H046,2024-12-01,4,Gyeonggi,Middle,2024-12-01,2024Q4,1,0,10.3,427.47
H047,2024-12-01,2,Seoul,Middle,2022-05-01,2022Q2,1,31,10.3,346.95
H048,2024-12-01,1,Seoul,Middle,2023-10-01,2023Q4,1,14,10.3,358.55
H049,2024-12-01,2,Busan,Low,,,0,,10.3,307.19
H050,2024-12-01,4,Seoul,Low,,,0,,10.3,307.68
H051,2024-12-01,2,Seoul,Middle,2023-09-01,2023Q3,1,15,10.3,467.25
H052,2024-12-01,4,Seoul,Low,,,0,,10.3,388.92
H053,2024-12-01,3,Gyeonggi,Middle,2022-01-01,2022Q1,1,35,10.3,406.61
H054,2024-12-01,2,Seoul,High,2022-11-01,2022Q4,1,25,10.3,417.07
H055,2024-12-01,1,Daegu,High,2022-03-01,2022Q1,1,33,10.3,377.04
H056,2024-12-01,4,Seoul,Low,,,0,,10.3,255.54
H057,2024-12-01,4,Daegu,High,2024-02-01,2024Q1,1,10,10.3,513.28
H058,2024-12-01,2,Seoul,High,2023-06-01,2023Q2,1,18,10.3,347.45
H059,2024-12-01,2,Gyeonggi,Low,2022-05-01,2022Q2,1,31,10.3,372.24
H060,2024-12-01,2,Daegu,Middle,,,0,,10.3,259.03
H061,2024-12-01,2,Seoul,Low,,,0,,10.3,291.9
H062,2024-12-01,2,Seoul,Middle,2023-07-01,2023Q3,1,17,10.3,423.78
H063,2024-12-01,3,Seoul,Middle,,,0,,10.3,336.08
H064,2024-12-01,1,Gyeonggi,Middle,2024-06-01,2024Q2,1,6,10.3,320.99
H065,2024-12-01,3,Seoul,Middle,2023-12-01,2023Q4,1,12,10.3,416.9
H066,2024-12-01,2,Gyeonggi,Low,,,0,,10.3,320.42
H067,2024-12-01,2,Gyeonggi,Middle,2023-04-01,2023Q2,1,20,10.3,427.03
H068,2024-12-01,3,Busan,Middle,,,0,,10.3,364.16
H069,2024-12-01,2,Daegu,High,,,0,,10.3,328.52
H070,2024-12-01,2,Busan,Low,,,0,,10.3,248.84
H071,2024-12-01,2,Busan,Low,2023-10-01,2023Q4,1,14,10.3,398.67
H072,2024-12-01,4,Seoul,Middle,,,0,,10.3,386.76
H073,2024-12-01,3,Daegu,Middle,2022-07-01,2022Q3,1,29,10.3,411.99
H074,2024-12-01,2,Daegu,Low,2022-08-01,2022Q3,1,28,10.3,404.29
H075,2024-12-01,1,Daegu,Middle,,,0,,10.3,318.54
H076,2024-12-01,4,Daegu,High,,,0,,10.3,383.49
H077,2024-12-01,4,Daegu,Middle,2024-08-01,2024Q3,1,4,10.3,376.94
H078,2024-12-01,3,Busan,Middle,,,0,,10.3,278.17
H079,2024-12-01,2,Busan,Middle,2024-03-01,2024Q1,1,9,10.3,394.23
H080,2024-12-01,4,Seoul,Middle,2023-07-01,2023Q3,1,17,10.3,417.58
H081,2024-12-01,1,Daegu,Middle,2024-07-01,2024Q3,1,5,10.3,384.79
H082,2024-12-01,3,Busan,Low,2023-09-01,2023Q3,1,15,10.3,326.49
H083,2024-12-01,4,Gyeonggi,Middle,2024-11-01,2024Q4,1,1,10.3,442.42
H084,2024-12-01,4,Gyeonggi,High,,,0,,10.3,389.6
H085,2024-12-01,5,Seoul,High,2023-03-01,2023Q1,1,21,10.3,436.24
H086,2024-12-01,4,Gyeonggi,Low,2022-08-01,2022Q3,1,28,10.3,436.78
H087,2024-12-01,2,Daegu,Low,,,0,,10.3,314.29
H088,2024-12-01,3,Seoul,High,2024-02-01,2024Q1,1,10,10.3,472.37
H089,2024-12-01,4,Seoul,High,2022-04-01,2022Q2,1,32,10.3,508.09
H090,2024-12-01,1,Seoul,Middle,2024-05-01,2024Q2,1,7,10.3,321.01
H091,2024-12-01,4,Gyeonggi,Middle,,,0,,10.3,408.78
H092,2024-12-01,2,Busan,Low,2023-10-01,2023Q4,1,14,10.3,396.83
H093,2024-12-01,3,Daegu,Middle,,,0,,10.3,351.25
H094,2024-12-01,3,Seoul,Middle,2024-10-01,2024Q4,1,2,10.3,447.31
H095,2024-12-01,4,Seoul,Middle,,,0,,10.3,391.61
H096,2024-12-01,2,Daegu,High,2023-11-01,2023Q4,1,13,10.3,407.44
H097,2024-12-01,4,Daegu,Middle,,,0,,10.3,337.22
H098,2024-12-01,2,Daegu,Middle,,,0,,10.3,376.54
H099,2024-12-01,3,Busan,High,,,0,,10.3,380.02
H100,2024-12-01,2,Daegu,Middle,,,0,,10.3,280.52
H101,2024-12-01,2,Daegu,High,,,0,,10.3,292.51
H102,2024-12-01,2,Busan,Middle,,,0,,10.3,275.26
H103,2024-12-01,2,Gyeonggi,Middle,,,0,,10.3,289.57
H104,2024-12-01,3,Daegu,Middle,2023-04-01,2023Q2,1,20,10.3,425.27
H105,2024-12-01,3,Gyeonggi,Middle,,,0,,10.3,312.68
H106,2024-12-01,3,Busan,Middle,,,0,,10.3,300.67
H107,2024-12-01,2,Gyeonggi,Low,,,0,,10.3,284.06
H108,2024-12-01,4,Gyeonggi,Low,,,0,,10.3,381.98
H109,2024-12-01,2,Busan,High,2023-01-01,2023Q1,1,23,10.3,417.68
H110,2024-12-01,4,Gyeonggi,Low,,,0,,10.3,351.13
H111,2024-12-01,3,Gyeonggi,Middle,2023-08-01,2023Q3,1,16,10.3,392.08
H112,2024-12-01,3,Busan,Low,2023-02-01,2023Q1,1,22,10.3,441.92
H113,2024-12-01,4,Daegu,Middle,2024-05-01,2024Q2,1,7,10.3,443.33
H114,2024-12-01,1,Gyeonggi,Low,,,0,,10.3,282.9
H115,2024-12-01,3,Gyeonggi,High,2024-07-01,2024Q3,1,5,10.3,352.62
H116,2024-12-01,2,Seoul,Middle,,,0,,10.3,362.02
H117,2024-12-01,5,Gyeonggi,Middle,2024-02-01,2024Q1,1,10,10.3,448.56
H118,2024-12-01,2,Daegu,Middle,,,0,,10.3,324.11
H119,2024-12-01,2,Gyeonggi,Low,2022-05-01,2022Q2,1,31,10.3,412.2
H120,2024-12-01,4,Gyeonggi,Middle,,,0,,10.3,435.19
H001,2025-01-01,3,Seoul,Middle,2024-09-01,2024Q3,1,4,3.62,460.25
H002,2025-01-01,1,Daegu,Low,2022-09-01,2022Q3,1,28,3.62,376.02
H003,2025-01-01,3,Gyeonggi,Middle,,,0,,3.62,313.31
H004,2025-01-01,2,Seoul,High,2023-06-01,2023Q2,1,19,3.62,384.45
H005,2025-01-01,2,Gyeonggi,High,2023-10-01,2023Q4,1,15,3.62,417.44
H006,2025-01-01,2,Seoul,Middle,,,0,,3.62,337.04
H007,2025-01-01,5,Daegu,Low,,,0,,3.62,345.8
H008,2025-01-01,2,Gyeonggi,Middle,2022-05-01,2022Q2,1,32,3.62,453.4
H009,2025-01-01,5,Gyeonggi,High,,,0,,3.62,395.37
H010,2025-01-01,2,Busan,Low,2024-11-01,2024Q4,1,2,3.62,370.5
H011,2025-01-01,1,Gyeonggi,Middle,2024-12-01,2024Q4,1,1,3.62,335.68
H012,2025-01-01,3,Busan,High,,,0,,3.62,358.78
H013,2025-01-01,2,Seoul,High,,,0,,3.62,327.31
H014,2025-01-01,3,Busan,Low,,,0,,3.62,317.66
H015,2025-01-01,4,Daegu,Low,,,0,,3.62,392.95
H016,2025-01-01,4,Daegu,High,2022-03-01,2022Q1,1,34,3.62,461.29
H017,2025-01-01,3,Seoul,High,2024-07-01,2024Q3,1,6,3.62,409.67
H018,2025-01-01,3,Daegu,Middle,,,0,,3.62,299.01
H019,2025-01-01,3,Seoul,Middle,,,0,,3.62,397.62
H020,2025-01-01,4,Busan,Low,,,0,,3.62,372.41
H021,2025-01-01,3,Busan,High,2024-05-01,2024Q2,1,8,3.62,434.06
H022,2025-01-01,4,Gyeonggi,Low,,,0,,3.62,345.69
H023,2025-01-01,3,Seoul,Middle,2023-04-01,2023Q2,1,21,3.62,434.06
H024,2025-01-01,1,Seoul,Low,,,0,,3.62,258.55
H025,2025-01-01,1,Gyeonggi,Low,2024-07-01,2024Q3,1,6,3.62,294.09
H026,2025-01-01,5,Gyeonggi,Middle,2024-11-01,2024Q4,1,2,3.62,466.7
H027,2025-01-01,2,Daegu,Low,,,0,,3.62,262.08
H028,2025-01-01,2,Gyeonggi,Low,,,0,,3.62,319.72
H029,2025-01-01,1,Seoul,High,2024-08-01,2024Q3,1,5,3.62,366.07
H030,2025-01-01,2,Gyeonggi,Middle,,,0,,3.62,311.99
H031,2025-01-01,3,Gyeonggi,High,2023-06-01,2023Q2,1,19,3.62,459.76
H032,2025-01-01,3,Daegu,High,2024-11-01,2024Q4,1,2,3.62,404.89
H033,2025-01-01,1,Daegu,Middle,2024-08-01,2024Q3,1,5,3.62,376.64
H034,2025-01-01,1,Gyeonggi,Low,2022-08-01,2022Q3,1,29,3.62,424.03
H035,2025-01-01,4,Seoul,Low,,,0,,3.62,352.16
H036,2025-01-01,5,Gyeonggi,Low,,,0,,3.62,443.65
H037,2025-01-01,2,Daegu,High,2023-05-01,2023Q2,1,20,3.62,393.39
H038,2025-01-01,3,Daegu,Low,2022-10-01,2022Q4,1,27,3.62,384.74
H039,2025-01-01,4,Seoul,Middle,,,0,,3.62,368.81
H040,2025-01-01,4,Gyeonggi,Low,,,0,,3.62,385.46
H041,2025-01-01,4,Seoul,Middle,2024-04-01,2024Q2,1,9,3.62,449.78
H042,2025-01-01,3,Seoul,Middle,2024-10-01,2024Q4,1,3,3.62,384.45
H043,2025-01-01,3,Busan,Low,2024-11-01,2024Q4,1,2,3.62,375.66
H044,2025-01-01,2,Busan,High,,,0,,3.62,283.49
H045,2025-01-01,1,Seoul,Low,,,0,,3.62,288.76
H046,2025-01-01,4,Gyeonggi,Middle,2024-12-01,2024Q4,1,1,3.62,488.23
H047,2025-01-01,2,Seoul,Middle,2022-05-01,2022Q2,1,32,3.62,346.87
H048,2025-01-01,1,Seoul,Middle,2023-10-01,2023Q4,1,15,3.62,339.55
H049,2025-01-01,2,Busan,Low,,,0,,3.62,269.12
H050,2025-01-01,4,Seoul,Low,,,0,,3.62,286.35
H051,2025-01-01,2,Seoul,Middle,2023-09-01,2023Q3,1,16,3.62,441.54
H052,2025-01-01,4,Seoul,Low,,,0,,3.62,408.81
H053,2025-01-01,3,Gyeonggi,Middle,2022-01-01,2022Q1,1,36,3.62,437.88
H054,2025-01-01,2,Seoul,High,2022-11-01,2022Q4,1,26,3.62,381.82
H055,2025-01-01,1,Daegu,High,2022-03-01,2022Q1,1,34,3.62,414.74
H056,2025-01-01,4,Seoul,Low,,,0,,3.62,311.95
H057,2025-01-01,4,Daegu,High,2024-02-01,2024Q1,1,11,3.62,505.97
H058,2025-01-01,2,Seoul,High,2023-06-01,2023Q2,1,19,3.62,400.81
H059,2025-01-01,2,Gyeonggi,Low,2022-05-01,2022Q2,1,32,3.62,385.56
H060,2025-01-01,2,Daegu,Middle,,,0,,3.62,318.4
H061,2025-01-01,2,Seoul,Low,,,0,,3.62,279.29
H062,2025-01-01,2,Seoul,Middle,2023-07-01,2023Q3,1,18,3.62,397.7
H063,2025-01-01,3,Seoul,Middle,,,0,,3.62,266.85
H064,2025-01-01,1,Gyeonggi,Middle,2024-06-01,2024Q2,1,7,3.62,349.6
H065,2025-01-01,3,Seoul,Middle,2023-12-01,2023Q4,1,13,3.62,471.2
H066,2025-01-01,2,Gyeonggi,Low,,,0,,3.62,288.76
H067,2025-01-01,2,Gyeonggi,Middle,2023-04-01,2023Q2,1,21,3.62,368.8
H068,2025-01-01,3,Busan,Middle,,,0,,3.62,352.12
H069,2025-01-01,2,Daegu,High,,,0,,3.62,379.08
H070,2025-01-01,2,Busan,Low,,,0,,3.62,296.96
H071,2025-01-01,2,Busan,Low,2023-10-01,2023Q4,1,15,3.62,370.49
H072,2025-01-01,4,Seoul,Middle,,,0,,3.62,409.99
H073,2025-01-01,3,Daegu,Middle,2022-07-01,2022Q3,1,30,3.62,425.82
H074,2025-01-01,2,Daegu,Low,2022-08-01,2022Q3,1,29,3.62,447.44
H075,2025-01-01,1,Daegu,Middle,,,0,,3.62,345.35
H076,2025-01-01,4,Daegu,High,,,0,,3.62,353.76
H077,2025-01-01,4,Daegu,Middle,2024-08-01,2024Q3,1,5,3.62,406.69
H078,2025-01-01,3,Busan,Middle,,,0,,3.62,298.35
H079,2025-01-01,2,Busan,Middle,2024-03-01,2024Q1,1,10,3.62,381.44
H080,2025-01-01,4,Seoul,Middle,2023-07-01,2023Q3,1,18,3.62,454.82
H081,2025-01-01,1,Daegu,Middle,2024-07-01,2024Q3,1,6,3.62,372.83
H082,2025-01-01,3,Busan,Low,2023-09-01,2023Q3,1,16,3.62,354.84
H083,2025-01-01,4,Gyeonggi,Middle,2024-11-01,2024Q4,1,2,3.62,476.83
H084,2025-01-01,4,Gyeonggi,High,,,0,,3.62,338.45
H085,2025-01-01,5,Seoul,High,2023-03-01,2023Q1,1,22,3.62,506.31
H086,2025-01-01,4,Gyeonggi,Low,2022-08-01,2022Q3,1,29,3.62,438.5
H087,2025-01-01,2,Daegu,Low,,,0,,3.62,314.49
H088,2025-01-01,3,Seoul,High,2024-02-01,2024Q1,1,11,3.62,414.95
H089,2025-01-01,4,Seoul,High,2022-04-01,2022Q2,1,33,3.62,518.52
H090,2025-01-01,1,Seoul,Middle,2024-05-01,2024Q2,1,8,3.62,333.78
H091,2025-01-01,4,Gyeonggi,Middle,,,0,,3.62,404.31
H092,2025-01-01,2,Busan,Low,2023-10-01,2023Q4,1,15,3.62,401.39
H093,2025-01-01,3,Daegu,Middle,,,0,,3.62,291.97
H094,2025-01-01,3,Seoul,Middle,2024-10-01,2024Q4,1,3,3.62,412.75
H095,2025-01-01,4,Seoul,Middle,,,0,,3.62,353.0
H096,2025-01-01,2,Daegu,High,2023-11-01,2023Q4,1,14,3.62,435.45
H097,2025-01-01,4,Daegu,Middle,,,0,,3.62,317.54
H098,2025-01-01,2,Daegu,Middle,,,0,,3.62,333.77
H099,2025-01-01,3,Busan,High,,,0,,3.62,375.08
H100,2025-01-01,2,Daegu,Middle,,,0,,3.62,290.2
H101,2025-01-01,2,Daegu,High,,,0,,3.62,379.91
H102,2025-01-01,2,Busan,Middle,,,0,,3.62,286.15
H103,2025-01-01,2,Gyeonggi,Middle,,,0,,3.62,258.34
H104,2025-01-01,3,Daegu,Middle,2023-04-01,2023Q2,1,21,3.62,457.52
H105,2025-01-01,3,Gyeonggi,Middle,,,0,,3.62,312.69
H106,2025-01-01,3,Busan,Middle,,,0,,3.62,292.9
H107,2025-01-01,2,Gyeonggi,Low,,,0,,3.62,294.8
H108,2025-01-01,4,Gyeonggi,Low,,,0,,3.62,404.34
H109,2025-01-01,2,Busan,High,2023-01-01,2023Q1,1,24,3.62,438.2
H110,2025-01-01,4,Gyeonggi,Low,,,0,,3.62,319.36
H111,2025-01-01,3,Gyeonggi,Middle,2023-08-01,2023Q3,1,17,3.62,387.22
H112,2025-01-01,3,Busan,Low,2023-02-01,2023Q1,1,23,3.62,435.58
H113,2025-01-01,4,Daegu,Middle,2024-05-01,2024Q2,1,8,3.62,423.44
H114,2025-01-01,1,Gyeonggi,Low,,,0,,3.62,247.87
H115,2025-01-01,3,Gyeonggi,High,2024-07-01,2024Q3,1,6,3.62,382.87
H116,2025-01-01,2,Seoul,Middle,,,0,,3.62,291.72
H117,2025-01-01,5,Gyeonggi,Middle,2024-02-01,2024Q1,1,11,3.62,453.76
H118,2025-01-01,2,Daegu,Middle,,,0,,3.62,321.82
H119,2025-01-01,2,Gyeonggi,Low,2022-05-01,2022Q2,1,32,3.62,373.25
H120,2025-01-01,4,Gyeonggi,Middle,,,0,,3.62,449.77
H001,2025-02-01,3,Seoul,Middle,2024-09-01,2024Q3,1,5,2.29,392.52
H002,2025-02-01,1,Daegu,Low,2022-09-01,2022Q3,1,29,2.29,339.05
H003,2025-02-01,3,Gyeonggi,Middle,,,0,,2.29,352.91
H004,2025-02-01,2,Seoul,High,2023-06-01,2023Q2,1,20,2.29,377.42
H005,2025-02-01,2,Gyeonggi,High,2023-10-01,2023Q4,1,16,2.29,469.67
H006,2025-02-01,2,Seoul,Middle,,,0,,2.29,308.47
H007,2025-02-01,5,Daegu,Low,,,0,,2.29,327.79
H008,2025-02-01,2,Gyeonggi,Middle,2022-05-01,2022Q2,1,33,2.29,374.11
H009,2025-02-01,5,Gyeonggi,High,,,0,,2.29,367.56
H010,2025-02-01,2,Busan,Low,2024-11-01,2024Q4,1,3,2.29,407.18
H011,2025-02-01,1,Gyeonggi,Middle,2024-12-01,2024Q4,1,2,2.29,343.12
H012,2025-02-01,3,Busan,High,,,0,,2.29,299.34
H013,2025-02-01,2,Seoul,High,,,0,,2.29,294.23
H014,2025-02-01,3,Busan,Low,,,0,,2.29,304.63
H015,2025-02-01,4,Daegu,Low,,,0,,2.29,396.98
H016,2025-02-01,4,Daegu,High,2022-03-01,2022Q1,1,35,2.29,499.6
H017,2025-02-01,3,Seoul,High,2024-07-01,2024Q3,1,7,2.29,432.3
H018,2025-02-01,3,Daegu,Middle,,,0,,2.29,320.41
H019,2025-02-01,3,Seoul,Middle,,,0,,2.29,413.63
H020,2025-02-01,4,Busan,Low,,,0,,2.29,390.42
H021,2025-02-01,3,Busan,High,2024-05-01,2024Q2,1,9,2.29,406.32
H022,2025-02-01,4,Gyeonggi,Low,,,0,,2.29,337.15
H023,2025-02-01,3,Seoul,Middle,2023-04-01,2023Q2,1,22,2.29,434.73
H024,2025-02-01,1,Seoul,Low,,,0,,2.29,316.52
H025,2025-02-01,1,Gyeonggi,Low,2024-07-01,2024Q3,1,7,2.29,326.18
H026,2025-02-01,5,Gyeonggi,Middle,2024-11-01,2024Q4,1,3,2.29,458.49
H027,2025-02-01,2,Daegu,Low,,,0,,2.29,296.6
H028,2025-02-01,2,Gyeonggi,Low,,,0,,2.29,299.13
H029,2025-02-01,1,Seoul,High,2024-08-01,2024Q3,1,6,2.29,379.03
H030,2025-02-01,2,Gyeonggi,Middle,,,0,,2.29,275.02
H031,2025-02-01,3,Gyeonggi,High,2023-06-01,2023Q2,1,20,2.29,444.87
H032,2025-02-01,3,Daegu,High,2024-11-01,2024Q4,1,3,2.29,369.61
H033,2025-02-01,1,Daegu,Middle,2024-08-01,2024Q3,1,6,2.29,372.61
H034,2025-02-01,1,Gyeonggi,Low,2022-08-01,2022Q3,1,30,2.29,364.36
H035,2025-02-01,4,Seoul,Low,,,0,,2.29,346.07
H036,2025-02-01,5,Gyeonggi,Low,,,0,,2.29,392.59
H037,2025-02-01,2,Daegu,High,2023-05-01,2023Q2,1,21,2.29,392.54
H038,2025-02-01,3,Daegu,Low,2022-10-01,2022Q4,1,28,2.29,440.4
H039,2025-02-01,4,Seoul,Middle,,,0,,2.29,405.24
H040,2025-02-01,4,Gyeonggi,Low,,,0,,2.29,383.18
H041,2025-02-01,4,Seoul,Middle,2024-04-01,2024Q2,1,10,2.29,449.74
H042,2025-02-01,3,Seoul,Middle,2024-10-01,2024Q4,1,4,2.29,365.25
H043,2025-02-01,3,Busan,Low,2024-11-01,2024Q4,1,3,2.29,330.67
H044,2025-02-01,2,Busan,High,,,0,,2.29,294.22
H045,2025-02-01,1,Seoul,Low,,,0,,2.29,233.27
H046,2025-02-01,4,Gyeonggi,Middle,2024-12-01,2024Q4,1,2,2.29,453.62
H047,2025-02-01,2,Seoul,Middle,2022-05-01,2022Q2,1,33,2.29,306.53
H048,2025-02-01,1,Seoul,Middle,2023-10-01,2023Q4,1,16,2.29,363.85
H049,2025-02-01,2,Busan,Low,,,0,,2.29,279.78
H050,2025-02-01,4,Seoul,Low,,,0,,2.29,300.28
H051,2025-02-01,2,Seoul,Middle,2023-09-01,2023Q3,1,17,2.29,408.94
H052,2025-02-01,4,Seoul,Low,,,0,,2.29,399.04
H053,2025-02-01,3,Gyeonggi,Middle,2022-01-01,2022Q1,1,37,2.29,457.23
H054,2025-02-01,2,Seoul,High,2022-11-01,2022Q4,1,27,2.29,388.7
H055,2025-02-01,1,Daegu,High,2022-03-01,2022Q1,1,35,2.29,360.43
H056,2025-02-01,4,Seoul,Low,,,0,,2.29,297.56
H057,2025-02-01,4,Daegu,High,2024-02-01,2024Q1,1,12,2.29,482.19
H058,2025-02-01,2,Seoul,High,2023-06-01,2023Q2,1,20,2.29,365.15
H059,2025-02-01,2,Gyeonggi,Low,2022-05-01,2022Q2,1,33,2.29,337.56
H060,2025-02-01,2,Daegu,Middle,,,0,,2.29,277.11
H061,2025-02-01,2,Seoul,Low,,,0,,2.29,281.76
H062,2025-02-01,2,Seoul,Middle,2023-07-01,2023Q3,1,19,2.29,384.63
H063,2025-02-01,3,Seoul,Middle,,,0,,2.29,262.57
H064,2025-02-01,1,Gyeonggi,Middle,2024-06-01,2024Q2,1,8,2.29,370.71
H065,2025-02-01,3,Seoul,Middle,2023-12-01,2023Q4,1,14,2.29,398.89
H066,2025-02-01,2,Gyeonggi,Low,,,0,,2.29,310.75
H067,2025-02-01,2,Gyeonggi,Middle,2023-04-01,2023Q2,1,22,2.29,420.53
H068,2025-02-01,3,Busan,Middle,,,0,,2.29,380.45
H069,2025-02-01,2,Daegu,High,,,0,,2.29,363.5
H070,2025-02-01,2,Busan,Low,,,0,,2.29,245.38
H071,2025-02-01,2,Busan,Low,2023-10-01,2023Q4,1,16,2.29,370.67
H072,2025-02-01,4,Seoul,Middle,,,0,,2.29,365.7
H073,2025-02-01,3,Daegu,Middle,2022-07-01,2022Q3,1,31,2.29,422.93
H074,2025-02-01,2,Daegu,Low,2022-08-01,2022Q3,1,30,2.29,412.74
H075,2025-02-01,1,Daegu,Middle,,,0,,2.29,316.05
H076,2025-02-01,4,Daegu,High,,,0,,2.29,382.4
H077,2025-02-01,4,Daegu,Middle,2024-08-01,2024Q3,1,6,2.29,462.78
H078,2025-02-01,3,Busan,Middle,,,0,,2.29,294.49
H079,2025-02-01,2,Busan,Middle,2024-03-01,2024Q1,1,11,2.29,351.25
H080,2025-02-01,4,Seoul,Middle,2023-07-01,2023Q3,1,19,2.29,435.6
H081,2025-02-01,1,Daegu,Middle,2024-07-01,2024Q3,1,7,2.29,357.04
H082,2025-02-01,3,Busan,Low,2023-09-01,2023Q3,1,17,2.29,356.41
H083,2025-02-01,4,Gyeonggi,Middle,2024-11-01,2024Q4,1,3,2.29,418.51
H084,2025-02-01,4,Gyeonggi,High,,,0,,2.29,399.7
H085,2025-02-01,5,Seoul,High,2023-03-01,2023Q1,1,23,2.29,457.1
H086,2025-02-01,4,Gyeonggi,Low,2022-08-01,2022Q3,1,30,2.29,408.71
H087,2025-02-01,2,Daegu,Low,,,0,,2.29,316.71
H088,2025-02-01,3,Seoul,High,2024-02-01,2024Q1,1,12,2.29,451.14
H089,2025-02-01,4,Seoul,High,2022-04-01,2022Q2,1,34,2.29,520.73
H090,2025-02-01,1,Seoul,Middle,2024-05-01,2024Q2,1,9,2.29,377.13
H091,2025-02-01,4,Gyeonggi,Middle,,,0,,2.29,381.55
H092,2025-02-01,2,Busan,Low,2023-10-01,2023Q4,1,16,2.29,393.85
H093,2025-02-01,3,Daegu,Middle,,,0,,2.29,286.61
H094,2025-02-01,3,Seoul,Middle,2024-10-01,2024Q4,1,4,2.29,406.09
H095,2025-02-01,4,Seoul,Middle,,,0,,2.29,321.37
H096,2025-02-01,2,Daegu,High,2023-11-01,2023Q4,1,15,2.29,401.24
H097,2025-02-01,4,Daegu,Middle,,,0,,2.29,365.5
H098,2025-02-01,2,Daegu,Middle,,,0,,2.29,298.88
H099,2025-02-01,3,Busan,High,,,0,,2.29,345.3
H100,2025-02-01,2,Daegu,Middle,,,0,,2.29,300.84
H101,2025-02-01,2,Daegu,High,,,0,,2.29,318.55
H102,2025-02-01,2,Busan,Middle,,,0,,2.29,270.01
H103,2025-02-01,2,Gyeonggi,Middle,,,0,,2.29,271.75
H104,2025-02-01,3,Daegu,Middle,2023-04-01,2023Q2,1,22,2.29,409.69
H105,2025-02-01,3,Gyeonggi,Middle,,,0,,2.29,304.6
H106,2025-02-01,3,Busan,Middle,,,0,,2.29,304.08
H107,2025-02-01,2,Gyeonggi,Low,,,0,,2.29,305.72
H108,2025-02-01,4,Gyeonggi,Low,,,0,,2.29,367.1
H109,2025-02-01,2,Busan,High,2023-01-01,2023Q1,1,25,2.29,371.96
H110,2025-02-01,4,Gyeonggi,Low,,,0,,2.29,336.11
H111,2025-02-01,3,Gyeonggi,Middle,2023-08-01,2023Q3,1,18,2.29,463.77
H112,2025-02-01,3,Busan,Low,2023-02-01,2023Q1,1,24,2.29,343.23
H113,2025-02-01,4,Daegu,Middle,2024-05-01,2024Q2,1,9,2.29,386.26
H114,2025-02-01,1,Gyeonggi,Low,,,0,,2.29,230.7
H115,2025-02-01,3,Gyeonggi,High,2024-07-01,2024Q3,1,7,2.29,347.94
H116,2025-02-01,2,Seoul,Middle,,,0,,2.29,286.78
H117,2025-02-01,5,Gyeonggi,Middle,2024-02-01,2024Q1,1,12,2.29,453.39
H118,2025-02-01,2,Daegu,Middle,,,0,,2.29,331.44
H119,2025-02-01,2,Gyeonggi,Low,2022-05-01,2022Q2,1,33,2.29,365.54
H120,2025-02-01,4,Gyeonggi,Middle,,,0,,2.29,377.14
H001,2025-03-01,3,Seoul,Middle,2024-09-01,2024Q3,1,6,2.37,401.44
H002,2025-03-01,1,Daegu,Low,2022-09-01,2022Q3,1,30,2.37,354.22
H003,2025-03-01,3,Gyeonggi,Middle,,,0,,2.37,304.23
H004,2025-03-01,2,Seoul,High,2023-06-01,2023Q2,1,21,2.37,431.04
H005,2025-03-01,2,Gyeonggi,High,2023-10-01,2023Q4,1,17,2.37,393.84
H006,2025-03-01,2,Seoul,Middle,,,0,,2.37,297.83
H007,2025-03-01,5,Daegu,Low,,,0,,2.37,329.08
H008,2025-03-01,2,Gyeonggi,Middle,2022-05-01,2022Q2,1,34,2.37,383.67
H009,2025-03-01,5,Gyeonggi,High,,,0,,2.37,338.53
H010,2025-03-01,2,Busan,Low,2024-11-01,2024Q4,1,4,2.37,324.5
H011,2025-03-01,1,Gyeonggi,Middle,2024-12-01,2024Q4,1,3,2.37,345.23
H012,2025-03-01,3,Busan,High,,,0,,2.37,344.5
H013,2025-03-01,2,Seoul,High,,,0,,2.37,275.36
H014,2025-03-01,3,Busan,Low,,,0,,2.37,284.43
H015,2025-03-01,4,Daegu,Low,,,0,,2.37,370.79
H016,2025-03-01,4,Daegu,High,2022-03-01,2022Q1,1,36,2.37,465.51
H017,2025-03-01,3,Seoul,High,2024-07-01,2024Q3,1,8,2.37,419.68
H018,2025-03-01,3,Daegu,Middle,,,0,,2.37,301.35
H019,2025-03-01,3,Seoul,Middle,,,0,,2.37,353.44
H020,2025-03-01,4,Busan,Low,,,0,,2.37,328.12
H021,2025-03-01,3,Busan,High,2024-05-01,2024Q2,1,10,2.37,347.96
H022,2025-03-01,4,Gyeonggi,Low,,,0,,2.37,255.19
H023,2025-03-01,3,Seoul,Middle,2023-04-01,2023Q2,1,23,2.37,397.31
H024,2025-03-01,1,Seoul,Low,,,0,,2.37,228.04
H025,2025-03-01,1,Gyeonggi,Low,2024-07-01,2024Q3,1,8,2.37,294.05
H026,2025-03-01,5,Gyeonggi,Middle,2024-11-01,2024Q4,1,4,2.37,408.0
H027,2025-03-01,2,Daegu,Low,,,0,,2.37,250.07
H028,2025-03-01,2,Gyeonggi,Low,,,0,,2.37,294.72
H029,2025-03-01,1,Seoul,High,2024-08-01,2024Q3,1,7,2.37,359.33
H030,2025-03-01,2,Gyeonggi,Middle,,,0,,2.37,249.72
H031,2025-03-01,3,Gyeonggi,High,2023-06-01,2023Q2,1,21,2.37,397.86
H032,2025-03-01,3,Daegu,High,2024-11-01,2024Q4,1,4,2.37,433.79
H033,2025-03-01,1,Daegu,Middle,2024-08-01,2024Q3,1,7,2.37,329.33
H034,2025-03-01,1,Gyeonggi,Low,2022-08-01,2022Q3,1,31,2.37,323.84
H035,2025-03-01,4,Seoul,Low,,,0,,2.37,334.75
H036,2025-03-01,5,Gyeonggi,Low,,,0,,2.37,337.18
H037,2025-03-01,2,Daegu,High,2023-05-01,2023Q2,1,22,2.37,380.6
H038,2025-03-01,3,Daegu,Low,2022-10-01,2022Q4,1,29,2.37,360.15
H039,2025-03-01,4,Seoul,Middle,,,0,,2.37,364.58
H040,2025-03-01,4,Gyeonggi,Low,,,0,,2.37,310.61
H041,2025-03-01,4,Seoul,Middle,2024-04-01,2024Q2,1,11,2.37,400.66
H042,2025-03-01,3,Seoul,Middle,2024-10-01,2024Q4,1,5,2.37,354.1
H043,2025-03-01,3,Busan,Low,2024-11-01,2024Q4,1,4,2.37,323.65
H044,2025-03-01,2,Busan,High,,,0,,2.37,234.36
H045,2025-03-01,1,Seoul,Low,,,0,,2.37,247.97
H046,2025-03-01,4,Gyeonggi,Middle,2024-12-01,2024Q4,1,3,2.37,407.29
H047,2025-03-01,2,Seoul,Middle,2022-05-01,2022Q2,1,34,2.37,319.06
H048,2025-03-01,1,Seoul,Middle,2023-10-01,2023Q4,1,17,2.37,322.87
H049,2025-03-01,2,Busan,Low,,,0,,2.37,256.63
H050,2025-03-01,4,Seoul,Low,,,0,,2.37,331.75
H051,2025-03-01,2,Seoul,Middle,2023-09-01,2023Q3,1,18,2.37,397.81
H052,2025-03-01,4,Seoul,Low,,,0,,2.37,342.48
H053,2025-03-01,3,Gyeonggi,Middle,2022-01-01,2022Q1,1,38,2.37,421.93
H054,2025-03-01,2,Seoul,High,2022-11-01,2022Q4,1,28,2.37,384.99
H055,2025-03-01,1,Daegu,High,2022-03-01,2022Q1,1,36,2.37,350.07
H056,2025-03-01,4,Seoul,Low,,,0,,2.37,273.35
H057,2025-03-01,4,Daegu,High,2024-02-01,2024Q1,1,13,2.37,464.23
H058,2025-03-01,2,Seoul,High,2023-06-01,2023Q2,1,21,2.37,355.54
H059,2025-03-01,2,Gyeonggi,Low,2022-05-01,2022Q2,1,34,2.37,367.87
H060,2025-03-01,2,Daegu,Middle,,,0,,2.37,247.69
H061,2025-03-01,2,Seoul,Low,,,0,,2.37,297.18
H062,2025-03-01,2,Seoul,Middle,2023-07-01,2023Q3,1,20,2.37,378.91
H063,2025-03-01,3,Seoul,Middle,,,0,,2.37,343.77
H064,2025-03-01,1,Gyeonggi,Middle,2024-06-01,2024Q2,1,9,2.37,316.3
H065,2025-03-01,3,Seoul,Middle,2023-12-01,2023Q4,1,15,2.37,421.24
H066,2025-03-01,2,Gyeonggi,Low,,,0,,2.37,309.37
H067,2025-03-01,2,Gyeonggi,Middle,2023-04-01,2023Q2,1,23,2.37,336.45
H068,2025-03-01,3,Busan,Middle,,,0,,2.37,338.02
H069,2025-03-01,2,Daegu,High,,,0,,2.37,343.56
H070,2025-03-01,2,Busan,Low,,,0,,2.37,236.53
H071,2025-03-01,2,Busan,Low,2023-10-01,2023Q4,1,17,2.37,294.99
H072,2025-03-01,4,Seoul,Middle,,,0,,2.37,357.66
H073,2025-03-01,3,Daegu,Middle,2022-07-01,2022Q3,1,32,2.37,366.62
H074,2025-03-01,2,Daegu,Low,2022-08-01,2022Q3,1,31,2.37,386.5
H075,2025-03-01,1,Daegu,Middle,,,0,,2.37,235.04
H076,2025-03-01,4,Daegu,High,,,0,,2.37,362.11
H077,2025-03-01,4,Daegu,Middle,2024-08-01,2024Q3,1,7,2.37,372.43
H078,2025-03-01,3,Busan,Middle,,,0,,2.37,241.91
H079,2025-03-01,2,Busan,Middle,2024-03-01,2024Q1,1,12,2.37,337.34
H080,2025-03-01,4,Seoul,Middle,2023-07-01,2023Q3,1,20,2.37,424.35
H081,2025-03-01,1,Daegu,Middle,2024-07-01,2024Q3,1,8,2.37,304.72
H082,2025-03-01,3,Busan,Low,2023-09-01,2023Q3,1,18,2.37,338.79
H083,2025-03-01,4,Gyeonggi,Middle,2024-11-01,2024Q4,1,4,2.37,424.88
H084,2025-03-01,4,Gyeonggi,High,,,0,,2.37,372.51
H085,2025-03-01,5,Seoul,High,2023-03-01,2023Q1,1,24,2.37,439.5
H086,2025-03-01,4,Gyeonggi,Low,2022-08-01,2022Q3,1,31,2.37,336.73
H087,2025-03-01,2,Daegu,Low,,,0,,2.37,326.59
H088,2025-03-01,3,Seoul,High,2024-02-01,2024Q1,1,13,2.37,405.13
H089,2025-03-01,4,Seoul,High,2022-04-01,2022Q2,1,35,2.37,474.99
H090,2025-03-01,1,Seoul,Middle,2024-05-01,2024Q2,1,10,2.37,339.94
H091,2025-03-01,4,Gyeonggi,Middle,,,0,,2.37,373.57
H092,2025-03-01,2,Busan,Low,2023-10-01,2023Q4,1,17,2.37,361.14
H093,2025-03-01,3,Daegu,Middle,,,0,,2.37,286.86
H094,2025-03-01,3,Seoul,Middle,2024-10-01,2024Q4,1,5,2.37,403.54
H095,2025-03-01,4,Seoul,Middle,,,0,,2.37,353.86
H096,2025-03-01,2,Daegu,High,2023-11-01,2023Q4,1,16,2.37,400.55
H097,2025-03-01,4,Daegu,Middle,,,0,,2.37,295.46
H098,2025-03-01,2,Daegu,Middle,,,0,,2.37,313.69
H099,2025-03-01,3,Busan,High,,,0,,2.37,330.59
H100,2025-03-01,2,Daegu,Middle,,,0,,2.37,258.93
H101,2025-03-01,2,Daegu,High,,,0,,2.37,292.23
H102,2025-03-01,2,Busan,Middle,,,0,,2.37,286.94
H103,2025-03-01,2,Gyeonggi,Middle,,,0,,2.37,263.43
H104,2025-03-01,3,Daegu,Middle,2023-04-01,2023Q2,1,23,2.37,387.09
H105,2025-03-01,3,Gyeonggi,Middle,,,0,,2.37,307.37
H106,2025-03-01,3,Busan,Middle,,,0,,2.37,333.01
H107,2025-03-01,2,Gyeonggi,Low,,,0,,2.37,290.26
H108,2025-03-01,4,Gyeonggi,Low,,,0,,2.37,337.0
H109,2025-03-01,2,Busan,High,2023-01-01,2023Q1,1,26,2.37,403.33
H110,2025-03-01,4,Gyeonggi,Low,,,0,,2.37,301.49
H111,2025-03-01,3,Gyeonggi,Middle,2023-08-01,2023Q3,1,19,2.37,375.83
H112,2025-03-01,3,Busan,Low,2023-02-01,2023Q1,1,25,2.37,352.08
H113,2025-03-01,4,Daegu,Middle,2024-05-01,2024Q2,1,10,2.37,358.59
H114,2025-03-01,1,Gyeonggi,Low,,,0,,2.37,251.6
H115,2025-03-01,3,Gyeonggi,High,2024-07-01,2024Q3,1,8,2.37,367.11
H116,2025-03-01,2,Seoul,Middle,,,0,,2.37,267.56
H117,2025-03-01,5,Gyeonggi,Middle,2024-02-01,2024Q1,1,13,2.37,469.94
H118,2025-03-01,2,Daegu,Middle,,,0,,2.37,293.84
H119,2025-03-01,2,Gyeonggi,Low,2022-05-01,2022Q2,1,34,2.37,362.91
H120,2025-03-01,4,Gyeonggi,Middle,,,0,,2.37,348.61
H001,2025-04-01,3,Seoul,Middle,2024-09-01,2024Q3,1,7,5.44,424.97
H002,2025-04-01,1,Daegu,Low,2022-09-01,2022Q3,1,31,5.44,319.33
H003,2025-04-01,3,Gyeonggi,Middle,,,0,,5.44,305.42
H004,2025-04-01,2,Seoul,High,2023-06-01,2023Q2,1,22,5.44,361.86
H005,2025-04-01,2,Gyeonggi,High,2023-10-01,2023Q4,1,18,5.44,345.51
H006,2025-04-01,2,Seoul,Middle,,,0,,5.44,243.31
H007,2025-04-01,5,Daegu,Low,,,0,,5.44,344.98
H008,2025-04-01,2,Gyeonggi,Middle,2022-05-01,2022Q2,1,35,5.44,388.18
H009,2025-04-01,5,Gyeonggi,High,,,0,,5.44,350.98
H010,2025-04-01,2,Busan,Low,2024-11-01,2024Q4,1,5,5.44,373.43
H011,2025-04-01,1,Gyeonggi,Middle,2024-12-01,2024Q4,1,4,5.44,286.04
H012,2025-04-01,3,Busan,High,,,0,,5.44,330.44
H013,2025-04-01,2,Seoul,High,,,0,,5.44,309.88
H014,2025-04-01,3,Busan,Low,,,0,,5.44,304.37
H015,2025-04-01,4,Daegu,Low,,,0,,5.44,330.02
H016,2025-04-01,4,Daegu,High,2022-03-01,2022Q1,1,37,5.44,473.03
H017,2025-04-01,3,Seoul,High,2024-07-01,2024Q3,1,9,5.44,426.82
H018,2025-04-01,3,Daegu,Middle,,,0,,5.44,264.67
H019,2025-04-01,3,Seoul,Middle,,,0,,5.44,297.32
H020,2025-04-01,4,Busan,Low,,,0,,5.44,358.29
H021,2025-04-01,3,Busan,High,2024-05-01,2024Q2,1,11,5.44,401.34
H022,2025-04-01,4,Gyeonggi,Low,,,0,,5.44,336.94
H023,2025-04-01,3,Seoul,Middle,2023-04-01,2023Q2,1,24,5.44,364.65
H024,2025-04-01,1,Seoul,Low,,,0,,5.44,257.06
H025,2025-04-01,1,Gyeonggi,Low,2024-07-01,2024Q3,1,9,5.44,315.16
H026,2025-04-01,5,Gyeonggi,Middle,2024-11-01,2024Q4,1,5,5.44,454.01
H027,2025-04-01,2,Daegu,Low,,,0,,5.44,261.25
H028,2025-04-01,2,Gyeonggi,Low,,,0,,5.44,260.44
H029,2025-04-01,1,Seoul,High,2024-08-01,2024Q3,1,8,5.44,344.35
H030,2025-04-01,2,Gyeonggi,Middle,,,0,,5.44,255.04
H031,2025-04-01,3,Gyeonggi,High,2023-06-01,2023Q2,1,22,5.44,417.4
H032,2025-04-01,3,Daegu,High,2024-11-01,2024Q4,1,5,5.44,355.4
H033,2025-04-01,1,Daegu,Middle,2024-08-01,2024Q3,1,8,5.44,334.2
H034,2025-04-01,1,Gyeonggi,Low,2022-08-01,2022Q3,1,32,5.44,360.51
H035,2025-04-01,4,Seoul,Low,,,0,,5.44,337.16
H036,2025-04-01,5,Gyeonggi,Low,,,0,,5.44,359.95
H037,2025-04-01,2,Daegu,High,2023-05-01,2023Q2,1,23,5.44,333.15
H038,2025-04-01,3,Daegu,Low,2022-10-01,2022Q4,1,30,5.44,391.07
H039,2025-04-01,4,Seoul,Middle,,,0,,5.44,359.97
H040,2025-04-01,4,Gyeonggi,Low,,,0,,5.44,307.78
H041,2025-04-01,4,Seoul,Middle,2024-04-01,2024Q2,1,12,5.44,424.73
H042,2025-04-01,3,Seoul,Middle,2024-10-01,2024Q4,1,6,5.44,368.73
H043,2025-04-01,3,Busan,Low,2024-11-01,2024Q4,1,5,5.44,399.86
H044,2025-04-01,2,Busan,High,,,0,,5.44,266.23
H045,2025-04-01,1,Seoul,Low,,,0,,5.44,245.83
H046,2025-04-01,4,Gyeonggi,Middle,2024-12-01,2024Q4,1,4,5.44,421.5
H047,2025-04-01,2,Seoul,Middle,2022-05-01,2022Q2,1,35,5.44,287.85
H048,2025-04-01,1,Seoul,Middle,2023-10-01,2023Q4,1,18,5.44,380.09
H049,2025-04-01,2,Busan,Low,,,0,,5.44,244.32
H050,2025-04-01,4,Seoul,Low,,,0,,5.44,310.87
H051,2025-04-01,2,Seoul,Middle,2023-09-01,2023Q3,1,19,5.44,406.67
H052,2025-04-01,4,Seoul,Low,,,0,,5.44,326.21
H053,2025-04-01,3,Gyeonggi,Middle,2022-01-01,2022Q1,1,39,5.44,375.89
H054,2025-04-01,2,Seoul,High,2022-11-01,2022Q4,1,29,5.44,315.52
H055,2025-04-01,1,Daegu,High,2022-03-01,2022Q1,1,37,5.44,381.33
H056,2025-04-01,4,Seoul,Low,,,0,,5.44,278.27
H057,2025-04-01,4,Daegu,High,2024-02-01,2024Q1,1,14,5.44,452.11
H058,2025-04-01,2,Seoul,High,2023-06-01,2023Q2,1,22,5.44,316.18
H059,2025-04-01,2,Gyeonggi,Low,2022-05-01,2022Q2,1,35,5.44,323.97
H060,2025-04-01,2,Daegu,Middle,,,0,,5.44,246.17
H061,2025-04-01,2,Seoul,Low,,,0,,5.44,244.34
H062,2025-04-01,2,Seoul,Middle,2023-07-01,2023Q3,1,21,5.44,381.19
H063,2025-04-01,3,Seoul,Middle,,,0,,5.44,264.14
H064,2025-04-01,1,Gyeonggi,Middle,2024-06-01,2024Q2,1,10,5.44,319.83
H065,2025-04-01,3,Seoul,Middle,2023-12-01,2023Q4,1,16,5.44,382.5
H066,2025-04-01,2,Gyeonggi,Low,,,0,,5.44,228.86
H067,2025-04-01,2,Gyeonggi,Middle,2023-04-01,2023Q2,1,24,5.44,376.49
H068,2025-04-01,3,Busan,Middle,,,0,,5.44,316.67
H069,2025-04-01,2,Daegu,High,,,0,,5.44,266.98
H070,2025-04-01,2,Busan,Low,,,0,,5.44,233.04
H071,2025-04-01,2,Busan,Low,2023-10-01,2023Q4,1,18,5.44,337.31
H072,2025-04-01,4,Seoul,Middle,,,0,,5.44,306.21
H073,2025-04-01,3,Daegu,Middle,2022-07-01,2022Q3,1,33,5.44,397.38
H074,2025-04-01,2,Daegu,Low,2022-08-01,2022Q3,1,32,5.44,410.82
H075,2025-04-01,1,Daegu,Middle,,,0,,5.44,277.22
H076,2025-04-01,4,Daegu,High,,,0,,5.44,305.28
H077,2025-04-01,4,Daegu,Middle,2024-08-01,2024Q3,1,8,5.44,393.2
H078,2025-04-01,3,Busan,Middle,,,0,,5.44,199.81
H079,2025-04-01,2,Busan,Middle,2024-03-01,2024Q1,1,13,5.44,346.98
H080,2025-04-01,4,Seoul,Middle,2023-07-01,2023Q3,1,21,5.44,391.84
H081,2025-04-01,1,Daegu,Middle,2024-07-01,2024Q3,1,9,5.44,339.9
H082,2025-04-01,3,Busan,Low,2023-09-01,2023Q3,1,19,5.44,338.27
H083,2025-04-01,4,Gyeonggi,Middle,2024-11-01,2024Q4,1,5,5.44,427.33
H084,2025-04-01,4,Gyeonggi,High,,,0,,5.44,377.48
H085,2025-04-01,5,Seoul,High,2023-03-01,2023Q1,1,25,5.44,431.47
H086,2025-04-01,4,Gyeonggi,Low,2022-08-01,2022Q3,1,32,5.44,355.17
H087,2025-04-01,2,Daegu,Low,,,0,,5.44,331.69
H088,2025-04-01,3,Seoul,High,2024-02-01,2024Q1,1,14,5.44,454.86
H089,2025-04-01,4,Seoul,High,2022-04-01,2022Q2,1,36,5.44,448.49
H090,2025-04-01,1,Seoul,Middle,2024-05-01,2024Q2,1,11,5.44,338.88
H091,2025-04-01,4,Gyeonggi,Middle,,,0,,5.44,335.9
H092,2025-04-01,2,Busan,Low,2023-10-01,2023Q4,1,18,5.44,326.57
H093,2025-04-01,3,Daegu,Middle,,,0,,5.44,294.11
H094,2025-04-01,3,Seoul,Middle,2024-10-01,2024Q4,1,6,5.44,357.9
H095,2025-04-01,4,Seoul,Middle,,,0,,5.44,349.51
H096,2025-04-01,2,Daegu,High,2023-11-01,2023Q4,1,17,5.44,394.47
H097,2025-04-01,4,Daegu,Middle,,,0,,5.44,275.59
H098,2025-04-01,2,Daegu,Middle,,,0,,5.44,271.71
H099,2025-04-01,3,Busan,High,,,0,,5.44,317.79
H100,2025-04-01,2,Daegu,Middle,,,0,,5.44,221.0
H101,2025-04-01,2,Daegu,High,,,0,,5.44,303.27
H102,2025-04-01,2,Busan,Middle,,,0,,5.44,274.26
H103,2025-04-01,2,Gyeonggi,Middle,,,0,,5.44,257.98
H104,2025-04-01,3,Daegu,Middle,2023-04-01,2023Q2,1,24,5.44,398.98
H105,2025-04-01,3,Gyeonggi,Middle,,,0,,5.44,264.0
H106,2025-04-01,3,Busan,Middle,,,0,,5.44,261.1
H107,2025-04-01,2,Gyeonggi,Low,,,0,,5.44,300.58
H108,2025-04-01,4,Gyeonggi,Low,,,0,,5.44,340.07
H109,2025-04-01,2,Busan,High,2023-01-01,2023Q1,1,27,5.44,395.24
H110,2025-04-01,4,Gyeonggi,Low,,,0,,5.44,317.63
H111,2025-04-01,3,Gyeonggi,Middle,2023-08-01,2023Q3,1,20,5.44,391.8
H112,2025-04-01,3,Busan,Low,2023-02-01,2023Q1,1,26,5.44,335.28
H113,2025-04-01,4,Daegu,Middle,2024-05-01,2024Q2,1,11,5.44,427.61
H114,2025-04-01,1,Gyeonggi,Low,,,0,,5.44,215.16
H115,2025-04-01,3,Gyeonggi,High,2024-07-01,2024Q3,1,9,5.44,402.46
H116,2025-04-01,2,Seoul,Middle,,,0,,5.44,301.1
H117,2025-04-01,5,Gyeonggi,Middle,2024-02-01,2024Q1,1,14,5.44,475.53
H118,2025-04-01,2,Daegu,Middle,,,0,,5.44,255.62
H119,2025-04-01,2,Gyeonggi,Low,2022-05-01,2022Q2,1,35,5.44,315.3
H120,2025-04-01,4,Gyeonggi,Middle,,,0,,5.44,365.36
H001,2025-05-01,3,Seoul,Middle,2024-09-01,2024Q3,1,8,12.32,401.99
H002,2025-05-01,1,Daegu,Low,2022-09-01,2022Q3,1,32,12.32,343.84
H003,2025-05-01,3,Gyeonggi,Middle,,,0,,12.32,259.12
H004,2025-05-01,2,Seoul,High,2023-06-01,2023Q2,1,23,12.32,342.87
H005,2025-05-01,2,Gyeonggi,High,2023-10-01,2023Q4,1,19,12.32,346.95
H006,2025-05-01,2,Seoul,Middle,,,0,,12.32,262.48
H007,2025-05-01,5,Daegu,Low,,,0,,12.32,332.61
H008,2025-05-01,2,Gyeonggi,Middle,2022-05-01,2022Q2,1,36,12.32,382.47
H009,2025-05-01,5,Gyeonggi,High,,,0,,12.32,387.5
H010,2025-05-01,2,Busan,Low,2024-11-01,2024Q4,1,6,12.32,361.92
H011,2025-05-01,1,Gyeonggi,Middle,2024-12-01,2024Q4,1,5,12.32,308.06
H012,2025-05-01,3,Busan,High,,,0,,12.32,364.53
H013,2025-05-01,2,Seoul,High,,,0,,12.32,305.38
H014,2025-05-01,3,Busan,Low,,,0,,12.32,290.58
H015,2025-05-01,4,Daegu,Low,,,0,,12.32,329.65
H016,2025-05-01,4,Daegu,High,2022-03-01,2022Q1,1,38,12.32,509.99
H017,2025-05-01,3,Seoul,High,2024-07-01,2024Q3,1,10,12.32,434.44
H018,2025-05-01,3,Daegu,Middle,,,0,,12.32,261.63
H019,2025-05-01,3,Seoul,Middle,,,0,,12.32,338.41
H020,2025-05-01,4,Busan,Low,,,0,,12.32,319.3
H021,2025-05-01,3,Busan,High,2024-05-01,2024Q2,1,12,12.32,424.98
H022,2025-05-01,4,Gyeonggi,Low,,,0,,12.32,270.34
H023,2025-05-01,3,Seoul,Middle,2023-04-01,2023Q2,1,25,12.32,366.57
H024,2025-05-01,1,Seoul,Low,,,0,,12.32,220.09
H025,2025-05-01,1,Gyeonggi,Low,2024-07-01,2024Q3,1,10,12.32,310.21
H026,2025-05-01,5,Gyeonggi,Middle,2024-11-01,2024Q4,1,6,12.32,420.46
H027,2025-05-01,2,Daegu,Low,,,0,,12.32,262.49
H028,2025-05-01,2,Gyeonggi,Low,,,0,,12.32,233.26
H029,2025-05-01,1,Seoul,High,2024-08-01,2024Q3,1,9,12.32,375.21
H030,2025-05-01,2,Gyeonggi,Middle,,,0,,12.32,204.17
H031,2025-05-01,3,Gyeonggi,High,2023-06-01,2023Q2,1,23,12.32,422.84
H032,2025-05-01,3,Daegu,High,2024-11-01,2024Q4,1,6,12.32,389.96
H033,2025-05-01,1,Daegu,Middle,2024-08-01,2024Q3,1,9,12.32,319.76
H034,2025-05-01,1,Gyeonggi,Low,2022-08-01,2022Q3,1,33,12.32,345.87
H035,2025-05-01,4,Seoul,Low,,,0,,12.32,387.08
H036,2025-05-01,5,Gyeonggi,Low,,,0,,12.32,374.71
H037,2025-05-01,2,Daegu,High,2023-05-01,2023Q2,1,24,12.32,407.5
H038,2025-05-01,3,Daegu,Low,2022-10-01,2022Q4,1,31,12.32,388.64
H039,2025-05-01,4,Seoul,Middle,,,0,,12.32,346.32
H040,2025-05-01,4,Gyeonggi,Low,,,0,,12.32,337.71
H041,2025-05-01,4,Seoul,Middle,2024-04-01,2024Q2,1,13,12.32,439.68
H042,2025-05-01,3,Seoul,Middle,2024-10-01,2024Q4,1,7,12.32,368.41
H043,2025-05-01,3,Busan,Low,2024-11-01,2024Q4,1,6,12.32,302.29
H044,2025-05-01,2,Busan,High,,,0,,12.32,224.98
H045,2025-05-01,1,Seoul,Low,,,0,,12.32,281.36
H046,2025-05-01,4,Gyeonggi,Middle,2024-12-01,2024Q4,1,5,12.32,408.7
H047,2025-05-01,2,Seoul,Middle,2022-05-01,2022Q2,1,36,12.32,301.88
H048,2025-05-01,1,Seoul,Middle,2023-10-01,2023Q4,1,19,12.32,342.06
H049,2025-05-01,2,Busan,Low,,,0,,12.32,263.21
H050,2025-05-01,4,Seoul,Low,,,0,,12.32,318.68
H051,2025-05-01,2,Seoul,Middle,2023-09-01,2023Q3,1,20,12.32,409.85
H052,2025-05-01,4,Seoul,Low,,,0,,12.32,312.23
H053,2025-05-01,3,Gyeonggi,Middle,2022-01-01,2022Q1,1,40,12.32,463.53
H054,2025-05-01,2,Seoul,High,2022-11-01,2022Q4,1,30,12.32,348.38
H055,2025-05-01,1,Daegu,High,2022-03-01,2022Q1,1,38,12.32,377.53
H056,2025-05-01,4,Seoul,Low,,,0,,12.32,271.37
H057,2025-05-01,4,Daegu,High,2024-02-01,2024Q1,1,15,12.32,449.06
H058,2025-05-01,2,Seoul,High,2023-06-01,2023Q2,1,23,12.32,345.87
H059,2025-05-01,2,Gyeonggi,Low,2022-05-01,2022Q2,1,36,12.32,341.61
H060,2025-05-01,2,Daegu,Middle,,,0,,12.32,290.03
H061,2025-05-01,2,Seoul,Low,,,0,,12.32,244.67
H062,2025-05-01,2,Seoul,Middle,2023-07-01,2023Q3,1,22,12.32,371.51
H063,2025-05-01,3,Seoul,Middle,,,0,,12.32,328.54
H064,2025-05-01,1,Gyeonggi,Middle,2024-06-01,2024Q2,1,11,12.32,317.8
H065,2025-05-01,3,Seoul,Middle,2023-12-01,2023Q4,1,17,12.32,387.52
H066,2025-05-01,2,Gyeonggi,Low,,,0,,12.32,254.95
H067,2025-05-01,2,Gyeonggi,Middle,2023-04-01,2023Q2,1,25,12.32,398.31
H068,2025-05-01,3,Busan,Middle,,,0,,12.32,290.25
H069,2025-05-01,2,Daegu,High,,,0,,12.32,337.41
H070,2025-05-01,2,Busan,Low,,,0,,12.32,196.98
H071,2025-05-01,2,Busan,Low,2023-10-01,2023Q4,1,19,12.32,326.39
H072,2025-05-01,4,Seoul,Middle,,,0,,12.32,338.12
H073,2025-05-01,3,Daegu,Middle,2022-07-01,2022Q3,1,34,12.32,364.03
H074,2025-05-01,2,Daegu,Low,2022-08-01,2022Q3,1,33,12.32,377.53
H075,2025-05-01,1,Daegu,Middle,,,0,,12.32,238.49
H076,2025-05-01,4,Daegu,High,,,0,,12.32,343.03
H077,2025-05-01,4,Daegu,Middle,2024-08-01,2024Q3,1,9,12.32,384.54
H078,2025-05-01,3,Busan,Middle,,,0,,12.32,223.58
H079,2025-05-01,2,Busan,Middle,2024-03-01,2024Q1,1,14,12.32,350.29
H080,2025-05-01,4,Seoul,Middle,2023-07-01,2023Q3,1,22,12.32,371.84
H081,2025-05-01,1,Daegu,Middle,2024-07-01,2024Q3,1,10,12.32,351.88
H082,2025-05-01,3,Busan,Low,2023-09-01,2023Q3,1,20,12.32,301.19
H083,2025-05-01,4,Gyeonggi,Middle,2024-11-01,2024Q4,1,6,12.32,448.03
H084,2025-05-01,4,Gyeonggi,High,,,0,,12.32,361.64
H085,2025-05-01,5,Seoul,High,2023-03-01,2023Q1,1,26,12.32,418.19
H086,2025-05-01,4,Gyeonggi,Low,2022-08-01,2022Q3,1,33,12.32,398.42
H087,2025-05-01,2,Daegu,Low,,,0,,12.32,305.02
H088,2025-05-01,3,Seoul,High,2024-02-01,2024Q1,1,15,12.32,345.14
H089,2025-05-01,4,Seoul,High,2022-04-01,2022Q2,1,37,12.32,437.09
H090,2025-05-01,1,Seoul,Middle,2024-05-01,2024Q2,1,12,12.32,362.16
H091,2025-05-01,4,Gyeonggi,Middle,,,0,,12.32,340.3
H092,2025-05-01,2,Busan,Low,2023-10-01,2023Q4,1,19,12.32,308.36
H093,2025-05-01,3,Daegu,Middle,,,0,,12.32,257.05
H094,2025-05-01,3,Seoul,Middle,2024-10-01,2024Q4,1,7,12.32,367.2
H095,2025-05-01,4,Seoul,Middle,,,0,,12.32,278.94
H096,2025-05-01,2,Daegu,High,2023-11-01,2023Q4,1,18,12.32,399.51
H097,2025-05-01,4,Daegu,Middle,,,0,,12.32,256.19
H098,2025-05-01,2,Daegu,Middle,,,0,,12.32,271.82
H099,2025-05-01,3,Busan,High,,,0,,12.32,309.08
H100,2025-05-01,2,Daegu,Middle,,,0,,12.32,246.34
H101,2025-05-01,2,Daegu,High,,,0,,12.32,287.73
H102,2025-05-01,2,Busan,Middle,,,0,,12.32,253.84
H103,2025-05-01,2,Gyeonggi,Middle,,,0,,12.32,216.81
H104,2025-05-01,3,Daegu,Middle,2023-04-01,2023Q2,1,25,12.32,421.69
H105,2025-05-01,3,Gyeonggi,Middle,,,0,,12.32,291.6
H106,2025-05-01,3,Busan,Middle,,,0,,12.32,289.07
H107,2025-05-01,2,Gyeonggi,Low,,,0,,12.32,294.39
H108,2025-05-01,4,Gyeonggi,Low,,,0,,12.32,341.22
H109,2025-05-01,2,Busan,High,2023-01-01,2023Q1,1,28,12.32,375.36
H110,2025-05-01,4,Gyeonggi,Low,,,0,,12.32,319.04
H111,2025-05-01,3,Gyeonggi,Middle,2023-08-01,2023Q3,1,21,12.32,389.82
H112,2025-05-01,3,Busan,Low,2023-02-01,2023Q1,1,27,12.32,405.2
H113,2025-05-01,4,Daegu,Middle,2024-05-01,2024Q2,1,12,12.32,392.9
H114,2025-05-01,1,Gyeonggi,Low,,,0,,12.32,222.66
H115,2025-05-01,3,Gyeonggi,High,2024-07-01,2024Q3,1,10,12.32,412.51
H116,2025-05-01,2,Seoul,Middle,,,0,,12.32,324.79
H117,2025-05-01,5,Gyeonggi,Middle,2024-02-01,2024Q1,1,15,12.32,433.84
H118,2025-05-01,2,Daegu,Middle,,,0,,12.32,289.64
H119,2025-05-01,2,Gyeonggi,Low,2022-05-01,2022Q2,1,36,12.32,317.92
H120,2025-05-01,4,Gyeonggi,Middle,,,0,,12.32,367.88
H001,2025-06-01,3,Seoul,Middle,2024-09-01,2024Q3,1,9,19.25,404.68
H002,2025-06-01,1,Daegu,Low,2022-09-01,2022Q3,1,33,19.25,345.11
H003,2025-06-01,3,Gyeonggi,Middle,,,0,,19.25,286.79
H004,2025-06-01,2,Seoul,High,2023-06-01,2023Q2,1,24,19.25,383.72
H005,2025-06-01,2,Gyeonggi,High,2023-10-01,2023Q4,1,20,19.25,407.33
H006,2025-06-01,2,Seoul,Middle,,,0,,19.25,277.74
H007,2025-06-01,5,Daegu,Low,,,0,,19.25,347.79
H008,2025-06-01,2,Gyeonggi,Middle,2022-05-01,2022Q2,1,37,19.25,422.69
H009,2025-06-01,5,Gyeonggi,High,,,0,,19.25,384.8
H010,2025-06-01,2,Busan,Low,2024-11-01,2024Q4,1,7,19.25,375.57
H011,2025-06-01,1,Gyeonggi,Middle,2024-12-01,2024Q4,1,6,19.25,355.01
H012,2025-06-01,3,Busan,High,,,0,,19.25,361.62
H013,2025-06-01,2,Seoul,High,,,0,,19.25,314.37
H014,2025-06-01,3,Busan,Low,,,0,,19.25,310.33
H015,2025-06-01,4,Daegu,Low,,,0,,19.25,339.67
H016,2025-06-01,4,Daegu,High,2022-03-01,2022Q1,1,39,19.25,485.03
H017,2025-06-01,3,Seoul,High,2024-07-01,2024Q3,1,11,19.25,414.45
H018,2025-06-01,3,Daegu,Middle,,,0,,19.25,286.89
H019,2025-06-01,3,Seoul,Middle,,,0,,19.25,356.23
H020,2025-06-01,4,Busan,Low,,,0,,19.25,354.19
H021,2025-06-01,3,Busan,High,2024-05-01,2024Q2,1,13,19.25,400.75
H022,2025-06-01,4,Gyeonggi,Low,,,0,,19.25,321.95
H023,2025-06-01,3,Seoul,Middle,2023-04-01,2023Q2,1,26,19.25,377.2
H024,2025-06-01,1,Seoul,Low,,,0,,19.25,259.46
H025,2025-06-01,1,Gyeonggi,Low,2024-07-01,2024Q3,1,11,19.25,281.93
H026,2025-06-01,5,Gyeonggi,Middle,2024-11-01,2024Q4,1,7,19.25,492.55
H027,2025-06-01,2,Daegu,Low,,,0,,19.25,287.49
H028,2025-06-01,2,Gyeonggi,Low,,,0,,19.25,309.48
H029,2025-06-01,1,Seoul,High,2024-08-01,2024Q3,1,10,19.25,370.41
H030,2025-06-01,2,Gyeonggi,Middle,,,0,,19.25,250.24
H031,2025-06-01,3,Gyeonggi,High,2023-06-01,2023Q2,1,24,19.25,392.02
H032,2025-06-01,3,Daegu,High,2024-11-01,2024Q4,1,7,19.25,400.92
H033,2025-06-01,1,Daegu,Middle,2024-08-01,2024Q3,1,10,19.25,338.03
H034,2025-06-01,1,Gyeonggi,Low,2022-08-01,2022Q3,1,34,19.25,340.82
H035,2025-06-01,4,Seoul,Low,,,0,,19.25,398.37
H036,2025-06-01,5,Gyeonggi,Low,,,0,,19.25,372.41
H037,2025-06-01,2,Daegu,High,2023-05-01,2023Q2,1,25,19.25,370.72
H038,2025-06-01,3,Daegu,Low,2022-10-01,2022Q4,1,32,19.25,409.49
H039,2025-06-01,4,Seoul,Middle,,,0,,19.25,354.27
H040,2025-06-01,4,Gyeonggi,Low,,,0,,19.25,354.48
H041,2025-06-01,4,Seoul,Middle,2024-04-01,2024Q2,1,14,19.25,441.08
H042,2025-06-01,3,Seoul,Middle,2024-10-01,2024Q4,1,8,19.25,372.39
H043,2025-06-01,3,Busan,Low,2024-11-01,2024Q4,1,7,19.25,410.14
H044,2025-06-01,2,Busan,High,,,0,,19.25,270.55
H045,2025-06-01,1,Seoul,Low,,,0,,19.25,252.29
H046,2025-06-01,4,Gyeonggi,Middle,2024-12-01,2024Q4,1,6,19.25,474.15
H047,2025-06-01,2,Seoul,Middle,2022-05-01,2022Q2,1,37,19.25,334.51
H048,2025-06-01,1,Seoul,Middle,2023-10-01,2023Q4,1,20,19.25,312.92
H049,2025-06-01,2,Busan,Low,,,0,,19.25,246.8
H050,2025-06-01,4,Seoul,Low,,,0,,19.25,324.31
H051,2025-06-01,2,Seoul,Middle,2023-09-01,2023Q3,1,21,19.25,409.22
H052,2025-06-01,4,Seoul,Low,,,0,,19.25,364.44
H053,2025-06-01,3,Gyeonggi,Middle,2022-01-01,2022Q1,1,41,19.25,446.49
H054,2025-06-01,2,Seoul,High,2022-11-01,2022Q4,1,31,19.25,366.31
H055,2025-06-01,1,Daegu,High,2022-03-01,2022Q1,1,39,19.25,406.57
H056,2025-06-01,4,Seoul,Low,,,0,,19.25,277.59
H057,2025-06-01,4,Daegu,High,2024-02-01,2024Q1,1,16,19.25,450.89
H058,2025-06-01,2,Seoul,High,2023-06-01,2023Q2,1,24,19.25,359.87
H059,2025-06-01,2,Gyeonggi,Low,2022-05-01,2022Q2,1,37,19.25,381.49
H060,2025-06-01,2,Daegu,Middle,,,0,,19.25,250.0
H061,2025-06-01,2,Seoul,Low,,,0,,19.25,316.01
H062,2025-06-01,2,Seoul,Middle,2023-07-01,2023Q3,1,23,19.25,375.64
H063,2025-06-01,3,Seoul,Middle,,,0,,19.25,308.16
H064,2025-06-01,1,Gyeonggi,Middle,2024-06-01,2024Q2,1,12,19.25,327.8
H065,2025-06-01,3,Seoul,Middle,2023-12-01,2023Q4,1,18,19.25,400.92
H066,2025-06-01,2,Gyeonggi,Low,,,0,,19.25,296.47
H067,2025-06-01,2,Gyeonggi,Middle,2023-04-01,2023Q2,1,26,19.25,397.47
H068,2025-06-01,3,Busan,Middle,,,0,,19.25,319.77
H069,2025-06-01,2,Daegu,High,,,0,,19.25,297.89
H070,2025-06-01,2,Busan,Low,,,0,,19.25,231.17
H071,2025-06-01,2,Busan,Low,2023-10-01,2023Q4,1,20,19.25,344.27
H072,2025-06-01,4,Seoul,Middle,,,0,,19.25,361.54
H073,2025-06-01,3,Daegu,Middle,2022-07-01,2022Q3,1,35,19.25,382.77
H074,2025-06-01,2,Daegu,Low,2022-08-01,2022Q3,1,34,19.25,373.63
H075,2025-06-01,1,Daegu,Middle,,,0,,19.25,276.83
H076,2025-06-01,4,Daegu,High,,,0,,19.25,353.9
H077,2025-06-01,4,Daegu,Middle,2024-08-01,2024Q3,1,10,19.25,426.0
H078,2025-06-01,3,Busan,Middle,,,0,,19.25,231.7
H079,2025-06-01,2,Busan,Middle,2024-03-01,2024Q1,1,15,19.25,349.87
H080,2025-06-01,4,Seoul,Middle,2023-07-01,2023Q3,1,23,19.25,453.89
H081,2025-06-01,1,Daegu,Middle,2024-07-01,2024Q3,1,11,19.25,361.34
H082,2025-06-01,3,Busan,Low,2023-09-01,2023Q3,1,21,19.25,343.46
H083,2025-06-01,4,Gyeonggi,Middle,2024-11-01,2024Q4,1,7,19.25,406.66
H084,2025-06-01,4,Gyeonggi,High,,,0,,19.25,380.98
H085,2025-06-01,5,Seoul,High,2023-03-01,2023Q1,1,27,19.25,422.85
H086,2025-06-01,4,Gyeonggi,Low,2022-08-01,2022Q3,1,34,19.25,422.98
H087,2025-06-01,2,Daegu,Low,,,0,,19.25,314.83
H088,2025-06-01,3,Seoul,High,2024-02-01,2024Q1,1,16,19.25,411.52
H089,2025-06-01,4,Seoul,High,2022-04-01,2022Q2,1,38,19.25,456.87
H090,2025-06-01,1,Seoul,Middle,2024-05-01,2024Q2,1,13,19.25,325.44
H091,2025-06-01,4,Gyeonggi,Middle,,,0,,19.25,375.88
H092,2025-06-01,2,Busan,Low,2023-10-01,2023Q4,1,20,19.25,391.13
H093,2025-06-01,3,Daegu,Middle,,,0,,19.25,291.47
H094,2025-06-01,3,Seoul,Middle,2024-10-01,2024Q4,1,8,19.25,395.97
H095,2025-06-01,4,Seoul,Middle,,,0,,19.25,344.38
H096,2025-06-01,2,Daegu,High,2023-11-01,2023Q4,1,19,19.25,399.9
H097,2025-06-01,4,Daegu,Middle,,,0,,19.25,274.29
H098,2025-06-01,2,Daegu,Middle,,,0,,19.25,304.85
H099,2025-06-01,3,Busan,High,,,0,,19.25,363.82
H100,2025-06-01,2,Daegu,Middle,,,0,,19.25,278.1
H101,2025-06-01,2,Daegu,High,,,0,,19.25,306.0
H102,2025-06-01,2,Busan,Middle,,,0,,19.25,289.22
H103,2025-06-01,2,Gyeonggi,Middle,,,0,,19.25,200.55
H104,2025-06-01,3,Daegu,Middle,2023-04-01,2023Q2,1,26,19.25,413.27
H105,2025-06-01,3,Gyeonggi,Middle,,,0,,19.25,283.35
H106,2025-06-01,3,Busan,Middle,,,0,,19.25,270.5
H107,2025-06-01,2,Gyeonggi,Low,,,0,,19.25,312.14
H108,2025-06-01,4,Gyeonggi,Low,,,0,,19.25,322.13
H109,2025-06-01,2,Busan,High,2023-01-01,2023Q1,1,29,19.25,398.51
H110,2025-06-01,4,Gyeonggi,Low,,,0,,19.25,288.87
H111,2025-06-01,3,Gyeonggi,Middle,2023-08-01,2023Q3,1,22,19.25,417.27
H112,2025-06-01,3,Busan,Low,2023-02-01,2023Q1,1,28,19.25,343.01
H113,2025-06-01,4,Daegu,Middle,2024-05-01,2024Q2,1,13,19.25,406.68
H114,2025-06-01,1,Gyeonggi,Low,,,0,,19.25,237.85
H115,2025-06-01,3,Gyeonggi,High,2024-07-01,2024Q3,1,11,19.25,407.84
H116,2025-06-01,2,Seoul,Middle,,,0,,19.25,287.32
H117,2025-06-01,5,Gyeonggi,Middle,2024-02-01,2024Q1,1,16,19.25,453.68
H118,2025-06-01,2,Daegu,Middle,,,0,,19.25,271.86
H119,2025-06-01,2,Gyeonggi,Low,2022-05-01,2022Q2,1,37,19.25,379.42
H120,2025-06-01,4,Gyeonggi,Middle,,,0,,19.25,345.76
H001,2025-07-01,3,Seoul,Middle,2024-09-01,2024Q3,1,10,22.84,440.27
H002,2025-07-01,1,Daegu,Low,2022-09-01,2022Q3,1,34,22.84,378.85
H003,2025-07-01,3,Gyeonggi,Middle,,,0,,22.84,298.45
H004,2025-07-01,2,Seoul,High,2023-06-01,2023Q2,1,25,22.84,426.45
H005,2025-07-01,2,Gyeonggi,High,2023-10-01,2023Q4,1,21,22.84,421.01
H006,2025-07-01,2,Seoul,Middle,,,0,,22.84,343.49
H007,2025-07-01,5,Daegu,Low,,,0,,22.84,363.77
H008,2025-07-01,2,Gyeonggi,Middle,2022-05-01,2022Q2,1,38,22.84,437.3
H009,2025-07-01,5,Gyeonggi,High,,,0,,22.84,403.3
H010,2025-07-01,2,Busan,Low,2024-11-01,2024Q4,1,8,22.84,383.83
H011,2025-07-01,1,Gyeonggi,Middle,2024-12-01,2024Q4,1,7,22.84,424.01
H012,2025-07-01,3,Busan,High,,,0,,22.84,366.18
H013,2025-07-01,2,Seoul,High,,,0,,22.84,330.71
H014,2025-07-01,3,Busan,Low,,,0,,22.84,309.52
H015,2025-07-01,4,Daegu,Low,,,0,,22.84,364.12
H016,2025-07-01,4,Daegu,High,2022-03-01,2022Q1,1,40,22.84,499.06
H017,2025-07-01,3,Seoul,High,2024-07-01,2024Q3,1,12,22.84,440.58
H018,2025-07-01,3,Daegu,Middle,,,0,,22.84,303.73
H019,2025-07-01,3,Seoul,Middle,,,0,,22.84,374.49
H020,2025-07-01,4,Busan,Low,,,0,,22.84,368.37
H021,2025-07-01,3,Busan,High,2024-05-01,2024Q2,1,14,22.84,493.63
H022,2025-07-01,4,Gyeonggi,Low,,,0,,22.84,329.71
H023,2025-07-01,3,Seoul,Middle,2023-04-01,2023Q2,1,27,22.84,405.09
H024,2025-07-01,1,Seoul,Low,,,0,,22.84,288.78
H025,2025-07-01,1,Gyeonggi,Low,2024-07-01,2024Q3,1,12,22.84,383.15
H026,2025-07-01,5,Gyeonggi,Middle,2024-11-01,2024Q4,1,8,22.84,449.61
H027,2025-07-01,2,Daegu,Low,,,0,,22.84,330.83
H028,2025-07-01,2,Gyeonggi,Low,,,0,,22.84,298.53
H029,2025-07-01,1,Seoul,High,2024-08-01,2024Q3,1,11,22.84,385.49
H030,2025-07-01,2,Gyeonggi,Middle,,,0,,22.84,274.31
H031,2025-07-01,3,Gyeonggi,High,2023-06-01,2023Q2,1,25,22.84,446.4
H032,2025-07-01,3,Daegu,High,2024-11-01,2024Q4,1,8,22.84,393.14
H033,2025-07-01,1,Daegu,Middle,2024-08-01,2024Q3,1,11,22.84,359.64
H034,2025-07-01,1,Gyeonggi,Low,2022-08-01,2022Q3,1,35,22.84,350.47
H035,2025-07-01,4,Seoul,Low,,,0,,22.84,395.54
H036,2025-07-01,5,Gyeonggi,Low,,,0,,22.84,394.12
H037,2025-07-01,2,Daegu,High,2023-05-01,2023Q2,1,26,22.84,425.7
H038,2025-07-01,3,Daegu,Low,2022-10-01,2022Q4,1,33,22.84,417.97
H039,2025-07-01,4,Seoul,Middle,,,0,,22.84,425.62
H040,2025-07-01,4,Gyeonggi,Low,,,0,,22.84,374.49
H041,2025-07-01,4,Seoul,Middle,2024-04-01,2024Q2,1,15,22.84,481.25
H042,2025-07-01,3,Seoul,Middle,2024-10-01,2024Q4,1,9,22.84,415.3
H043,2025-07-01,3,Busan,Low,2024-11-01,2024Q4,1,8,22.84,387.05
H044,2025-07-01,2,Busan,High,,,0,,22.84,271.74
H045,2025-07-01,1,Seoul,Low,,,0,,22.84,210.15
H046,2025-07-01,4,Gyeonggi,Middle,2024-12-01,2024Q4,1,7,22.84,460.54
H047,2025-07-01,2,Seoul,Middle,2022-05-01,2022Q2,1,38,22.84,327.87
H048,2025-07-01,1,Seoul,Middle,2023-10-01,2023Q4,1,21,22.84,357.9
H049,2025-07-01,2,Busan,Low,,,0,,22.84,311.52
H050,2025-07-01,4,Seoul,Low,,,0,,22.84,290.12
H051,2025-07-01,2,Seoul,Middle,2023-09-01,2023Q3,1,22,22.84,461.61
H052,2025-07-01,4,Seoul,Low,,,0,,22.84,365.88
H053,2025-07-01,3,Gyeonggi,Middle,2022-01-01,2022Q1,1,42,22.84,404.86
H054,2025-07-01,2,Seoul,High,2022-11-01,2022Q4,1,32,22.84,450.29
H055,2025-07-01,1,Daegu,High,2022-03-01,2022Q1,1,40,22.84,408.61
H056,2025-07-01,4,Seoul,Low,,,0,,22.84,235.68
H057,2025-07-01,4,Daegu,High,2024-02-01,2024Q1,1,17,22.84,533.18
H058,2025-07-01,2,Seoul,High,2023-06-01,2023Q2,1,25,22.84,385.9
H059,2025-07-01,2,Gyeonggi,Low,2022-05-01,2022Q2,1,38,22.84,420.56
H060,2025-07-01,2,Daegu,Middle,,,0,,22.84,267.25
H061,2025-07-01,2,Seoul,Low,,,0,,22.84,319.51
H062,2025-07-01,2,Seoul,Middle,2023-07-01,2023Q3,1,24,22.84,403.88
H063,2025-07-01,3,Seoul,Middle,,,0,,22.84,274.55
H064,2025-07-01,1,Gyeonggi,Middle,2024-06-01,2024Q2,1,13,22.84,373.89
H065,2025-07-01,3,Seoul,Middle,2023-12-01,2023Q4,1,19,22.84,444.85
H066,2025-07-01,2,Gyeonggi,Low,,,0,,22.84,299.24
H067,2025-07-01,2,Gyeonggi,Middle,2023-04-01,2023Q2,1,27,22.84,410.5
H068,2025-07-01,3,Busan,Middle,,,0,,22.84,372.31
H069,2025-07-01,2,Daegu,High,,,0,,22.84,361.49
H070,2025-07-01,2,Busan,Low,,,0,,22.84,310.47
H071,2025-07-01,2,Busan,Low,2023-10-01,2023Q4,1,21,22.84,401.52
H072,2025-07-01,4,Seoul,Middle,,,0,,22.84,410.61
H073,2025-07-01,3,Daegu,Middle,2022-07-01,2022Q3,1,36,22.84,436.06
H074,2025-07-01,2,Daegu,Low,2022-08-01,2022Q3,1,35,22.84,447.7
H075,2025-07-01,1,Daegu,Middle,,,0,,22.84,306.27
H076,2025-07-01,4,Daegu,High,,,0,,22.84,396.21
H077,2025-07-01,4,Daegu,Middle,2024-08-01,2024Q3,1,11,22.84,463.59
H078,2025-07-01,3,Busan,Middle,,,0,,22.84,298.71
H079,2025-07-01,2,Busan,Middle,2024-03-01,2024Q1,1,16,22.84,400.78
H080,2025-07-01,4,Seoul,Middle,2023-07-01,2023Q3,1,24,22.84,449.01
H081,2025-07-01,1,Daegu,Middle,2024-07-01,2024Q3,1,12,22.84,371.51
H082,2025-07-01,3,Busan,Low,2023-09-01,2023Q3,1,22,22.84,316.6
H083,2025-07-01,4,Gyeonggi,Middle,2024-11-01,2024Q4,1,8,22.84,457.65
H084,2025-07-01,4,Gyeonggi,High,,,0,,22.84,385.18
H085,2025-07-01,5,Seoul,High,2023-03-01,2023Q1,1,28,22.84,459.93
H086,2025-07-01,4,Gyeonggi,Low,2022-08-01,2022Q3,1,35,22.84,425.7
H087,2025-07-01,2,Daegu,Low,,,0,,22.84,335.89
H088,2025-07-01,3,Seoul,High,2024-02-01,2024Q1,1,17,22.84,456.47
H089,2025-07-01,4,Seoul,High,2022-04-01,2022Q2,1,39,22.84,502.66
H090,2025-07-01,1,Seoul,Middle,2024-05-01,2024Q2,1,14,22.84,366.71
H091,2025-07-01,4,Gyeonggi,Middle,,,0,,22.84,411.09
H092,2025-07-01,2,Busan,Low,2023-10-01,2023Q4,1,21,22.84,355.31
H093,2025-07-01,3,Daegu,Middle,,,0,,22.84,371.23
H094,2025-07-01,3,Seoul,Middle,2024-10-01,2024Q4,1,9,22.84,456.9
H095,2025-07-01,4,Seoul,Middle,,,0,,22.84,333.74
H096,2025-07-01,2,Daegu,High,2023-11-01,2023Q4,1,20,22.84,398.01
H097,2025-07-01,4,Daegu,Middle,,,0,,22.84,303.48
H098,2025-07-01,2,Daegu,Middle,,,0,,22.84,300.06
H099,2025-07-01,3,Busan,High,,,0,,22.84,330.4
H100,2025-07-01,2,Daegu,Middle,,,0,,22.84,307.32
H101,2025-07-01,2,Daegu,High,,,0,,22.84,336.87
H102,2025-07-01,2,Busan,Middle,,,0,,22.84,336.39
H103,2025-07-01,2,Gyeonggi,Middle,,,0,,22.84,281.57
H104,2025-07-01,3,Daegu,Middle,2023-04-01,2023Q2,1,27,22.84,436.34
H105,2025-07-01,3,Gyeonggi,Middle,,,0,,22.84,313.31
H106,2025-07-01,3,Busan,Middle,,,0,,22.84,355.45
H107,2025-07-01,2,Gyeonggi,Low,,,0,,22.84,346.79
H108,2025-07-01,4,Gyeonggi,Low,,,0,,22.84,351.61
H109,2025-07-01,2,Busan,High,2023-01-01,2023Q1,1,30,22.84,429.02
H110,2025-07-01,4,Gyeonggi,Low,,,0,,22.84,337.99
H111,2025-07-01,3,Gyeonggi,Middle,2023-08-01,2023Q3,1,23,22.84,428.49
H112,2025-07-01,3,Busan,Low,2023-02-01,2023Q1,1,29,22.84,388.88
H113,2025-07-01,4,Daegu,Middle,2024-05-01,2024Q2,1,14,22.84,399.36
H114,2025-07-01,1,Gyeonggi,Low,,,0,,22.84,254.07
H115,2025-07-01,3,Gyeonggi,High,2024-07-01,2024Q3,1,12,22.84,440.06
H116,2025-07-01,2,Seoul,Middle,,,0,,22.84,377.1
H117,2025-07-01,5,Gyeonggi,Middle,2024-02-01,2024Q1,1,17,22.84,512.48
H118,2025-07-01,2,Daegu,Middle,,,0,,22.84,320.67
H119,2025-07-01,2,Gyeonggi,Low,2022-05-01,2022Q2,1,38,22.84,420.0
H120,2025-07-01,4,Gyeonggi,Middle,,,0,,22.84,411.01
H001,2025-08-01,3,Seoul,Middle,2024-09-01,2024Q3,1,11,24.83,414.54
H002,2025-08-01,1,Daegu,Low,2022-09-01,2022Q3,1,35,24.83,419.26
H003,2025-08-01,3,Gyeonggi,Middle,,,0,,24.83,375.72
H004,2025-08-01,2,Seoul,High,2023-06-01,2023Q2,1,26,24.83,393.0
H005,2025-08-01,2,Gyeonggi,High,2023-10-01,2023Q4,1,22,24.83,405.52
H006,2025-08-01,2,Seoul,Middle,,,0,,24.83,383.43
H007,2025-08-01,5,Daegu,Low,,,0,,24.83,395.45
H008,2025-08-01,2,Gyeonggi,Middle,2022-05-01,2022Q2,1,39,24.83,426.71
H009,2025-08-01,5,Gyeonggi,High,,,0,,24.83,407.28
H010,2025-08-01,2,Busan,Low,2024-11-01,2024Q4,1,9,24.83,426.0
H011,2025-08-01,1,Gyeonggi,Middle,2024-12-01,2024Q4,1,8,24.83,414.51
H012,2025-08-01,3,Busan,High,,,0,,24.83,408.23
H013,2025-08-01,2,Seoul,High,,,0,,24.83,377.31
H014,2025-08-01,3,Busan,Low,,,0,,24.83,358.5
H015,2025-08-01,4,Daegu,Low,,,0,,24.83,404.44
H016,2025-08-01,4,Daegu,High,2022-03-01,2022Q1,1,41,24.83,548.07
H017,2025-08-01,3,Seoul,High,2024-07-01,2024Q3,1,13,24.83,461.86
H018,2025-08-01,3,Daegu,Middle,,,0,,24.83,328.58
H019,2025-08-01,3,Seoul,Middle,,,0,,24.83,355.82
H020,2025-08-01,4,Busan,Low,,,0,,24.83,412.83
H021,2025-08-01,3,Busan,High,2024-05-01,2024Q2,1,15,24.83,441.85
H022,2025-08-01,4,Gyeonggi,Low,,,0,,24.83,356.31
H023,2025-08-01,3,Seoul,Middle,2023-04-01,2023Q2,1,28,24.83,439.5
H024,2025-08-01,1,Seoul,Low,,,0,,24.83,281.98
H025,2025-08-01,1,Gyeonggi,Low,2024-07-01,2024Q3,1,13,24.83,347.56
H026,2025-08-01,5,Gyeonggi,Middle,2024-11-01,2024Q4,1,9,24.83,529.7
H027,2025-08-01,2,Daegu,Low,,,0,,24.83,356.42
H028,2025-08-01,2,Gyeonggi,Low,,,0,,24.83,329.99
H029,2025-08-01,1,Seoul,High,2024-08-01,2024Q3,1,12,24.83,396.35
H030,2025-08-01,2,Gyeonggi,Middle,,,0,,24.83,370.1
H031,2025-08-01,3,Gyeonggi,High,2023-06-01,2023Q2,1,26,24.83,475.94
H032,2025-08-01,3,Daegu,High,2024-11-01,2024Q4,1,9,24.83,430.87
H033,2025-08-01,1,Daegu,Middle,2024-08-01,2024Q3,1,12,24.83,384.1
H034,2025-08-01,1,Gyeonggi,Low,2022-08-01,2022Q3,1,36,24.83,395.19
H035,2025-08-01,4,Seoul,Low,,,0,,24.83,413.08
H036,2025-08-01,5,Gyeonggi,Low,,,0,,24.83,406.38
H037,2025-08-01,2,Daegu,High,2023-05-01,2023Q2,1,27,24.83,404.52
H038,2025-08-01,3,Daegu,Low,2022-10-01,2022Q4,1,34,24.83,417.28
H039,2025-08-01,4,Seoul,Middle,,,0,,24.83,437.32
H040,2025-08-01,4,Gyeonggi,Low,,,0,,24.83,396.63
H041,2025-08-01,4,Seoul,Middle,2024-04-01,2024Q2,1,16,24.83,492.64
H042,2025-08-01,3,Seoul,Middle,2024-10-01,2024Q4,1,10,24.83,389.12
H043,2025-08-01,3,Busan,Low,2024-11-01,2024Q4,1,9,24.83,406.23
H044,2025-08-01,2,Busan,High,,,0,,24.83,327.88
H045,2025-08-01,1,Seoul,Low,,,0,,24.83,309.39
H046,2025-08-01,4,Gyeonggi,Middle,2024-12-01,2024Q4,1,8,24.83,538.69
H047,2025-08-01,2,Seoul,Middle,2022-05-01,2022Q2,1,39,24.83,376.54
H048,2025-08-01,1,Seoul,Middle,2023-10-01,2023Q4,1,22,24.83,353.17
H049,2025-08-01,2,Busan,Low,,,0,,24.83,278.62
H050,2025-08-01,4,Seoul,Low,,,0,,24.83,328.3
H051,2025-08-01,2,Seoul,Middle,2023-09-01,2023Q3,1,23,24.83,493.83
H052,2025-08-01,4,Seoul,Low,,,0,,24.83,414.66
H053,2025-08-01,3,Gyeonggi,Middle,2022-01-01,2022Q1,1,43,24.83,450.07
H054,2025-08-01,2,Seoul,High,2022-11-01,2022Q4,1,33,24.83,440.19
H055,2025-08-01,1,Daegu,High,2022-03-01,2022Q1,1,41,24.83,438.88
H056,2025-08-01,4,Seoul,Low,,,0,,24.83,315.51
H057,2025-08-01,4,Daegu,High,2024-02-01,2024Q1,1,18,24.83,504.63
H058,2025-08-01,2,Seoul,High,2023-06-01,2023Q2,1,26,24.83,414.44
H059,2025-08-01,2,Gyeonggi,Low,2022-05-01,2022Q2,1,39,24.83,360.23
H060,2025-08-01,2,Daegu,Middle,,,0,,24.83,317.59
H061,2025-08-01,2,Seoul,Low,,,0,,24.83,347.19
H062,2025-08-01,2,Seoul,Middle,2023-07-01,2023Q3,1,25,24.83,421.6
H063,2025-08-01,3,Seoul,Middle,,,0,,24.83,357.41
H064,2025-08-01,1,Gyeonggi,Middle,2024-06-01,2024Q2,1,14,24.83,387.31
H065,2025-08-01,3,Seoul,Middle,2023-12-01,2023Q4,1,20,24.83,445.99
H066,2025-08-01,2,Gyeonggi,Low,,,0,,24.83,371.62
H067,2025-08-01,2,Gyeonggi,Middle,2023-04-01,2023Q2,1,28,24.83,416.69
H068,2025-08-01,3,Busan,Middle,,,0,,24.83,411.63
H069,2025-08-01,2,Daegu,High,,,0,,24.83,397.68
H070,2025-08-01,2,Busan,Low,,,0,,24.83,293.03
H071,2025-08-01,2,Busan,Low,2023-10-01,2023Q4,1,22,24.83,401.25
H072,2025-08-01,4,Seoul,Middle,,,0,,24.83,371.73
H073,2025-08-01,3,Daegu,Middle,2022-07-01,2022Q3,1,37,24.83,475.14
H074,2025-08-01,2,Daegu,Low,2022-08-01,2022Q3,1,36,24.83,505.46
H075,2025-08-01,1,Daegu,Middle,,,0,,24.83,319.72
H076,2025-08-01,4,Daegu,High,,,0,,24.83,403.2
H077,2025-08-01,4,Daegu,Middle,2024-08-01,2024Q3,1,12,24.83,484.86
H078,2025-08-01,3,Busan,Middle,,,0,,24.83,306.44
H079,2025-08-01,2,Busan,Middle,2024-03-01,2024Q1,1,17,24.83,395.12
H080,2025-08-01,4,Seoul,Middle,2023-07-01,2023Q3,1,25,24.83,488.0
H081,2025-08-01,1,Daegu,Middle,2024-07-01,2024Q3,1,13,24.83,360.22
H082,2025-08-01,3,Busan,Low,2023-09-01,2023Q3,1,23,24.83,355.01
H083,2025-08-01,4,Gyeonggi,Middle,2024-11-01,2024Q4,1,9,24.83,475.65
H084,2025-08-01,4,Gyeonggi,High,,,0,,24.83,431.03
H085,2025-08-01,5,Seoul,High,2023-03-01,2023Q1,1,29,24.83,499.31
H086,2025-08-01,4,Gyeonggi,Low,2022-08-01,2022Q3,1,36,24.83,465.07
H087,2025-08-01,2,Daegu,Low,,,0,,24.83,365.01
H088,2025-08-01,3,Seoul,High,2024-02-01,2024Q1,1,18,24.83,433.56
H089,2025-08-01,4,Seoul,High,2022-04-01,2022Q2,1,40,24.83,491.34
H090,2025-08-01,1,Seoul,Middle,2024-05-01,2024Q2,1,15,24.83,412.94
H091,2025-08-01,4,Gyeonggi,Middle,,,0,,24.83,422.61
H092,2025-08-01,2,Busan,Low,2023-10-01,2023Q4,1,22,24.83,397.32
H093,2025-08-01,3,Daegu,Middle,,,0,,24.83,379.48
H094,2025-08-01,3,Seoul,Middle,2024-10-01,2024Q4,1,10,24.83,391.77
H095,2025-08-01,4,Seoul,Middle,,,0,,24.83,400.05
H096,2025-08-01,2,Daegu,High,2023-11-01,2023Q4,1,21,24.83,448.68
H097,2025-08-01,4,Daegu,Middle,,,0,,24.83,316.84
H098,2025-08-01,2,Daegu,Middle,,,0,,24.83,367.56
H099,2025-08-01,3,Busan,High,,,0,,24.83,412.03
H100,2025-08-01,2,Daegu,Middle,,,0,,24.83,352.28
H101,2025-08-01,2,Daegu,High,,,0,,24.83,342.6
H102,2025-08-01,2,Busan,Middle,,,0,,24.83,348.87
H103,2025-08-01,2,Gyeonggi,Middle,,,0,,24.83,306.24
H104,2025-08-01,3,Daegu,Middle,2023-04-01,2023Q2,1,28,24.83,414.52
H105,2025-08-01,3,Gyeonggi,Middle,,,0,,24.83,398.12
H106,2025-08-01,3,Busan,Middle,,,0,,24.83,310.28
H107,2025-08-01,2,Gyeonggi,Low,,,0,,24.83,373.82
H108,2025-08-01,4,Gyeonggi,Low,,,0,,24.83,385.99
H109,2025-08-01,2,Busan,High,2023-01-01,2023Q1,1,31,24.83,444.24
H110,2025-08-01,4,Gyeonggi,Low,,,0,,24.83,354.2
H111,2025-08-01,3,Gyeonggi,Middle,2023-08-01,2023Q3,1,24,24.83,484.46
H112,2025-08-01,3,Busan,Low,2023-02-01,2023Q1,1,30,24.83,461.44
H113,2025-08-01,4,Daegu,Middle,2024-05-01,2024Q2,1,15,24.83,447.42
H114,2025-08-01,1,Gyeonggi,Low,,,0,,24.83,261.69
H115,2025-08-01,3,Gyeonggi,High,2024-07-01,2024Q3,1,13,24.83,416.81
H116,2025-08-01,2,Seoul,Middle,,,0,,24.83,376.27
H117,2025-08-01,5,Gyeonggi,Middle,2024-02-01,2024Q1,1,18,24.83,452.46
H118,2025-08-01,2,Daegu,Middle,,,0,,24.83,294.75
H119,2025-08-01,2,Gyeonggi,Low,2022-05-01,2022Q2,1,39,24.83,404.08
H120,2025-08-01,4,Gyeonggi,Middle,,,0,,24.83,436.38
H001,2025-09-01,3,Seoul,Middle,2024-09-01,2024Q3,1,12,22.72,426.83
H002,2025-09-01,1,Daegu,Low,2022-09-01,2022Q3,1,36,22.72,338.52
H003,2025-09-01,3,Gyeonggi,Middle,,,0,,22.72,331.12
H004,2025-09-01,2,Seoul,High,2023-06-01,2023Q2,1,27,22.72,401.19
H005,2025-09-01,2,Gyeonggi,High,2023-10-01,2023Q4,1,23,22.72,431.78
H006,2025-09-01,2,Seoul,Middle,,,0,,22.72,338.48
H007,2025-09-01,5,Daegu,Low,,,0,,22.72,332.34
H008,2025-09-01,2,Gyeonggi,Middle,2022-05-01,2022Q2,1,40,22.72,479.18
H009,2025-09-01,5,Gyeonggi,High,,,0,,22.72,353.07
H010,2025-09-01,2,Busan,Low,2024-11-01,2024Q4,1,10,22.72,415.32
H011,2025-09-01,1,Gyeonggi,Middle,2024-12-01,2024Q4,1,9,22.72,368.68
H012,2025-09-01,3,Busan,High,,,0,,22.72,401.49
H013,2025-09-01,2,Seoul,High,,,0,,22.72,341.02
H014,2025-09-01,3,Busan,Low,,,0,,22.72,325.58
H015,2025-09-01,4,Daegu,Low,,,0,,22.72,375.12
H016,2025-09-01,4,Daegu,High,2022-03-01,2022Q1,1,42,22.72,467.78
H017,2025-09-01,3,Seoul,High,2024-07-01,2024Q3,1,14,22.72,460.77
H018,2025-09-01,3,Daegu,Middle,,,0,,22.72,314.15
H019,2025-09-01,3,Seoul,Middle,,,0,,22.72,356.15
H020,2025-09-01,4,Busan,Low,,,0,,22.72,356.73
H021,2025-09-01,3,Busan,High,2024-05-01,2024Q2,1,16,22.72,448.0
H022,2025-09-01,4,Gyeonggi,Low,,,0,,22.72,329.15
H023,2025-09-01,3,Seoul,Middle,2023-04-01,2023Q2,1,29,22.72,447.0
H024,2025-09-01,1,Seoul,Low,,,0,,22.72,266.16
H025,2025-09-01,1,Gyeonggi,Low,2024-07-01,2024Q3,1,14,22.72,310.56
H026,2025-09-01,5,Gyeonggi,Middle,2024-11-01,2024Q4,1,10,22.72,477.73
H027,2025-09-01,2,Daegu,Low,,,0,,22.72,307.18
H028,2025-09-01,2,Gyeonggi,Low,,,0,,22.72,285.17
H029,2025-09-01,1,Seoul,High,2024-08-01,2024Q3,1,13,22.72,435.69
H030,2025-09-01,2,Gyeonggi,Middle,,,0,,22.72,307.22
H031,2025-09-01,3,Gyeonggi,High,2023-06-01,2023Q2,1,27,22.72,459.55
H032,2025-09-01,3,Daegu,High,2024-11-01,2024Q4,1,10,22.72,438.09
H033,2025-09-01,1,Daegu,Middle,2024-08-01,2024Q3,1,13,22.72,396.97
H034,2025-09-01,1,Gyeonggi,Low,2022-08-01,2022Q3,1,37,22.72,379.47
H035,2025-09-01,4,Seoul,Low,,,0,,22.72,385.97
H036,2025-09-01,5,Gyeonggi,Low,,,0,,22.72,375.87
H037,2025-09-01,2,Daegu,High,2023-05-01,2023Q2,1,28,22.72,471.74
H038,2025-09-01,3,Daegu,Low,2022-10-01,2022Q4,1,35,22.72,374.4
H039,2025-09-01,4,Seoul,Middle,,,0,,22.72,375.31
H040,2025-09-01,4,Gyeonggi,Low,,,0,,22.72,354.29
H041,2025-09-01,4,Seoul,Middle,2024-04-01,2024Q2,1,17,22.72,479.08
H042,2025-09-01,3,Seoul,Middle,2024-10-01,2024Q4,1,11,22.72,427.41
H043,2025-09-01,3,Busan,Low,2024-11-01,2024Q4,1,10,22.72,418.48
H044,2025-09-01,2,Busan,High,,,0,,22.72,288.51
H045,2025-09-01,1,Seoul,Low,,,0,,22.72,289.99
H046,2025-09-01,4,Gyeonggi,Middle,2024-12-01,2024Q4,1,9,22.72,456.3
H047,2025-09-01,2,Seoul,Middle,2022-05-01,2022Q2,1,40,22.72,347.27
H048,2025-09-01,1,Seoul,Middle,2023-10-01,2023Q4,1,23,22.72,345.33
H049,2025-09-01,2,Busan,Low,,,0,,22.72,268.5
H050,2025-09-01,4,Seoul,Low,,,0,,22.72,325.42
H051,2025-09-01,2,Seoul,Middle,2023-09-01,2023Q3,1,24,22.72,455.62
H052,2025-09-01,4,Seoul,Low,,,0,,22.72,414.45
H053,2025-09-01,3,Gyeonggi,Middle,2022-01-01,2022Q1,1,44,22.72,434.79
H054,2025-09-01,2,Seoul,High,2022-11-01,2022Q4,1,34,22.72,390.57
H055,2025-09-01,1,Daegu,High,2022-03-01,2022Q1,1,42,22.72,405.8
H056,2025-09-01,4,Seoul,Low,,,0,,22.72,315.73
H057,2025-09-01,4,Daegu,High,2024-02-01,2024Q1,1,19,22.72,540.54
H058,2025-09-01,2,Seoul,High,2023-06-01,2023Q2,1,27,22.72,390.22
H059,2025-09-01,2,Gyeonggi,Low,2022-05-01,2022Q2,1,40,22.72,397.62
H060,2025-09-01,2,Daegu,Middle,,,0,,22.72,310.48
H061,2025-09-01,2,Seoul,Low,,,0,,22.72,295.91
H062,2025-09-01,2,Seoul,Middle,2023-07-01,2023Q3,1,26,22.72,380.13
H063,2025-09-01,3,Seoul,Middle,,,0,,22.72,296.36
H064,2025-09-01,1,Gyeonggi,Middle,2024-06-01,2024Q2,1,15,22.72,385.77
H065,2025-09-01,3,Seoul,Middle,2023-12-01,2023Q4,1,21,22.72,426.05
H066,2025-09-01,2,Gyeonggi,Low,,,0,,22.72,333.42
H067,2025-09-01,2,Gyeonggi,Middle,2023-04-01,2023Q2,1,29,22.72,405.97
H068,2025-09-01,3,Busan,Middle,,,0,,22.72,366.59
H069,2025-09-01,2,Daegu,High,,,0,,22.72,381.27
H070,2025-09-01,2,Busan,Low,,,0,,22.72,278.69
H071,2025-09-01,2,Busan,Low,2023-10-01,2023Q4,1,23,22.72,409.24
H072,2025-09-01,4,Seoul,Middle,,,0,,22.72,391.61
H073,2025-09-01,3,Daegu,Middle,2022-07-01,2022Q3,1,38,22.72,401.65
H074,2025-09-01,2,Daegu,Low,2022-08-01,2022Q3,1,37,22.72,422.16
H075,2025-09-01,1,Daegu,Middle,,,0,,22.72,352.0
H076,2025-09-01,4,Daegu,High,,,0,,22.72,471.28
H077,2025-09-01,4,Daegu,Middle,2024-08-01,2024Q3,1,13,22.72,461.18
H078,2025-09-01,3,Busan,Middle,,,0,,22.72,293.88
H079,2025-09-01,2,Busan,Middle,2024-03-01,2024Q1,1,18,22.72,348.79
H080,2025-09-01,4,Seoul,Middle,2023-07-01,2023Q3,1,26,22.72,464.47
H081,2025-09-01,1,Daegu,Middle,2024-07-01,2024Q3,1,14,22.72,382.74
H082,2025-09-01,3,Busan,Low,2023-09-01,2023Q3,1,24,22.72,351.39
H083,2025-09-01,4,Gyeonggi,Middle,2024-11-01,2024Q4,1,10,22.72,503.22
H084,2025-09-01,4,Gyeonggi,High,,,0,,22.72,423.54
H085,2025-09-01,5,Seoul,High,2023-03-01,2023Q1,1,30,22.72,459.72
H086,2025-09-01,4,Gyeonggi,Low,2022-08-01,2022Q3,1,37,22.72,413.85
H087,2025-09-01,2,Daegu,Low,,,0,,22.72,342.98
H088,2025-09-01,3,Seoul,High,2024-02-01,2024Q1,1,19,22.72,432.64
H089,2025-09-01,4,Seoul,High,2022-04-01,2022Q2,1,41,22.72,474.27
H090,2025-09-01,1,Seoul,Middle,2024-05-01,2024Q2,1,16,22.72,335.74
H091,2025-09-01,4,Gyeonggi,Middle,,,0,,22.72,406.29
H092,2025-09-01,2,Busan,Low,2023-10-01,2023Q4,1,23,22.72,396.17
H093,2025-09-01,3,Daegu,Middle,,,0,,22.72,358.97
H094,2025-09-01,3,Seoul,Middle,2024-10-01,2024Q4,1,11,22.72,432.32
H095,2025-09-01,4,Seoul,Middle,,,0,,22.72,392.83
H096,2025-09-01,2,Daegu,High,2023-11-01,2023Q4,1,22,22.72,404.47
H097,2025-09-01,4,Daegu,Middle,,,0,,22.72,341.12
H098,2025-09-01,2,Daegu,Middle,,,0,,22.72,336.56
H099,2025-09-01,3,Busan,High,,,0,,22.72,318.56
H100,2025-09-01,2,Daegu,Middle,,,0,,22.72,300.62
H101,2025-09-01,2,Daegu,High,,,0,,22.72,311.4
H102,2025-09-01,2,Busan,Middle,,,0,,22.72,326.63
H103,2025-09-01,2,Gyeonggi,Middle,,,0,,22.72,262.34
H104,2025-09-01,3,Daegu,Middle,2023-04-01,2023Q2,1,29,22.72,452.12
H105,2025-09-01,3,Gyeonggi,Middle,,,0,,22.72,363.74
H106,2025-09-01,3,Busan,Middle,,,0,,22.72,317.89
H107,2025-09-01,2,Gyeonggi,Low,,,0,,22.72,297.72
H108,2025-09-01,4,Gyeonggi,Low,,,0,,22.72,346.6
H109,2025-09-01,2,Busan,High,2023-01-01,2023Q1,1,32,22.72,436.43
H110,2025-09-01,4,Gyeonggi,Low,,,0,,22.72,327.15
H111,2025-09-01,3,Gyeonggi,Middle,2023-08-01,2023Q3,1,25,22.72,462.29
H112,2025-09-01,3,Busan,Low,2023-02-01,2023Q1,1,31,22.72,447.36
H113,2025-09-01,4,Daegu,Middle,2024-05-01,2024Q2,1,16,22.72,473.64
H114,2025-09-01,1,Gyeonggi,Low,,,0,,22.72,309.49
H115,2025-09-01,3,Gyeonggi,High,2024-07-01,2024Q3,1,14,22.72,425.3
H116,2025-09-01,2,Seoul,Middle,,,0,,22.72,360.3
H117,2025-09-01,5,Gyeonggi,Middle,2024-02-01,2024Q1,1,19,22.72,476.09
H118,2025-09-01,2,Daegu,Middle,,,0,,22.72,290.5
H119,2025-09-01,2,Gyeonggi,Low,2022-05-01,2022Q2,1,40,22.72,410.66
H120,2025-09-01,4,Gyeonggi,Middle,,,0,,22.72,383.84
H001,2025-10-01,3,Seoul,Middle,2024-09-01,2024Q3,1,13,20.39,403.55
H002,2025-10-01,1,Daegu,Low,2022-09-01,2022Q3,1,37,20.39,361.96
H003,2025-10-01,3,Gyeonggi,Middle,,,0,,20.39,369.24
H004,2025-10-01,2,Seoul,High,2023-06-01,2023Q2,1,28,20.39,398.14
H005,2025-10-01,2,Gyeonggi,High,2023-10-01,2023Q4,1,24,20.39,424.11
H006,2025-10-01,2,Seoul,Middle,,,0,,20.39,305.29
H007,2025-10-01,5,Daegu,Low,,,0,,20.39,386.74
H008,2025-10-01,2,Gyeonggi,Middle,2022-05-01,2022Q2,1,41,20.39,422.43
H009,2025-10-01,5,Gyeonggi,High,,,0,,20.39,368.5
H010,2025-10-01,2,Busan,Low,2024-11-01,2024Q4,1,11,20.39,367.98
H011,2025-10-01,1,Gyeonggi,Middle,2024-12-01,2024Q4,1,10,20.39,330.74
H012,2025-10-01,3,Busan,High,,,0,,20.39,334.77
H013,2025-10-01,2,Seoul,High,,,0,,20.39,330.97
H014,2025-10-01,3,Busan,Low,,,0,,20.39,315.22
H015,2025-10-01,4,Daegu,Low,,,0,,20.39,346.8
H016,2025-10-01,4,Daegu,High,2022-03-01,2022Q1,1,43,20.39,513.69
H017,2025-10-01,3,Seoul,High,2024-07-01,2024Q3,1,15,20.39,454.39
H018,2025-10-01,3,Daegu,Middle,,,0,,20.39,329.45
H019,2025-10-01,3,Seoul,Middle,,,0,,20.39,342.05
H020,2025-10-01,4,Busan,Low,,,0,,20.39,359.52
H021,2025-10-01,3,Busan,High,2024-05-01,2024Q2,1,17,20.39,443.24
H022,2025-10-01,4,Gyeonggi,Low,,,0,,20.39,319.86
H023,2025-10-01,3,Seoul,Middle,2023-04-01,2023Q2,1,30,20.39,437.35
H024,2025-10-01,1,Seoul,Low,,,0,,20.39,284.82
H025,2025-10-01,1,Gyeonggi,Low,2024-07-01,2024Q3,1,15,20.39,369.38
H026,2025-10-01,5,Gyeonggi,Middle,2024-11-01,2024Q4,1,11,20.39,492.83
H027,2025-10-01,2,Daegu,Low,,,0,,20.39,278.27
H028,2025-10-01,2,Gyeonggi,Low,,,0,,20.39,317.33
H029,2025-10-01,1,Seoul,High,2024-08-01,2024Q3,1,14,20.39,447.1
H030,2025-10-01,2,Gyeonggi,Middle,,,0,,20.39,326.05
H031,2025-10-01,3,Gyeonggi,High,2023-06-01,2023Q2,1,28,20.39,446.26
H032,2025-10-01,3,Daegu,High,2024-11-01,2024Q4,1,11,20.39,440.91
H033,2025-10-01,1,Daegu,Middle,2024-08-01,2024Q3,1,14,20.39,363.28
H034,2025-10-01,1,Gyeonggi,Low,2022-08-01,2022Q3,1,38,20.39,343.14
H035,2025-10-01,4,Seoul,Low,,,0,,20.39,418.48
H036,2025-10-01,5,Gyeonggi,Low,,,0,,20.39,390.56
H037,2025-10-01,2,Daegu,High,2023-05-01,2023Q2,1,29,20.39,434.07
H038,2025-10-01,3,Daegu,Low,2022-10-01,2022Q4,1,36,20.39,454.08
H039,2025-10-01,4,Seoul,Middle,,,0,,20.39,374.9
H040,2025-10-01,4,Gyeonggi,Low,,,0,,20.39,370.19
H041,2025-10-01,4,Seoul,Middle,2024-04-01,2024Q2,1,18,20.39,467.44
H042,2025-10-01,3,Seoul,Middle,2024-10-01,2024Q4,1,12,20.39,428.61
H043,2025-10-01,3,Busan,Low,2024-11-01,2024Q4,1,11,20.39,390.8
H044,2025-10-01,2,Busan,High,,,0,,20.39,297.85
H045,2025-10-01,1,Seoul,Low,,,0,,20.39,315.65
H046,2025-10-01,4,Gyeonggi,Middle,2024-12-01,2024Q4,1,10,20.39,454.92
H047,2025-10-01,2,Seoul,Middle,2022-05-01,2022Q2,1,41,20.39,359.04
H048,2025-10-01,1,Seoul,Middle,2023-10-01,2023Q4,1,24,20.39,362.62
H049,2025-10-01,2,Busan,Low,,,0,,20.39,238.67
H050,2025-10-01,4,Seoul,Low,,,0,,20.39,352.23
H051,2025-10-01,2,Seoul,Middle,2023-09-01,2023Q3,1,25,20.39,405.49
H052,2025-10-01,4,Seoul,Low,,,0,,20.39,399.67
H053,2025-10-01,3,Gyeonggi,Middle,2022-01-01,2022Q1,1,45,20.39,471.27
H054,2025-10-01,2,Seoul,High,2022-11-01,2022Q4,1,35,20.39,376.91
H055,2025-10-01,1,Daegu,High,2022-03-01,2022Q1,1,43,20.39,346.26
H056,2025-10-01,4,Seoul,Low,,,0,,20.39,298.76
H057,2025-10-01,4,Daegu,High,2024-02-01,2024Q1,1,20,20.39,492.8
H058,2025-10-01,2,Seoul,High,2023-06-01,2023Q2,1,28,20.39,386.53
H059,2025-10-01,2,Gyeonggi,Low,2022-05-01,2022Q2,1,41,20.39,382.46
H060,2025-10-01,2,Daegu,Middle,,,0,,20.39,288.58
H061,2025-10-01,2,Seoul,Low,,,0,,20.39,271.93
H062,2025-10-01,2,Seoul,Middle,2023-07-01,2023Q3,1,27,20.39,419.12
H063,2025-10-01,3,Seoul,Middle,,,0,,20.39,264.53
H064,2025-10-01,1,Gyeonggi,Middle,2024-06-01,2024Q2,1,16,20.39,354.56
H065,2025-10-01,3,Seoul,Middle,2023-12-01,2023Q4,1,22,20.39,437.35
H066,2025-10-01,2,Gyeonggi,Low,,,0,,20.39,296.15
H067,2025-10-01,2,Gyeonggi,Middle,2023-04-01,2023Q2,1,30,20.39,355.34
H068,2025-10-01,3,Busan,Middle,,,0,,20.39,330.75
H069,2025-10-01,2,Daegu,High,,,0,,20.39,341.58
H070,2025-10-01,2,Busan,Low,,,0,,20.39,323.65
H071,2025-10-01,2,Busan,Low,2023-10-01,2023Q4,1,24,20.39,342.57
H072,2025-10-01,4,Seoul,Middle,,,0,,20.39,374.24
H073,2025-10-01,3,Daegu,Middle,2022-07-01,2022Q3,1,39,20.39,417.3
H074,2025-10-01,2,Daegu,Low,2022-08-01,2022Q3,1,38,20.39,395.43
H075,2025-10-01,1,Daegu,Middle,,,0,,20.39,268.84
H076,2025-10-01,4,Daegu,High,,,0,,20.39,343.73
H077,2025-10-01,4,Daegu,Middle,2024-08-01,2024Q3,1,14,20.39,457.6
H078,2025-10-01,3,Busan,Middle,,,0,,20.39,296.58
H079,2025-10-01,2,Busan,Middle,2024-03-01,2024Q1,1,19,20.39,406.83
H080,2025-10-01,4,Seoul,Middle,2023-07-01,2023Q3,1,27,20.39,425.96
H081,2025-10-01,1,Daegu,Middle,2024-07-01,2024Q3,1,15,20.39,320.56
H082,2025-10-01,3,Busan,Low,2023-09-01,2023Q3,1,25,20.39,365.96
H083,2025-10-01,4,Gyeonggi,Middle,2024-11-01,2024Q4,1,11,20.39,462.19
H084,2025-10-01,4,Gyeonggi,High,,,0,,20.39,434.04
H085,2025-10-01,5,Seoul,High,2023-03-01,2023Q1,1,31,20.39,425.26
H086,2025-10-01,4,Gyeonggi,Low,2022-08-01,2022Q3,1,38,20.39,463.11
H087,2025-10-01,2,Daegu,Low,,,0,,20.39,315.58
H088,2025-10-01,3,Seoul,High,2024-02-01,2024Q1,1,20,20.39,483.38
H089,2025-10-01,4,Seoul,High,2022-04-01,2022Q2,1,42,20.39,478.81
H090,2025-10-01,1,Seoul,Middle,2024-05-01,2024Q2,1,17,20.39,396.71
H091,2025-10-01,4,Gyeonggi,Middle,,,0,,20.39,382.71
H092,2025-10-01,2,Busan,Low,2023-10-01,2023Q4,1,24,20.39,420.6
H093,2025-10-01,3,Daegu,Middle,,,0,,20.39,314.27
H094,2025-10-01,3,Seoul,Middle,2024-10-01,2024Q4,1,12,20.39,378.96
H095,2025-10-01,4,Seoul,Middle,,,0,,20.39,346.15
H096,2025-10-01,2,Daegu,High,2023-11-01,2023Q4,1,23,20.39,447.51
H097,2025-10-01,4,Daegu,Middle,,,0,,20.39,354.02
H098,2025-10-01,2,Daegu,Middle,,,0,,20.39,313.16
H099,2025-10-01,3,Busan,High,,,0,,20.39,354.62
H100,2025-10-01,2,Daegu,Middle,,,0,,20.39,292.03
H101,2025-10-01,2,Daegu,High,,,0,,20.39,357.12
H102,2025-10-01,2,Busan,Middle,,,0,,20.39,333.45
H103,2025-10-01,2,Gyeonggi,Middle,,,0,,20.39,257.44
H104,2025-10-01,3,Daegu,Middle,2023-04-01,2023Q2,1,30,20.39,446.89
H105,2025-10-01,3,Gyeonggi,Middle,,,0,,20.39,312.29
H106,2025-10-01,3,Busan,Middle,,,0,,20.39,338.78
H107,2025-10-01,2,Gyeonggi,Low,,,0,,20.39,291.32
H108,2025-10-01,4,Gyeonggi,Low,,,0,,20.39,365.09
H109,2025-10-01,2,Busan,High,2023-01-01,2023Q1,1,33,20.39,400.39
H110,2025-10-01,4,Gyeonggi,Low,,,0,,20.39,298.94
H111,2025-10-01,3,Gyeonggi,Middle,2023-08-01,2023Q3,1,26,20.39,397.92
H112,2025-10-01,3,Busan,Low,2023-02-01,2023Q1,1,32,20.39,421.65
H113,2025-10-01,4,Daegu,Middle,2024-05-01,2024Q2,1,17,20.39,434.12
H114,2025-10-01,1,Gyeonggi,Low,,,0,,20.39,233.91
H115,2025-10-01,3,Gyeonggi,High,2024-07-01,2024Q3,1,15,20.39,421.56
H116,2025-10-01,2,Seoul,Middle,,,0,,20.39,337.15
H117,2025-10-01,5,Gyeonggi,Middle,2024-02-01,2024Q1,1,20,20.39,500.6
H118,2025-10-01,2,Daegu,Middle,,,0,,20.39,298.88
H119,2025-10-01,2,Gyeonggi,Low,2022-05-01,2022Q2,1,41,20.39,379.77
H120,2025-10-01,4,Gyeonggi,Middle,,,0,,20.39,377.53
H001,2025-11-01,3,Seoul,Middle,2024-09-01,2024Q3,1,14,14.61,445.44
H002,2025-11-01,1,Daegu,Low,2022-09-01,2022Q3,1,38,14.61,378.37
H003,2025-11-01,3,Gyeonggi,Middle,,,0,,14.61,394.84
H004,2025-11-01,2,Seoul,High,2023-06-01,2023Q2,1,29,14.61,428.88
H005,2025-11-01,2,Gyeonggi,High,2023-10-01,2023Q4,1,25,14.61,454.76
H006,2025-11-01,2,Seoul,Middle,,,0,,14.61,328.36
H007,2025-11-01,5,Daegu,Low,,,0,,14.61,362.46
H008,2025-11-01,2,Gyeonggi,Middle,2022-05-01,2022Q2,1,42,14.61,448.28
H009,2025-11-01,5,Gyeonggi,High,,,0,,14.61,400.68
H010,2025-11-01,2,Busan,Low,2024-11-01,2024Q4,1,12,14.61,393.88
H011,2025-11-01,1,Gyeonggi,Middle,2024-12-01,2024Q4,1,11,14.61,407.12
H012,2025-11-01,3,Busan,High,,,0,,14.61,366.1
H013,2025-11-01,2,Seoul,High,,,0,,14.61,329.56
H014,2025-11-01,3,Busan,Low,,,0,,14.61,328.89
H015,2025-11-01,4,Daegu,Low,,,0,,14.61,342.35
H016,2025-11-01,4,Daegu,High,2022-03-01,2022Q1,1,44,14.61,516.32
H017,2025-11-01,3,Seoul,High,2024-07-01,2024Q3,1,16,14.61,477.18
H018,2025-11-01,3,Daegu,Middle,,,0,,14.61,328.68
H019,2025-11-01,3,Seoul,Middle,,,0,,14.61,380.68
H020,2025-11-01,4,Busan,Low,,,0,,14.61,371.62
H021,2025-11-01,3,Busan,High,2024-05-01,2024Q2,1,18,14.61,428.51
H022,2025-11-01,4,Gyeonggi,Low,,,0,,14.61,319.95
H023,2025-11-01,3,Seoul,Middle,2023-04-01,2023Q2,1,31,14.61,378.64
H024,2025-11-01,1,Seoul,Low,,,0,,14.61,287.79
H025,2025-11-01,1,Gyeonggi,Low,2024-07-01,2024Q3,1,16,14.61,310.19
H026,2025-11-01,5,Gyeonggi,Middle,2024-11-01,2024Q4,1,12,14.61,485.05
H027,2025-11-01,2,Daegu,Low,,,0,,14.61,252.2
H028,2025-11-01,2,Gyeonggi,Low,,,0,,14.61,308.87
H029,2025-11-01,1,Seoul,High,2024-08-01,2024Q3,1,15,14.61,412.91
H030,2025-11-01,2,Gyeonggi,Middle,,,0,,14.61,310.75
H031,2025-11-01,3,Gyeonggi,High,2023-06-01,2023Q2,1,29,14.61,459.27
H032,2025-11-01,3,Daegu,High,2024-11-01,2024Q4,1,12,14.61,439.84
H033,2025-11-01,1,Daegu,Middle,2024-08-01,2024Q3,1,15,14.61,336.21
H034,2025-11-01,1,Gyeonggi,Low,2022-08-01,2022Q3,1,39,14.61,380.38
H035,2025-11-01,4,Seoul,Low,,,0,,14.61,389.85
H036,2025-11-01,5,Gyeonggi,Low,,,0,,14.61,389.64
H037,2025-11-01,2,Daegu,High,2023-05-01,2023Q2,1,30,14.61,430.69
H038,2025-11-01,3,Daegu,Low,2022-10-01,2022Q4,1,37,14.61,357.0
H039,2025-11-01,4,Seoul,Middle,,,0,,14.61,429.51
H040,2025-11-01,4,Gyeonggi,Low,,,0,,14.61,363.15
H041,2025-11-01,4,Seoul,Middle,2024-04-01,2024Q2,1,19,14.61,466.56
H042,2025-11-01,3,Seoul,Middle,2024-10-01,2024Q4,1,13,14.61,409.84
H043,2025-11-01,3,Busan,Low,2024-11-01,2024Q4,1,12,14.61,395.25
H044,2025-11-01,2,Busan,High,,,0,,14.61,336.84
H045,2025-11-01,1,Seoul,Low,,,0,,14.61,249.15
H046,2025-11-01,4,Gyeonggi,Middle,2024-12-01,2024Q4,1,11,14.61,485.63
H047,2025-11-01,2,Seoul,Middle,2022-05-01,2022Q2,1,42,14.61,343.73
H048,2025-11-01,1,Seoul,Middle,2023-10-01,2023Q4,1,25,14.61,371.71
H049,2025-11-01,2,Busan,Low,,,0,,14.61,303.19
H050,2025-11-01,4,Seoul,Low,,,0,,14.61,361.86
H051,2025-11-01,2,Seoul,Middle,2023-09-01,2023Q3,1,26,14.61,459.69
H052,2025-11-01,4,Seoul,Low,,,0,,14.61,388.69
H053,2025-11-01,3,Gyeonggi,Middle,2022-01-01,2022Q1,1,46,14.61,444.29
H054,2025-11-01,2,Seoul,High,2022-11-01,2022Q4,1,36,14.61,405.38
H055,2025-11-01,1,Daegu,High,2022-03-01,2022Q1,1,44,14.61,420.2
H056,2025-11-01,4,Seoul,Low,,,0,,14.61,319.19
H057,2025-11-01,4,Daegu,High,2024-02-01,2024Q1,1,21,14.61,497.28
H058,2025-11-01,2,Seoul,High,2023-06-01,2023Q2,1,29,14.61,397.29
H059,2025-11-01,2,Gyeonggi,Low,2022-05-01,2022Q2,1,42,14.61,407.55
H060,2025-11-01,2,Daegu,Middle,,,0,,14.61,301.58
H061,2025-11-01,2,Seoul,Low,,,0,,14.61,337.22
H062,2025-11-01,2,Seoul,Middle,2023-07-01,2023Q3,1,28,14.61,392.28
H063,2025-11-01,3,Seoul,Middle,,,0,,14.61,346.91
H064,2025-11-01,1,Gyeonggi,Middle,2024-06-01,2024Q2,1,17,14.61,363.09
H065,2025-11-01,3,Seoul,Middle,2023-12-01,2023Q4,1,23,14.61,428.86
H066,2025-11-01,2,Gyeonggi,Low,,,0,,14.61,336.88
H067,2025-11-01,2,Gyeonggi,Middle,2023-04-01,2023Q2,1,31,14.61,366.84
H068,2025-11-01,3,Busan,Middle,,,0,,14.61,351.29
H069,2025-11-01,2,Daegu,High,,,0,,14.61,368.41
H070,2025-11-01,2,Busan,Low,,,0,,14.61,288.09
H071,2025-11-01,2,Busan,Low,2023-10-01,2023Q4,1,25,14.61,406.94
H072,2025-11-01,4,Seoul,Middle,,,0,,14.61,316.96
H073,2025-11-01,3,Daegu,Middle,2022-07-01,2022Q3,1,40,14.61,390.78
H074,2025-11-01,2,Daegu,Low,2022-08-01,2022Q3,1,39,14.61,447.46
H075,2025-11-01,1,Daegu,Middle,,,0,,14.61,328.34
H076,2025-11-01,4,Daegu,High,,,0,,14.61,427.52
H077,2025-11-01,4,Daegu,Middle,2024-08-01,2024Q3,1,15,14.61,455.16
H078,2025-11-01,3,Busan,Middle,,,0,,14.61,317.7
H079,2025-11-01,2,Busan,Middle,2024-03-01,2024Q1,1,20,14.61,437.27
H080,2025-11-01,4,Seoul,Middle,2023-07-01,2023Q3,1,28,14.61,402.62
H081,2025-11-01,1,Daegu,Middle,2024-07-01,2024Q3,1,16,14.61,340.28
H082,2025-11-01,3,Busan,Low,2023-09-01,2023Q3,1,26,14.61,348.76
H083,2025-11-01,4,Gyeonggi,Middle,2024-11-01,2024Q4,1,12,14.61,425.74
H084,2025-11-01,4,Gyeonggi,High,,,0,,14.61,450.54
H085,2025-11-01,5,Seoul,High,2023-03-01,2023Q1,1,32,14.61,472.9
H086,2025-11-01,4,Gyeonggi,Low,2022-08-01,2022Q3,1,39,14.61,418.95
H087,2025-11-01,2,Daegu,Low,,,0,,14.61,350.68
H088,2025-11-01,3,Seoul,High,2024-02-01,2024Q1,1,21,14.61,459.18
H089,2025-11-01,4,Seoul,High,2022-04-01,2022Q2,1,43,14.61,478.42
H090,2025-11-01,1,Seoul,Middle,2024-05-01,2024Q2,1,18,14.61,388.3
H091,2025-11-01,4,Gyeonggi,Middle,,,0,,14.61,383.07
H092,2025-11-01,2,Busan,Low,2023-10-01,2023Q4,1,25,14.61,360.81
H093,2025-11-01,3,Daegu,Middle,,,0,,14.61,363.44
H094,2025-11-01,3,Seoul,Middle,2024-10-01,2024Q4,1,13,14.61,403.66
H095,2025-11-01,4,Seoul,Middle,,,0,,14.61,337.01
H096,2025-11-01,2,Daegu,High,2023-11-01,2023Q4,1,24,14.61,417.6
H097,2025-11-01,4,Daegu,Middle,,,0,,14.61,318.69
H098,2025-11-01,2,Daegu,Middle,,,0,,14.61,262.09
H099,2025-11-01,3,Busan,High,,,0,,14.61,316.2
H100,2025-11-01,2,Daegu,Middle,,,0,,14.61,304.51
H101,2025-11-01,2,Daegu,High,,,0,,14.61,366.4
H102,2025-11-01,2,Busan,Middle,,,0,,14.61,333.33
H103,2025-11-01,2,Gyeonggi,Middle,,,0,,14.61,265.64
H104,2025-11-01,3,Daegu,Middle,2023-04-01,2023Q2,1,31,14.61,429.06
H105,2025-11-01,3,Gyeonggi,Middle,,,0,,14.61,281.09
H106,2025-11-01,3,Busan,Middle,,,0,,14.61,312.7
H107,2025-11-01,2,Gyeonggi,Low,,,0,,14.61,303.22
H108,2025-11-01,4,Gyeonggi,Low,,,0,,14.61,357.26
H109,2025-11-01,2,Busan,High,2023-01-01,2023Q1,1,34,14.61,436.9
H110,2025-11-01,4,Gyeonggi,Low,,,0,,14.61,354.46
H111,2025-11-01,3,Gyeonggi,Middle,2023-08-01,2023Q3,1,27,14.61,448.88
H112,2025-11-01,3,Busan,Low,2023-02-01,2023Q1,1,33,14.61,456.1
H113,2025-11-01,4,Daegu,Middle,2024-05-01,2024Q2,1,18,14.61,440.65
H114,2025-11-01,1,Gyeonggi,Low,,,0,,14.61,214.18
H115,2025-11-01,3,Gyeonggi,High,2024-07-01,2024Q3,1,16,14.61,384.82
H116,2025-11-01,2,Seoul,Middle,,,0,,14.61,343.48
H117,2025-11-01,5,Gyeonggi,Middle,2024-02-01,2024Q1,1,21,14.61,469.26
H118,2025-11-01,2,Daegu,Middle,,,0,,14.61,312.02
H119,2025-11-01,2,Gyeonggi,Low,2022-05-01,2022Q2,1,42,14.61,422.51
H120,2025-11-01,4,Gyeonggi,Middle,,,0,,14.61,415.66
H001,2025-12-01,3,Seoul,Middle,2024-09-01,2024Q3,1,15,5.31,477.32
H002,2025-12-01,1,Daegu,Low,2022-09-01,2022Q3,1,39,5.31,380.78
H003,2025-12-01,3,Gyeonggi,Middle,,,0,,5.31,345.03
H004,2025-12-01,2,Seoul,High,2023-06-01,2023Q2,1,30,5.31,415.82
H005,2025-12-01,2,Gyeonggi,High,2023-10-01,2023Q4,1,26,5.31,442.89
H006,2025-12-01,2,Seoul,Middle,,,0,,5.31,312.84
H007,2025-12-01,5,Daegu,Low,,,0,,5.31,386.35
H008,2025-12-01,2,Gyeonggi,Middle,2022-05-01,2022Q2,1,43,5.31,477.27
H009,2025-12-01,5,Gyeonggi,High,,,0,,5.31,439.11
H010,2025-12-01,2,Busan,Low,2024-11-01,2024Q4,1,13,5.31,392.48
H011,2025-12-01,1,Gyeonggi,Middle,2024-12-01,2024Q4,1,12,5.31,390.78
H012,2025-12-01,3,Busan,High,,,0,,5.31,420.28
H013,2025-12-01,2,Seoul,High,,,0,,5.31,327.32
H014,2025-12-01,3,Busan,Low,,,0,,5.31,303.68
H015,2025-12-01,4,Daegu,Low,,,0,,5.31,372.89
H016,2025-12-01,4,Daegu,High,2022-03-01,2022Q1,1,45,5.31,527.89
H017,2025-12-01,3,Seoul,High,2024-07-01,2024Q3,1,17,5.31,466.27
H018,2025-12-01,3,Daegu,Middle,,,0,,5.31,338.42
H019,2025-12-01,3,Seoul,Middle,,,0,,5.31,390.84
H020,2025-12-01,4,Busan,Low,,,0,,5.31,382.67
H021,2025-12-01,3,Busan,High,2024-05-01,2024Q2,1,19,5.31,465.6
H022,2025-12-01,4,Gyeonggi,Low,,,0,,5.31,376.92
H023,2025-12-01,3,Seoul,Middle,2023-04-01,2023Q2,1,32,5.31,442.12
H024,2025-12-01,1,Seoul,Low,,,0,,5.31,297.56
H025,2025-12-01,1,Gyeonggi,Low,2024-07-01,2024Q3,1,17,5.31,379.1
H026,2025-12-01,5,Gyeonggi,Middle,2024-11-01,2024Q4,1,13,5.31,523.43
H027,2025-12-01,2,Daegu,Low,,,0,,5.31,339.53
H028,2025-12-01,2,Gyeonggi,Low,,,0,,5.31,286.39
H029,2025-12-01,1,Seoul,High,2024-08-01,2024Q3,1,16,5.31,410.79
H030,2025-12-01,2,Gyeonggi,Middle,,,0,,5.31,328.33
H031,2025-12-01,3,Gyeonggi,High,2023-06-01,2023Q2,1,30,5.31,465.4
H032,2025-12-01,3,Daegu,High,2024-11-01,2024Q4,1,13,5.31,423.74
H033,2025-12-01,1,Daegu,Middle,2024-08-01,2024Q3,1,16,5.31,383.72
H034,2025-12-01,1,Gyeonggi,Low,2022-08-01,2022Q3,1,40,5.31,351.84
H035,2025-12-01,4,Seoul,Low,,,0,,5.31,418.13
H036,2025-12-01,5,Gyeonggi,Low,,,0,,5.31,415.26
H037,2025-12-01,2,Daegu,High,2023-05-01,2023Q2,1,31,5.31,424.57
H038,2025-12-01,3,Daegu,Low,2022-10-01,2022Q4,1,38,5.31,456.37
H039,2025-12-01,4,Seoul,Middle,,,0,,5.31,392.89
H040,2025-12-01,4,Gyeonggi,Low,,,0,,5.31,367.05
H041,2025-12-01,4,Seoul,Middle,2024-04-01,2024Q2,1,20,5.31,465.21
H042,2025-12-01,3,Seoul,Middle,2024-10-01,2024Q4,1,14,5.31,418.62
H043,2025-12-01,3,Busan,Low,2024-11-01,2024Q4,1,13,5.31,444.0
H044,2025-12-01,2,Busan,High,,,0,,5.31,311.16
H045,2025-12-01,1,Seoul,Low,,,0,,5.31,300.95
H046,2025-12-01,4,Gyeonggi,Middle,2024-12-01,2024Q4,1,12,5.31,512.92
H047,2025-12-01,2,Seoul,Middle,2022-05-01,2022Q2,1,43,5.31,327.5
H048,2025-12-01,1,Seoul,Middle,2023-10-01,2023Q4,1,26,5.31,368.15
H049,2025-12-01,2,Busan,Low,,,0,,5.31,294.62
H050,2025-12-01,4,Seoul,Low,,,0,,5.31,311.0
H051,2025-12-01,2,Seoul,Middle,2023-09-01,2023Q3,1,27,5.31,457.73
H052,2025-12-01,4,Seoul,Low,,,0,,5.31,408.59
H053,2025-12-01,3,Gyeonggi,Middle,2022-01-01,2022Q1,1,47,5.31,425.72
H054,2025-12-01,2,Seoul,High,2022-11-01,2022Q4,1,37,5.31,439.45
H055,2025-12-01,1,Daegu,High,2022-03-01,2022Q1,1,45,5.31,404.44
H056,2025-12-01,4,Seoul,Low,,,0,,5.31,263.96
H057,2025-12-01,4,Daegu,High,2024-02-01,2024Q1,1,22,5.31,500.54
H058,2025-12-01,2,Seoul,High,2023-06-01,2023Q2,1,30,5.31,394.55
H059,2025-12-01,2,Gyeonggi,Low,2022-05-01,2022Q2,1,43,5.31,393.01
H060,2025-12-01,2,Daegu,Middle,,,0,,5.31,282.15
H061,2025-12-01,2,Seoul,Low,,,0,,5.31,300.05
H062,2025-12-01,2,Seoul,Middle,2023-07-01,2023Q3,1,29,5.31,418.02
H063,2025-12-01,3,Seoul,Middle,,,0,,5.31,312.06
H064,2025-12-01,1,Gyeonggi,Middle,2024-06-01,2024Q2,1,18,5.31,404.93
H065,2025-12-01,3,Seoul,Middle,2023-12-01,2023Q4,1,24,5.31,448.41
H066,2025-12-01,2,Gyeonggi,Low,,,0,,5.31,338.86
H067,2025-12-01,2,Gyeonggi,Middle,2023-04-01,2023Q2,1,32,5.31,395.21
H068,2025-12-01,3,Busan,Middle,,,0,,5.31,370.18
H069,2025-12-01,2,Daegu,High,,,0,,5.31,373.39
H070,2025-12-01,2,Busan,Low,,,0,,5.31,297.81
H071,2025-12-01,2,Busan,Low,2023-10-01,2023Q4,1,26,5.31,358.55
H072,2025-12-01,4,Seoul,Middle,,,0,,5.31,382.67
H073,2025-12-01,3,Daegu,Middle,2022-07-01,2022Q3,1,41,5.31,386.16
H074,2025-12-01,2,Daegu,Low,2022-08-01,2022Q3,1,40,5.31,436.65
H075,2025-12-01,1,Daegu,Middle,,,0,,5.31,379.98
H076,2025-12-01,4,Daegu,High,,,0,,5.31,367.6
H077,2025-12-01,4,Daegu,Middle,2024-08-01,2024Q3,1,16,5.31,448.61
H078,2025-12-01,3,Busan,Middle,,,0,,5.31,319.0
H079,2025-12-01,2,Busan,Middle,2024-03-01,2024Q1,1,21,5.31,373.75
H080,2025-12-01,4,Seoul,Middle,2023-07-01,2023Q3,1,29,5.31,442.83
H081,2025-12-01,1,Daegu,Middle,2024-07-01,2024Q3,1,17,5.31,384.51
H082,2025-12-01,3,Busan,Low,2023-09-01,2023Q3,1,27,5.31,374.5
H083,2025-12-01,4,Gyeonggi,Middle,2024-11-01,2024Q4,1,13,5.31,490.8
H084,2025-12-01,4,Gyeonggi,High,,,0,,5.31,413.11
H085,2025-12-01,5,Seoul,High,2023-03-01,2023Q1,1,33,5.31,474.95
H086,2025-12-01,4,Gyeonggi,Low,2022-08-01,2022Q3,1,40,5.31,439.56
H087,2025-12-01,2,Daegu,Low,,,0,,5.31,314.17
H088,2025-12-01,3,Seoul,High,2024-02-01,2024Q1,1,22,5.31,460.83
H089,2025-12-01,4,Seoul,High,2022-04-01,2022Q2,1,44,5.31,535.36
H090,2025-12-01,1,Seoul,Middle,2024-05-01,2024Q2,1,19,5.31,362.08
H091,2025-12-01,4,Gyeonggi,Middle,,,0,,5.31,387.57
H092,2025-12-01,2,Busan,Low,2023-10-01,2023Q4,1,26,5.31,386.01
H093,2025-12-01,3,Daegu,Middle,,,0,,5.31,331.32
H094,2025-12-01,3,Seoul,Middle,2024-10-01,2024Q4,1,14,5.31,399.73
H095,2025-12-01,4,Seoul,Middle,,,0,,5.31,327.15
H096,2025-12-01,2,Daegu,High,2023-11-01,2023Q4,1,25,5.31,394.25
H097,2025-12-01,4,Daegu,Middle,,,0,,5.31,340.69
H098,2025-12-01,2,Daegu,Middle,,,0,,5.31,315.5
H099,2025-12-01,3,Busan,High,,,0,,5.31,406.67
H100,2025-12-01,2,Daegu,Middle,,,0,,5.31,320.46
H101,2025-12-01,2,Daegu,High,,,0,,5.31,318.98
H102,2025-12-01,2,Busan,Middle,,,0,,5.31,300.58
H103,2025-12-01,2,Gyeonggi,Middle,,,0,,5.31,277.02
H104,2025-12-01,3,Daegu,Middle,2023-04-01,2023Q2,1,32,5.31,409.56
H105,2025-12-01,3,Gyeonggi,Middle,,,0,,5.31,329.6
H106,2025-12-01,3,Busan,Middle,,,0,,5.31,355.38
H107,2025-12-01,2,Gyeonggi,Low,,,0,,5.31,311.4
H108,2025-12-01,4,Gyeonggi,Low,,,0,,5.31,364.89
H109,2025-12-01,2,Busan,High,2023-01-01,2023Q1,1,35,5.31,385.4
H110,2025-12-01,4,Gyeonggi,Low,,,0,,5.31,319.8
H111,2025-12-01,3,Gyeonggi,Middle,2023-08-01,2023Q3,1,28,5.31,447.83
H112,2025-12-01,3,Busan,Low,2023-02-01,2023Q1,1,34,5.31,410.19
H113,2025-12-01,4,Daegu,Middle,2024-05-01,2024Q2,1,19,5.31,442.47
H114,2025-12-01,1,Gyeonggi,Low,,,0,,5.31,237.39
H115,2025-12-01,3,Gyeonggi,High,2024-07-01,2024Q3,1,17,5.31,449.39
H116,2025-12-01,2,Seoul,Middle,,,0,,5.31,342.99
H117,2025-12-01,5,Gyeonggi,Middle,2024-02-01,2024Q1,1,22,5.31,456.53
H118,2025-12-01,2,Daegu,Middle,,,0,,5.31,301.61
H119,2025-12-01,2,Gyeonggi,Low,2022-05-01,2022Q2,1,43,5.31,383.27
H120,2025-12-01,4,Gyeonggi,Middle,,,0,,5.31,422.07
